;DATASET;EMISSIEJAAR;STOFCODE;STOF;CODE_EMISSIEOORZAAK;EMISSIEOORZAAK;CODE_BEDRIJF;NAAM_BEDRIJF;SBI_CODE;SBI;XCO_BEDRIJF;YCO_BEDRIJF;IDG_CODE;IDG_NAAM;EMISSIEPUNT_CODE;EMISSIEPUNT_NAAM;XCO_EMISSIEPUNT;YCO_EMISSIEPUNT;TYPE;HOOGTE;LENGTE;BREEDTE;HOEK;UITSTROOMOPENING_M2;TEMPERATUUR;UITTREEDSNELHEID;VOLUMESTROOM;WARMTEINHOUD;EMISSIE;XCO_EMISSIEPUNT_HARM;YCO_EMISSIEPUNT_HARM;XCO_BEDRIJF_HARM;YCO_BEDRIJF_HARM
0;ER Reeks 1990-2022 Definitief;2022;204;Koolstofdioxide;T102700;SBI 20.15 (per bedrijf): Vervaardiging van kunstmeststoffen en stikstofverbindingen;115186;Yara Vlaardingen BV;20150;Vervaardiging van kunstmeststoffen en stikstofverbindingen;81938;435008;pub_0303;Chemische Industrie kunstmeststoffen;37488;Spec en sub;81830;434880;P;20.0;;;;2.0;;;;0.042;232583.5;81830;434879;81938;435007
1;ER Reeks 1990-2022 Definitief;2022;204;Koolstofdioxide;T100201;SBI 10-12 (per bedrijf): Voedings- & genotmiddelenindustrie;11658;Farm Frites BV;10310;Vervaardiging van aardappelproducten;70714;426770;pub_0216;Voedings- en genotmiddelenindustrie;38888;TVW ketel;70645;426740;P;10.0;;;;0.78;130.0;4.0;3.333;0.505;19017904.0;70645;426739;70714;426769
2;ER Reeks 1990-2022 Definitief;2022;204;Koolstofdioxide;T101100;SBI 20.1 (per bedrijf): Vervaardiging van chemische basisproducten;12135;ExxonMobil Chemical Holland BV (ROP van RPI);20141;Vervaardiging van petrochemische producten;72300;438500;pub_0301;Chemische Industrie basisproducten;7999;Schoorsteen hot oil fornuis;72250;438519;P;20.0;;;;0.0;;;;0.516;3358327.0;72250;438518;72300;438499
3;ER Reeks 1990-2022 Definitief;2022;204;Koolstofdioxide;T102501;SBI 20.141 (per bedrijf): Vervaardiging van petrochemische producten;12135;ExxonMobil Chemical Holland BV (ROP van RPI);20141;Vervaardiging van petrochemische producten;72300;438500;pub_0301;Chemische Industrie basisproducten;36093;EMCHBV ROP;72320;438505;P;29.0;;;;0.0;;;;0.004;179952.0;72320;438504;72300;438499
4;ER Reeks 1990-2022 Definitief;2022;204;Koolstofdioxide;T108500;SBI 35 (per bedrijf): Productie en distributie van elektriciteit en gas;49006;RWE Generation NL B.V.;35111;Productie van elektriciteit door thermische, kern- en warmtekrachtcentrales;99234;410988;pub_0503;Opwekking electriciteit;44561;Schoorsteen STEG;99087;411093;P;65.0;;;;6.92;82.0;19.0;130.0;11.684;345786400.0;99087;411092;99234;410987
5;ER Reeks 1990-2022 Definitief;2022;204;Koolstofdioxide;T100201;SBI 10-12 (per bedrijf): Voedings- & genotmiddelenindustrie;62010;Nestle Nederland BV (Nunspeet);10860;Vervaardiging van gehomogeniseerde voedingspreparaten en dieetvoeding;182480;488580;pub_0216;Voedings- en genotmiddelenindustrie;37076;Divers, overig, diffuus;182480;488580;P;5.0;;;;;;;;0.0;1821018.0;182480;488579;182480;488579
6;ER Reeks 1990-2022 Definitief;2022;204;Koolstofdioxide;T100201;SBI 10-12 (per bedrijf): Voedings- & genotmiddelenindustrie;62010;Nestle Nederland BV (Nunspeet);10860;Vervaardiging van gehomogeniseerde voedingspreparaten en dieetvoeding;182480;488580;pub_0216;Voedings- en genotmiddelenindustrie;47064;Ingredienten (LUWA);182576;488586;P;27.0;;;;0.64;;;;0.03;483349.0;182576;488585;182480;488579
7;ER Reeks 1990-2022 Definitief;2022;204;Koolstofdioxide;T104702;SBI 24.45 (per bedrijf) Vervaardiging van overige non-ferrometalen, aluminium;43856;Sapa Profiles NL BV (Drunen);24420;Vervaardiging van aluminium;138700;411500;pub_0201;Basismetaal;38317;Homogeniseeroven IV (IN8);138700;411500;P;12.0;;;;0.28;185.0;17857.0;5000.0;0.306944444444444;803000.0;138700;411499;138700;411499
8;ER Reeks 1990-2022 Definitief;2022;204;Koolstofdioxide;T104201;SBI 38.2 (per bedrijf): Afvalinzameling/beh, AVI's;44007;SUEZ ReEnergy Roosendaal;38110;Inzameling van onschadelijk afval;89550;395830;pub_0901;AVI's;41734;Schoorsteen BAVIRO lijn 1;89550;395830;P;80.0;;;;1.8;135.0;21.0;37.5;5.922;183003500.0;89550;395829;89550;395829
9;ER Reeks 1990-2022 Definitief;2022;204;Koolstofdioxide;T108500;SBI 35 (per bedrijf): Productie en distributie van elektriciteit en gas;44008;Ennatuurlijk BV (Helmond);35140;Handel in elektriciteit en in gas via leidingen;175950;386100;pub_0503;Opwekking electriciteit;37297;STEG 1;175905;386080;P;45.0;;;;8.0;;;;9.81;16138445.0;175905;386079;175950;386099
10;ER Reeks 1990-2022 Definitief;2022;204;Koolstofdioxide;T108502;SBI 35.12 (per bedrijf): Transportnet voor aardgas;61517;Gasunie (Zweekhorst);35120;Beheer en exploitatie van transportnetten voor elektriciteit, aardgas en warm water;202845;441955;pub_0502;Olie- gaswinning land;9044;Testen No break en aggregaten;203000;442080;P;5.0;;;;1.0;283.0;0.0;0.01;0.003;1049.45426337975;203000;442079;202845;441954
11;ER Reeks 1990-2022 Definitief;2022;204;Koolstofdioxide;T108502;SBI 35.12 (per bedrijf): Transportnet voor aardgas;61517;Gasunie (Zweekhorst);35120;Beheer en exploitatie van transportnetten voor elektriciteit, aardgas en warm water;202845;441955;pub_0502;Olie- gaswinning land;35618;Divers, overig, diffuus;203000;442080;P;5.0;;;;0.0;;;;0.0;261544.54573662;203000;442079;202845;441954
12;ER Reeks 1990-2022 Definitief;2022;204;Koolstofdioxide;T102800;SBI 20.16 (per bedrijf): Vervaardiging van kunststof in primaire vorm;81202;Aliancys Nederland B.V.;20160;Vervaardiging van kunststof in primaire vorm;255180;523500;pub_0301;Chemische Industrie basisproducten;38598;Incinerator 3 Snb II;255270;522970;P;10.0;;;;0.0;250.0;64.0;21.0;6.417;817618.5559;255270;522969;255180;523499
13;ER Reeks 1990-2022 Definitief;2022;204;Koolstofdioxide;T100201;SBI 10-12 (per bedrijf): Voedings- & genotmiddelenindustrie;82002;FrieslandCampina Domo (Beilen);10510;Vervaardiging van zuivelproducten (geen consumptie-ijs);231300;541530;pub_0216;Voedings- en genotmiddelenindustrie;42346;Torens;231300;541530;P;30.0;;;;0.0;150.0;;0.769;0.136;5039910.99;231300;541529;231300;541529
14;ER Reeks 1990-2022 Definitief;2022;204;Koolstofdioxide;T102300;SBI 24.4/24.5 (per bedrijf): Basismetaalindustrie, vervaardiging van non-ferro metalen en gieten van metalen;83501;Rademakers Gieterij BV;24510;Gieten van ijzer;261750;526950;pub_0201;Basismetaal;40756;Divers, overig, diffuus;261750;526950;P;5.0;;;;;;;;0.0;892000.0;261750;526949;261750;526949
15;ER Reeks 1990-2022 Definitief;2022;204;Koolstofdioxide;T108500;SBI 35 (per bedrijf): Productie en distributie van elektriciteit en gas;24000;Nuon Power Generation BV (Hemweg);35111;Productie van elektriciteit door thermische, kern- en warmtekrachtcentrales;118246;490968;pub_0503;Opwekking electriciteit;44635;HW 09;117959;491138;P;60.0;;;;8.0;82.0;11.0;543.0;48.804;628372290.0;117959;491137;118246;490967
16;ER Reeks 1990-2022 Definitief;2022;204;Koolstofdioxide;T108400;SBI 30.1 (per bedrijf): Scheepsbouw;10921;Damen Shiprepair Rotterdam;33150;Reparatie en onderhoud van schepen;85500;435500;pub_0210;Metaalelektro;39561;verwarmingsketels werkplaats;85500;435500;P;25.0;;;;0.2;;;;3.2;817911.75;85500;435499;85500;435499
17;ER Reeks 1990-2022 Definitief;2022;204;Koolstofdioxide;T108500;SBI 35 (per bedrijf): Productie en distributie van elektriciteit en gas;10953;E.On Generations Den Haag;35111;Productie van elektriciteit door thermische, kern- en warmtekrachtcentrales;79821;454750;pub_0503;Opwekking electriciteit;40785;EDH1;79810;454745;P;84.0;;;;8.6;;;;5.9;33564000.0;79810;454744;79821;454749
18;ER Reeks 1990-2022 Definitief;2022;204;Koolstofdioxide;T108500;SBI 35 (per bedrijf): Productie en distributie van elektriciteit en gas;10953;E.On Generations Den Haag;35111;Productie van elektriciteit door thermische, kern- en warmtekrachtcentrales;79821;454750;pub_0503;Opwekking electriciteit;40786;EDH2;79815;454735;P;84.0;;;;8.6;;;;5.9;93700000.0;79815;454734;79821;454749
19;ER Reeks 1990-2022 Definitief;2022;204;Koolstofdioxide;T108500;SBI 35 (per bedrijf): Productie en distributie van elektriciteit en gas;10953;E.On Generations Den Haag;35111;Productie van elektriciteit door thermische, kern- en warmtekrachtcentrales;79821;454750;pub_0503;Opwekking electriciteit;40789;HK189 en HK198;79810;454790;P;40.0;;;;0.5;;;;0.3;307.5747;79810;454789;79821;454749
20;ER Reeks 1990-2022 Definitief;2022;204;Koolstofdioxide;T100201;SBI 10-12 (per bedrijf): Voedings- & genotmiddelenindustrie;62802;Ekro BV;10110;Slachterijen (geen pluimvee-);195066;465803;pub_0216;Voedings- en genotmiddelenindustrie;45519;Stookinstallatie;195286;465645;P;10.0;;;;0.2;185.0;11.0;2.22;0.493;1686191.0;195286;465644;195066;465802
21;ER Reeks 1990-2022 Definitief;2022;204;Koolstofdioxide;T105000;SBI 10.1 (per bedrijf): Slachterijen en vleesverwerking;62806;Vion Apeldoorn;10110;Slachterijen (geen pluimvee-);195500;465700;pub_0216;Voedings- en genotmiddelenindustrie;45116;CO2 bedwelmingsinstallatie;195534;465810;P;0.0;;;;5.0;;;;0.01;425671.0;195534;465809;195500;465699
22;ER Reeks 1990-2022 Definitief;2022;204;Koolstofdioxide;T100201;SBI 10-12 (per bedrijf): Voedings- & genotmiddelenindustrie;62812;Compaxo Vlees Zevenaar BV;10110;Slachterijen (geen pluimvee-);203400;438700;pub_0216;Voedings- en genotmiddelenindustrie;25094;schoorsteen stoomketel;203400;438700;P;12.0;;;;0.2;192.0;5.0;0.92;0.213;3783000.0;203400;438699;203400;438699
23;ER Reeks 1990-2022 Definitief;2022;204;Koolstofdioxide;T100201;SBI 10-12 (per bedrijf): Voedings- & genotmiddelenindustrie;62925;Aviko BV;10310;Vervaardiging van aardappelproducten;210103;453484;pub_0216;Voedings- en genotmiddelenindustrie;44585;ketel 1;210114;453399;P;16.0;;;;0.5;150.0;2.0;1.0;0.177;901000.0;210114;453398;210103;453483
24;ER Reeks 1990-2022 Definitief;2022;204;Koolstofdioxide;T107601;SBI 59/60/90/91/93/96 (per bedrijf): Cultuur, sport, recreatie en overige dienstverlening;38002;Stichting AL-terrein;94997;Overige belangenbehartiging n.e.g.;141390;458900;pub_1201;Energiegebruik en processen Handel, Diensten en Overheid (HDO);44557;Grote schoorsteen;141439;459064;P;63.0;;;;2.27;70.0;1.0;1.7206;0.128;5996358.0;141439;459063;141390;458899
25;ER Reeks 1990-2022 Definitief;2022;204;Koolstofdioxide;T101100;SBI 20.1 (per bedrijf): Vervaardiging van chemische basisproducten;11111;Ashland Industries Nederland B.V.;20160;Vervaardiging van kunststof in primaire vorm;102050;424450;pub_0301;Chemische Industrie basisproducten;35157;B & R;102167;424441;P;16.0;;;;0.0;250.0;;0.905;0.277;4974138.0;102167;424440;102050;424449
26;ER Reeks 1990-2022 Definitief;2022;204;Koolstofdioxide;T101100;SBI 20.1 (per bedrijf): Vervaardiging van chemische basisproducten;11111;Ashland Industries Nederland B.V.;20160;Vervaardiging van kunststof in primaire vorm;102050;424450;pub_0301;Chemische Industrie basisproducten;35159;EVW I;102158;424438;P;20.0;;;;0.0;250.0;;1.6025;0.49;6174792.0;102158;424437;102050;424449
27;ER Reeks 1990-2022 Definitief;2022;204;Koolstofdioxide;T108500;SBI 35 (per bedrijf): Productie en distributie van elektriciteit en gas;201571;Nuon HWC Westervoort;35111;Productie van elektriciteit door thermische, kern- en warmtekrachtcentrales;195956;441103;pub_0503;Opwekking electriciteit;37127;Schoorsteen;195956;441103;P;25.0;;;;6.0;103.0;0.0;1.8;0.21;1159747.0;195956;441102;195956;441102
28;ER Reeks 1990-2022 Definitief;2022;204;Koolstofdioxide;T102300;SBI 24.4/24.5 (per bedrijf): Basismetaalindustrie, vervaardiging van non-ferro metalen en gieten van metalen;63508;Nijmeegsche IJzergieterij BV;24510;Gieten van ijzer;184127;428648;pub_0201;Basismetaal;35008;Divers, overig, diffuus;184127;428648;P;5.0;;;;0.0;;;;0.0;17498.0;184127;428647;184127;428647
29;ER Reeks 1990-2022 Definitief;2022;204;Koolstofdioxide;T106200;SBI 25 (per bedrijf): Metaalproductenindustrie (exclusief machinebouw);202214;Greif Nederland BV;25910;Vervaardiging van stalen vaten en dergelijke;74652;435929;pub_0210;Metaalelektro;42143;Naverbrander_en_RTO;74652;435929;P;15.0;;;;3.2;100.0;3.0;10.6;1.198;2757340.0;74652;435928;74652;435928
30;ER Reeks 1990-2022 Definitief;2022;204;Koolstofdioxide;T101702;SBI 20.5 (per bedrijf): Overige chemische producten;41106;Intern. Flav. & Fragranc. I.F.F. BV;20530;Vervaardiging van etherische oliën;131469;399574;pub_0304;Chemische Industrie overig;41423;stoomketels;131610;399600;P;15.0;;;;0.0;;;;3.57;6832769.0;131610;399599;131469;399573
31;ER Reeks 1990-2022 Definitief;2022;204;Koolstofdioxide;T106100;SBI 22.2 (per bedrijf): Vervaardiging van producten van kunststof;41113;Synbra Technology BV;22230;Vervaardiging van kunststofproducten voor de bouw;103026;404397;pub_0213;Rubber- en kunstofverw. Industrie;44645;KPR_RTO;103025;404396;P;7.0;;;;3.61;62.9;4.0;15.523;1.015;391182.0;103025;404395;103026;404396
32;ER Reeks 1990-2022 Definitief;2022;204;Koolstofdioxide;T102501;SBI 20.141 (per bedrijf): Vervaardiging van petrochemische producten;51104;Dow Benelux BV (Hoek);20141;Vervaardiging van petrochemische producten;43193;373788;pub_0301;Chemische Industrie basisproducten;38451;FAKKEL LHC TANKPARK LE31;42507;374557;P;65.0;;;;0.3;;;;0.149;865888.9;42507;374556;43193;373787
33;ER Reeks 1990-2022 Definitief;2022;204;Koolstofdioxide;T111201;SBI 38.2 (per bedrijf): Behandeling van afval;64005;ARN B.V.;38210;Behandeling van onschadelijk afval;183067;428715;pub_0901;AVI's;37154;Divers, overig, diffuus;183067;428715;P;5.0;;;;0.0;;;;0.0;159596.0;183067;428714;183067;428714
34;ER Reeks 1990-2022 Definitief;2022;204;Koolstofdioxide;T100600;SBI 17 (per bedrijf): Vervaardiging van papier, karton en papier- en kartonwaren;64360;Parenco B.V.;17121;Vervaardiging van grafisch papier en karton;178450;442450;pub_0211;Papier(waren);34771;Wervelbedoven K62;178579;442458;P;60.0;;;;4.52;56.0;4.0;18.01;1.017;142999999.99999997;178579;442457;178450;442449
35;ER Reeks 1990-2022 Definitief;2022;204;Koolstofdioxide;T107500;SBI 45 (per bedrijf): Handel en reparatie van auto's en motorfietsen;202990;Alco Energy Rotterdam;46712;Groothandel in vloeibare en gasvormige brandstoffen;72210;438230;pub_1201;Energiegebruik en processen Handel, Diensten en Overheid (HDO);38694;Scrubber;71936;438378;P;25.0;;;;1.13;25.0;11.0;12.6;0.21;13689475.0;71936;438377;72210;438229
36;ER Reeks 1990-2022 Definitief;2022;204;Koolstofdioxide;T102201;SBI 19.201 (per bedrijf): Aardolieraffinage;202992;Biopetrol Rotterdam BV;19201;Aardolieraffinage;80191;433416;pub_0401;Raffinage en verwerking;38683;Verwarmingsketel kantoor;80191;433416;P;1.0;;;;0.01;;;;1.0;2817604.0;80191;433415;80191;433415
37;ER Reeks 1990-2022 Definitief;2022;204;Koolstofdioxide;T104201;SBI 38.2 (per bedrijf): Afvalinzameling/beh, AVI's;202999;Van Gansewinkel (Stuurboord);38110;Inzameling van onschadelijk afval;200205;570315;pub_0901;AVI's;38873;Divers, overig, diffuus;200205;570315;P;5.0;;;;;;;;0.0;720796.0;200205;570314;200205;570314
38;ER Reeks 1990-2022 Definitief;2022;204;Koolstofdioxide;T106200;SBI 25 (per bedrijf): Metaalproductenindustrie (exclusief machinebouw);203086;JAZO Zevenaar BV;25120;Vervaardiging van metalen deuren, vensters en kozijnen;201642;437257;pub_0210;Metaalelektro;37484;Divers, overig, diffuus;201642;437257;P;5.0;;;;;;;;0.0;115000.0;201642;437256;201642;437256
39;ER Reeks 1990-2022 Definitief;2022;204;Koolstofdioxide;T108500;SBI 35 (per bedrijf): Productie en distributie van elektriciteit en gas;12149;Uniper Centrale Maasvlakte;35111;Productie van elektriciteit door thermische, kern- en warmtekrachtcentrales;61481;442057;pub_0503;Opwekking electriciteit;41684;Stack GT;61410;442164;P;40.0;;;;13.53;;;;1.0;186678.172425;61410;442163;61481;442056
40;ER Reeks 1990-2022 Definitief;2022;204;Koolstofdioxide;T108500;SBI 35 (per bedrijf): Productie en distributie van elektriciteit en gas;12150;Uniper Centrale RoCa;35111;Productie van elektriciteit door thermische, kern- en warmtekrachtcentrales;98212;440895;pub_0503;Opwekking electriciteit;39459;Divers, overig, diffuus;98212;440895;P;5.0;;;;0.0;;;;0.0;12400.0;98212;440894;98212;440894
41;ER Reeks 1990-2022 Definitief;2022;204;Koolstofdioxide;T108500;SBI 35 (per bedrijf): Productie en distributie van elektriciteit en gas;12150;Uniper Centrale RoCa;35111;Productie van elektriciteit door thermische, kern- en warmtekrachtcentrales;98212;440895;pub_0503;Opwekking electriciteit;39460;HK RoCa 3;98170;440906;P;30.0;;;;0.8;200.0;2.0;1.2;0.29;203000.0;98170;440905;98212;440894
42;ER Reeks 1990-2022 Definitief;2022;204;Koolstofdioxide;T104201;SBI 38.2 (per bedrijf): Afvalinzameling/beh, AVI's;12157;Zavin C.V.;38220;Behandeling van schadelijk afval;110200;425450;pub_0901;AVI's;35478;Schoorsteen afvalverbranding;110200;425450;P;60.0;;;;0.0;180.3;11.0;4.17;0.901;14010242.0;110200;425449;110200;425449
43;ER Reeks 1990-2022 Definitief;2022;204;Koolstofdioxide;T108502;SBI 35.12 (per bedrijf): Transportnet voor aardgas;41502;Gasunie (Ravenstein);35120;Beheer en exploitatie van transportnetten voor elektriciteit, aardgas en warm water;173928;421577;pub_0502;Olie- gaswinning land;37187;3-1 RR-AVON;173928;421577;P;15.0;;;;28.27;429.0;2.0;48.43;25.931;1236005.0;173928;421576;173928;421576
44;ER Reeks 1990-2022 Definitief;2022;204;Koolstofdioxide;T102501;SBI 20.141 (per bedrijf): Vervaardiging van petrochemische producten;51104;Dow Benelux BV (Hoek);20141;Vervaardiging van petrochemische producten;43193;373788;pub_0301;Chemische Industrie basisproducten;38470;OPEN TERREIN ETHYLEEN-2;42630;374080;P;5.0;;;;0.0;;;;0.001;8581713.0;42630;374079;43193;373787
45;ER Reeks 1990-2022 Definitief;2022;204;Koolstofdioxide;T107200;SBI 41-43 (per bedrijf): Bouwnijverheid;200587;Martens Havenontvangstinst. Vlissingen BV;42111;Wegenbouw;38482;385075;pub_0802;Overig bouw;37198;stoomketel;38482;385075;P;12.0;;;;0.19;;;;0.5;54957.518925;38482;385074;38482;385074
46;ER Reeks 1990-2022 Definitief;2022;204;Koolstofdioxide;T107000;SBI 38.3 (per bedrijf): Voorbereiding tot recycling;200606;Theo Pouw Secundaire Bouwstoffen B.V.;38320;Gesorteerd materiaal voorbereiden tot recycling;251393;607100;pub_0904;Overige afvalbedrijven;37334;Schoorsteen thermische reinigingsinstallatie;250935;607160;P;44.0;;;;1.21;70.0;10.0;34.11;2.54;29918842.0;250935;607159;251393;607099
47;ER Reeks 1990-2022 Definitief;2022;204;Koolstofdioxide;T101702;SBI 20.5 (per bedrijf): Overige chemische producten;200664;Smit & Zoon BV;20590;Vervaardiging van overige chemische producten n.e.g.;152700;465019;pub_0304;Chemische Industrie overig;39467;Schoorsteen droger SD403;152700;465019;P;27.0;;;;0.79;70.0;5.0;4.16941;0.0;770644.68;152700;465018;152700;465018
48;ER Reeks 1990-2022 Definitief;2022;204;Koolstofdioxide;T102300;SBI 24.4/24.5 (per bedrijf): Basismetaalindustrie, vervaardiging van non-ferro metalen en gieten van metalen;201326;Brabant Alucast International;24530;Gieten van lichte metalen;166299;421695;pub_0201;Basismetaal;46999;Gloeiovens;166299;421695;P;12.0;;;;0.4;30.0;3.0;1.0;0.023;203241.15;166299;421694;166299;421694
49;ER Reeks 1990-2022 Definitief;2022;204;Koolstofdioxide;T108500;SBI 35 (per bedrijf): Productie en distributie van elektriciteit en gas;201386;Sloe Centrale BV (Vlissingen);35111;Productie van elektriciteit door thermische, kern- en warmtekrachtcentrales;37262;385782;pub_0503;Opwekking electriciteit;35525;Divers, overig, diffuus;37262;385782;P;5.0;;;;0.0;;;;0.0;22000.0;37262;385781;37262;385781
50;ER Reeks 1990-2022 Definitief;2022;204;Koolstofdioxide;T108500;SBI 35 (per bedrijf): Productie en distributie van elektriciteit en gas;201386;Sloe Centrale BV (Vlissingen);35111;Productie van elektriciteit door thermische, kern- en warmtekrachtcentrales;37262;385782;pub_0503;Opwekking electriciteit;35526;Hulpketel;37275;385810;P;45.0;;;;0.38;194.0;14.0;5.2;1.215;5276414.18290881;37275;385809;37262;385781
51;ER Reeks 1990-2022 Definitief;2022;204;Koolstofdioxide;T100201;SBI 10-12 (per bedrijf): Voedings- & genotmiddelenindustrie;52612;Cargill Benelux BV;10620;Vervaardiging van zetmeel en zetmeelproducten;44338;361919;pub_0216;Voedings- en genotmiddelenindustrie;38355;emissiepunt 207;44338;361919;P;6.0;;;;0.2;;;;0.001;171517.0644075;44338;361918;44338;361918
52;ER Reeks 1990-2022 Definitief;2022;204;Koolstofdioxide;T108502;SBI 35.12 (per bedrijf): Transportnet voor aardgas;71514;Gasunie Vilsteren/Ommen;35120;Beheer en exploitatie van transportnetten voor elektriciteit, aardgas en warm water;221116;501184;pub_0502;Olie- gaswinning land;38934;1-C-004 RR-AVON;221116;501184;P;13.0;;;;15.75;347.0;;32.78;14.147848;5321.0;221116;501183;221116;501183
53;ER Reeks 1990-2022 Definitief;2022;204;Koolstofdioxide;T108502;SBI 35.12 (per bedrijf): Transportnet voor aardgas;71514;Gasunie Vilsteren/Ommen;35120;Beheer en exploitatie van transportnetten voor elektriciteit, aardgas en warm water;221116;501184;pub_0502;Olie- gaswinning land;38943;2-C-013 GE-FRS3;221116;501184;P;17.0;;;;8.75;443.0;;34.87;19.401668;429937.0;221116;501183;221116;501183
54;ER Reeks 1990-2022 Definitief;2022;204;Koolstofdioxide;T108502;SBI 35.12 (per bedrijf): Transportnet voor aardgas;21528;Gasunie (Wieringermeer);35120;Beheer en exploitatie van transportnetten voor elektriciteit, aardgas en warm water;132250;530325;pub_0502;Olie- gaswinning land;35850;Res STAL-LAVAL;132281;530114;P;12.0;;;;11.0;233.0;3.0;31.56;8.956;29440.0;132281;530113;132250;530324
55;ER Reeks 1990-2022 Definitief;2022;204;Koolstofdioxide;T104706;SBI 24.45 (per bedrijf) Vervaardiging van overige non-ferrometalen, zink;43013;Nyrstar Budel BV;24430;Vervaardiging van lood, zink en tin;169900;361000;pub_0201;Basismetaal;38960;Divers, overig, diffuus;169900;361000;P;5.0;;;;0.0;;;;0.0;821454.0;169900;360999;169900;360999
56;ER Reeks 1990-2022 Definitief;2022;204;Koolstofdioxide;T100201;SBI 10-12 (per bedrijf): Voedings- & genotmiddelenindustrie;72914;Abbott Laboratories B.V.;10860;Vervaardiging van gehomogeniseerde voedingspreparaten en dieetvoeding;201500;503488;pub_0216;Voedings- en genotmiddelenindustrie;45506;Emissiepunt sprinklerpomp;201346;503555;P;4.0;;;;0.01;100.0;10.0;0.1;0.011;1554.0;201346;503554;201500;503487
57;ER Reeks 1990-2022 Definitief;2022;204;Koolstofdioxide;T101100;SBI 20.1 (per bedrijf): Vervaardiging van chemische basisproducten;10004;Lyondell Chemie Nederland BV;20141;Vervaardiging van petrochemische producten;76900;433220;pub_0301;Chemische Industrie basisproducten;35300;B-913 Proces Fornuis;76940;433280;P;25.0;;;;0.6;457.0;4.0;2.36;1.348;9295487.0;76940;433279;76900;433219
58;ER Reeks 1990-2022 Definitief;2022;204;Koolstofdioxide;T103600;SBI 20.59 (per bedrijf): Vervaardiging van overige chemische producten n.e.g.;21403;Cabot Norit Nederland B.V.;20590;Vervaardiging van overige chemische producten n.e.g.;116710;492900;pub_0304;Chemische Industrie overig;35256;AO 1+AO 3+AO 4;116644;492920;P;30.0;;;;0.5;;;;0.498;14210841.5;116644;492919;116710;492899
59;ER Reeks 1990-2022 Definitief;2022;204;Koolstofdioxide;T108500;SBI 35 (per bedrijf): Productie en distributie van elektriciteit en gas;203505;Maasstroom Energie CV;35111;Productie van elektriciteit door thermische, kern- en warmtekrachtcentrales;83747;433987;pub_0503;Opwekking electriciteit;38369;Hulpketel;83735;433934;P;37.0;;;;0.5;175.0;3.0;1.4;0.293;2750000.0;83735;433933;83747;433986
60;ER Reeks 1990-2022 Definitief;2022;204;Koolstofdioxide;T106200;SBI 25 (per bedrijf): Metaalproductenindustrie (exclusief machinebouw);203542;Galvano Hengelo BV;25610;Oppervlaktebehandeling en bekleding van metaal;249236;474213;pub_0210;Metaalelektro;45828;Emissiepunt productie;250258;479506;P;12.0;;;;2.0;20.0;6.0;12.0;0.123;151000.0;250258;479505;249236;474212
61;ER Reeks 1990-2022 Definitief;2022;204;Koolstofdioxide;T101100;SBI 20.1 (per bedrijf): Vervaardiging van chemische basisproducten;10001;Nobian Industrial Chemicals BV (Botlek);20130;Vervaardiging van overige anorganische basischemicaliën;78660;432300;pub_0301;Chemische Industrie basisproducten;39656;F-3203    EVB;78690;432090;P;30.0;;;;0.0;;;;10.0;17409067.4608695;78690;432089;78660;432299
62;ER Reeks 1990-2022 Definitief;2022;204;Koolstofdioxide;T101100;SBI 20.1 (per bedrijf): Vervaardiging van chemische basisproducten;10003;DSM Resins BV;20160;Vervaardiging van kunststof in primaire vorm;70183;442535;pub_0301;Chemische Industrie basisproducten;38955;Ten Horn Stoomketel (ketel 5);70140;442530;P;18.0;;;;0.5;;;;0.1525;188224.0;70140;442529;70183;442534
63;ER Reeks 1990-2022 Definitief;2022;204;Koolstofdioxide;T100201;SBI 10-12 (per bedrijf): Voedings- & genotmiddelenindustrie;10097;Sime Darby Unimills B.V.;10410;Vervaardiging van plantaardige en dierlijke oliën en vetten (geen margarine en andere spijsvetten);103500;424600;pub_0216;Voedings- en genotmiddelenindustrie;44677;ERA (stomer);103524;424584;P;37.0;;;;0.0;312.0;;0.16;0.062;451000.0;103524;424583;103500;424599
64;ER Reeks 1990-2022 Definitief;2022;204;Koolstofdioxide;T101100;SBI 20.1 (per bedrijf): Vervaardiging van chemische basisproducten;101105;PQ Silicas BV (Winschoten);20130;Vervaardiging van overige anorganische basischemicaliën;266100;573750;pub_0301;Chemische Industrie basisproducten;8093;Waterglasoven FU 4;266080;573750;P;35.0;;;;0.5;;;;0.33;11071888.0752;266080;573749;266100;573749
65;ER Reeks 1990-2022 Definitief;2022;204;Koolstofdioxide;T101100;SBI 20.1 (per bedrijf): Vervaardiging van chemische basisproducten;101407;Zeolyst CV;20130;Vervaardiging van overige anorganische basischemicaliën;261647;592403;pub_0301;Chemische Industrie basisproducten;42475;calciner6202;261647;592403;P;15.0;;;;0.25;;;;0.075;1262301.0;261647;592402;261647;592402
66;ER Reeks 1990-2022 Definitief;2022;204;Koolstofdioxide;T101100;SBI 20.1 (per bedrijf): Vervaardiging van chemische basisproducten;101407;Zeolyst CV;20130;Vervaardiging van overige anorganische basischemicaliën;261647;592403;pub_0301;Chemische Industrie basisproducten;42477;droger 6601;261647;592403;P;20.0;;;;0.36;;;;0.145;1043203.0;261647;592402;261647;592402
67;ER Reeks 1990-2022 Definitief;2022;204;Koolstofdioxide;T101100;SBI 20.1 (per bedrijf): Vervaardiging van chemische basisproducten;203651;DSM Advanced Polyesters Emmen BV;20160;Vervaardiging van kunststof in primaire vorm;257552;533045;pub_0301;Chemische Industrie basisproducten;37626;TOF-ketel;257552;533045;P;26.0;;;;0.07;115.0;3.0;0.208;0.028;1300000.0;257552;533044;257552;533044
68;ER Reeks 1990-2022 Definitief;2022;204;Koolstofdioxide;T100201;SBI 10-12 (per bedrijf): Voedings- & genotmiddelenindustrie;203868;De Bioderij BV;10720;Vervaardiging van beschuit en koekjes en van ander houdbaar banketbakkerswerk;110031;426433;pub_0216;Voedings- en genotmiddelenindustrie;42774;Divers, overig, diffuus;110031;426433;P;5.0;;;;;;;;0.0;404063.74455;110031;426432;110031;426432
69;ER Reeks 1990-2022 Definitief;2022;204;Koolstofdioxide;T101001;SBI 35.111 (per bedrijf): Elektriciteitsproduktie;204617;Centrale Rotterdam;35111;Productie van elektriciteit door thermische, kern- en warmtekrachtcentrales;64578;440415;pub_0503;Opwekking electriciteit;45598;schoorsteen Hoofdketel;64497;440325;P;125.0;;;;50.0;50.0;9.0;445.0;21.712;14338000.0;64497;440324;64578;440414
70;ER Reeks 1990-2022 Definitief;2022;204;Koolstofdioxide;T108500;SBI 35 (per bedrijf): Productie en distributie van elektriciteit en gas;204654;Enecogen VOF;35120;Beheer en exploitatie van transportnetten voor elektriciteit, aardgas en warm water;66120;441896;pub_0503;Opwekking electriciteit;41925;Stack Gasturbine Unit 20;65988;441687;P;55.0;;;;37.48;80.0;15.0;564.8;49.313;590636533.65;65988;441686;66120;441895
71;ER Reeks 1990-2022 Definitief;2022;204;Koolstofdioxide;T108502;SBI 35.12 (per bedrijf): Transportnet voor aardgas;101515;Gasunie (Spijk);35120;Beheer en exploitatie van transportnetten voor elektriciteit, aardgas en warm water;253587;603833;pub_0502;Olie- gaswinning land;42777;1-1 DLS-HVA16;253555;603860;P;14.0;;;;0.4;441.0;8.0;3.2;1.763;66748.0;253555;603859;253587;603832
72;ER Reeks 1990-2022 Definitief;2022;204;Koolstofdioxide;T108502;SBI 35.12 (per bedrijf): Transportnet voor aardgas;101515;Gasunie (Spijk);35120;Beheer en exploitatie van transportnetten voor elektriciteit, aardgas en warm water;253587;603833;pub_0502;Olie- gaswinning land;42784;3-3 SOLAR;253520;603826;P;9.0;;;;0.95;426.0;;9.78;5.225454;42196.0;253520;603825;253587;603832
73;ER Reeks 1990-2022 Definitief;2022;204;Koolstofdioxide;T101100;SBI 20.1 (per bedrijf): Vervaardiging van chemische basisproducten;10079;Chemours Netherlands BV;20160;Vervaardiging van kunststof in primaire vorm;109500;425710;pub_0301;Chemische Industrie basisproducten;44628;Thermal Converter FL29;109665;425908;P;46.0;;;;0.07;;;;0.001;1554384.181425;109665;425907;109500;425709
74;ER Reeks 1990-2022 Definitief;2022;204;Koolstofdioxide;T137300;SBI 26/27 (per bedrijf): Elektrotechnische industrie;10089;Prysmian Netherlands B.V.;27320;Vervaardiging van overige elektrische en elektronische kabel;84750;445750;pub_0210;Metaalelektro;36850;Divers, overig, diffuus;84750;445750;P;5.0;;;;;;;;0.0;128872.0;84750;445749;84750;445749
75;ER Reeks 1990-2022 Definitief;2022;204;Koolstofdioxide;T100201;SBI 10-12 (per bedrijf): Voedings- & genotmiddelenindustrie;10048;Compaxo Fijne Vleeswaren BV;10130;Vleesverwerking (niet tot maaltijden);107911;445904;pub_0216;Voedings- en genotmiddelenindustrie;36937;stookinstallaties inrichting;107911;445904;P;12.0;;;;0.28;50.0;8.0;2.27;0.111;3930000.0;107911;445903;107911;445903
76;ER Reeks 1990-2022 Definitief;2022;204;Koolstofdioxide;T102201;SBI 19.201 (per bedrijf): Aardolieraffinage;10057;Shell Nederland Raffinaderij BV;19201;Aardolieraffinage;82574;432924;pub_0401;Raffinage en verwerking;42206;GT-5;82530;433052;P;60.0;;;;2.14;125.0;20.0;43.53;6.316;438980188.0;82530;433051;82574;432923
77;ER Reeks 1990-2022 Definitief;2022;204;Koolstofdioxide;T102201;SBI 19.201 (per bedrijf): Aardolieraffinage;10057;Shell Nederland Raffinaderij BV;19201;Aardolieraffinage;82574;432924;pub_0401;Raffinage en verwerking;42210;HDS-3;82830;432370;P;75.0;;;;0.95;191.0;1.0;1.4;0.322;9047193.0;82830;432369;82574;432923
78;ER Reeks 1990-2022 Definitief;2022;204;Koolstofdioxide;T106100;SBI 22.2 (per bedrijf): Vervaardiging van producten van kunststof;24605;Forbo Flooring BV;22230;Vervaardiging van kunststofproducten voor de bouw;112868;500232;pub_0213;Rubber- en kunstofverw. Industrie;42911;Heetwaterketel;113044;500541;P;15.0;;;;1.1;;;;0.13;1579661.0;113044;500540;112868;500231
79;ER Reeks 1990-2022 Definitief;2022;204;Koolstofdioxide;T100300;SBI 13/14 (per bedrijf): Vervaardiging van textiel en kleding;44162;Vlisco Helmond BV;13300;Textielveredeling;173650;387400;pub_0215;Textiel- en tapijtindustrie;36340;Drogen| spanraam 19;173650;387400;P;25.0;;;;0.0;80.0;;3.0;0.2535;299066.0;173650;387399;173650;387399
80;ER Reeks 1990-2022 Definitief;2022;204;Koolstofdioxide;T104201;SBI 38.2 (per bedrijf): Afvalinzameling/beh, AVI's;85002;Attero Noord BV;38210;Behandeling van onschadelijk afval;231073;534370;pub_0901;AVI's;36086;Afvalverbranding met energieopwekking (GAVI);231070;534360;P;80.0;;;;3.0;;;;11.924;593577000.0;231070;534359;231073;534369
81;ER Reeks 1990-2022 Definitief;2022;204;Koolstofdioxide;T101100;SBI 20.1 (per bedrijf): Vervaardiging van chemische basisproducten;85003;DSM Engineering Plastics (Emmen) BV;20160;Vervaardiging van kunststof in primaire vorm;257552;533045;pub_0301;Chemische Industrie basisproducten;37620;HTM-unit lijn3;257552;533045;P;40.0;;;;0.3;147.0;1.0;0.32;0.055;1750000.0;257552;533044;257552;533044
82;ER Reeks 1990-2022 Definitief;2022;204;Koolstofdioxide;T106100;SBI 22.2 (per bedrijf): Vervaardiging van producten van kunststof;24605;Forbo Flooring BV;22230;Vervaardiging van kunststofproducten voor de bouw;112868;500232;pub_0213;Rubber- en kunstofverw. Industrie;45655;ep  B4-1-1;113158;500674;P;22.0;;;;0.26;26.0;8.0;2.2;0.04;79167.68;113158;500673;112868;500231
83;ER Reeks 1990-2022 Definitief;2022;204;Koolstofdioxide;T106100;SBI 22.2 (per bedrijf): Vervaardiging van producten van kunststof;24605;Forbo Flooring BV;22230;Vervaardiging van kunststofproducten voor de bouw;112868;500232;pub_0213;Rubber- en kunstofverw. Industrie;45666;ep  N16-0-1;112992;500721;P;25.0;;;;1.21;97.0;7.0;8.9;0.971;98959.6;112992;500720;112868;500231
84;ER Reeks 1990-2022 Definitief;2022;204;Koolstofdioxide;T102201;SBI 19.201 (per bedrijf): Aardolieraffinage;10061;Esso Nederland BV (Raffinaderij Rotterdam);19201;Aardolieraffinage;79871;432082;pub_0401;Raffinage en verwerking;8854;Flares;79452;432265;P;100.0;;;;0.0;;;;0.001;16768637.0;79452;432264;79871;432081
85;ER Reeks 1990-2022 Definitief;2022;204;Koolstofdioxide;T102201;SBI 19.201 (per bedrijf): Aardolieraffinage;10061;Esso Nederland BV (Raffinaderij Rotterdam);19201;Aardolieraffinage;79871;432082;pub_0401;Raffinage en verwerking;8870;Overige diffuse KWS-emissies;80260;432673;O;5.0;3480.0;1800.0;90.0;6264000.0;;;;0.001;84527977.0;80260;432672;79871;432081
86;ER Reeks 1990-2022 Definitief;2022;204;Koolstofdioxide;T101100;SBI 20.1 (per bedrijf): Vervaardiging van chemische basisproducten;10698;Croda;20149;Vervaardiging van organische basischemicaliën (geen petrochemische producten);108400;446500;pub_0301;Chemische Industrie basisproducten;38701;769 HTO-oven;108358;446357;P;20.0;;;;0.126;108.0;1.0;0.15;0.018;206256.47300973;108358;446356;108400;446499
87;ER Reeks 1990-2022 Definitief;2022;204;Koolstofdioxide;T101100;SBI 20.1 (per bedrijf): Vervaardiging van chemische basisproducten;10698;Croda;20149;Vervaardiging van organische basischemicaliën (geen petrochemische producten);108400;446500;pub_0301;Chemische Industrie basisproducten;38706;Back-up ketel 30 (K30);108548;446539;P;15.0;;;;0.636;211.0;2.0;1.5;0.383;551873.1942801;108548;446538;108400;446499
88;ER Reeks 1990-2022 Definitief;2022;204;Koolstofdioxide;T101100;SBI 20.1 (per bedrijf): Vervaardiging van chemische basisproducten;10698;Croda;20149;Vervaardiging van organische basischemicaliën (geen petrochemische producten);108400;446500;pub_0301;Chemische Industrie basisproducten;45986;Verwarming lab;108335;446536;P;13.0;;;;0.03;120.0;1.0;0.02;0.003;14638.0;108335;446535;108400;446499
89;ER Reeks 1990-2022 Definitief;2022;204;Koolstofdioxide;T101100;SBI 20.1 (per bedrijf): Vervaardiging van chemische basisproducten;10698;Croda;20149;Vervaardiging van organische basischemicaliën (geen petrochemische producten);108400;446500;pub_0301;Chemische Industrie basisproducten;46797;Stoomketel 10 (K10);108577;446548;P;25.0;;;;1539.0;85.0;5.0;7.64;0.716;25149566.972930916;108577;446547;108400;446499
90;ER Reeks 1990-2022 Definitief;2022;204;Koolstofdioxide;T100201;SBI 10-12 (per bedrijf): Voedings- & genotmiddelenindustrie;22201;Olam Cocoa BV;10821;Verwerking van cacao;115668;498195;pub_0216;Voedings- en genotmiddelenindustrie;37337;schoorsteen ketelhuis gasturbine;115670;498230;P;28.0;;;;1.6;120.0;2.0;2.595;0.36;2083486.0;115670;498229;115668;498194
91;ER Reeks 1990-2022 Definitief;2022;204;Koolstofdioxide;T108500;SBI 35 (per bedrijf): Productie en distributie van elektriciteit en gas;94003;GDF SUEZ Centrale Bergum;35111;Productie van elektriciteit door thermische, kern- en warmtekrachtcentrales;197930;580516;pub_0503;Opwekking electriciteit;44620;BG22;197930;580541;P;48.0;;;;13.0;560.0;23.0;296.0;6.0;806047.0;197930;580540;197930;580515
92;ER Reeks 1990-2022 Definitief;2022;204;Koolstofdioxide;T102202;SBI 24.1-24.3 (per bedrijf): Basismetaalindustrie, verwerking en vervaardiging ijzer en staal;23301;Tata Steel IJmuiden BV;24100;Vervaardiging van ijzer en staal en van ferrolegeringen;100985;499055;pub_0201;Basismetaal;44802;ENB02;100947;499410;P;58.0;;;;4.15265;;;;9.2;213293711.61391738;100947;499409;100985;499054
93;ER Reeks 1990-2022 Definitief;2022;204;Koolstofdioxide;T102102;SBI 23 (per bedrijf): Bouwmaterialen- en glasindustrie;10723;O-I Manufacturing Netherlands BV (Leerdam);23130;Vervaardiging van holglas;134256;433341;pub_0203;Bouwmaterialenindustrie;35127;SCHOORSTEEN GLASOVEN L 4;134200;433400;P;36.0;;;;1.0;;;;1.0;15102650.94225;134200;433399;134256;433340
94;ER Reeks 1990-2022 Definitief;2022;204;Koolstofdioxide;T100201;SBI 10-12 (per bedrijf): Voedings- & genotmiddelenindustrie;10728;Cargill B.V.;10410;Vervaardiging van plantaardige en dierlijke oliën en vetten (geen margarine en andere spijsvetten);78989;433152;pub_0216;Voedings- en genotmiddelenindustrie;42526;Schoorsteen stoomketel F-113;78003;434125;P;10.0;;;;0.45;;;;12.5;15360961.0;78003;434124;78989;433151
95;ER Reeks 1990-2022 Definitief;2022;204;Koolstofdioxide;T100201;SBI 10-12 (per bedrijf): Voedings- & genotmiddelenindustrie;102504;Rixona BV (Warffum);10310;Vervaardiging van aardappelproducten;230757;601513;pub_0216;Voedings- en genotmiddelenindustrie;46209;Affakkel installatie biogas;230888;601618;P;7.0;;;;0.0285;;;;0.019;98020.41118;230888;601617;230757;601512
96;ER Reeks 1990-2022 Definitief;2022;204;Koolstofdioxide;T100201;SBI 10-12 (per bedrijf): Voedings- & genotmiddelenindustrie;102504;Rixona BV (Warffum);10310;Vervaardiging van aardappelproducten;230757;601513;pub_0216;Voedings- en genotmiddelenindustrie;46211;Lijn Z;230789;601564;P;16.0;;;;8.4;;;;0.15;3360000.0;230789;601563;230757;601512
97;ER Reeks 1990-2022 Definitief;2022;204;Koolstofdioxide;T104201;SBI 38.2 (per bedrijf): Afvalinzameling/beh, AVI's;28085;Afval Energie Bedrijf (Amsterdam);38210;Behandeling van onschadelijk afval;114552;490378;pub_0901;AVI's;43108;Productielijn 35 & 36;114450;490500;P;100.0;;;;12.32;65.84;4.0;46.3;3.201;507122347.0;114450;490499;114552;490377
98;ER Reeks 1990-2022 Definitief;2022;204;Koolstofdioxide;T101100;SBI 20.1 (per bedrijf): Vervaardiging van chemische basisproducten;28094;Linde Gas Benelux BV;20110;Vervaardiging van industriële gassen;101802;499926;pub_0301;Chemische Industrie basisproducten;43046;schoorsteen SMR;101802;499926;P;20.0;;;;0.1;;;;0.13;3445761.0;101802;499925;101802;499925
99;ER Reeks 1990-2022 Definitief;2022;204;Koolstofdioxide;T102202;SBI 24.1-24.3 (per bedrijf): Basismetaalindustrie, verwerking en vervaardiging ijzer en staal;3004;Nedri Spanstaal BV;24340;Koudtrekken van draad;207530;377350;pub_0201;Basismetaal;37202;Schoorsteen stoomketel;207530;377350;P;8.0;;;;0.2;;;;0.021;1273384.29315;207530;377349;207530;377349
100;ER Reeks 1990-2022 Definitief;2022;204;Koolstofdioxide;T106200;SBI 25 (per bedrijf): Metaalproductenindustrie (exclusief machinebouw);3068;Coatinc Mook B.V.;25610;Oppervlaktebehandeling en bekleding van metaal;189010;419400;pub_0210;Metaalelektro;43041;verzinkinstallatie;189010;419400;P;14.0;;;;0.45;590.0;18.0;8.0;0.236;1607128.0;189010;419399;189010;419399
101;ER Reeks 1990-2022 Definitief;2022;204;Koolstofdioxide;T104300;SBI 23.32 (per bedrijf): Vervaardiging van bakstenen en dakpannen;4709;Kleiwarenfabriek Joosten Kessel BV;23320;Vervaardiging van keramische producten voor de bouw (geen tegels en plavuizen);198620;364930;pub_0203;Bouwmaterialenindustrie;36525;schoorsteen tunneloven;198620;364930;P;40.0;;;;1.0;190.0;7.0;7.41;1.694;664367.060600001;198620;364929;198620;364929
102;ER Reeks 1990-2022 Definitief;2022;204;Koolstofdioxide;T104501;SBI 23.9 (per bedrijf): Vervaardiging van overige niet-metaalhoudende minerale producten;4753;Rockwool B.V.;23990;Vervaardiging van niet-metaalhoudende minerale producten (geen schuur-, slijp- en polijstmiddelen);200915;353671;pub_0203;Bouwmaterialenindustrie;35001;Divers, overig, diffuus;200915;353671;P;5.0;;;;0.0;;;;0.0;14035857.402374;200915;353670;200915;353670
103;ER Reeks 1990-2022 Definitief;2022;204;Koolstofdioxide;T101702;SBI 20.5 (per bedrijf): Overige chemische producten;48018;FUJIFILM Manufacturing Europe BV;20590;Vervaardiging van overige chemische producten n.e.g.;129000;401000;pub_0304;Chemische Industrie overig;38389;Afvoer WKK/ gasturbine;129690;400790;P;20.0;;;;3.69;;;;4.7;1.8;129690;400789;129000;400999
104;ER Reeks 1990-2022 Definitief;2022;204;Koolstofdioxide;T103600;SBI 20.59 (per bedrijf): Vervaardiging van overige chemische producten n.e.g.;48018;FUJIFILM Manufacturing Europe BV;20590;Vervaardiging van overige chemische producten n.e.g.;129000;401000;pub_0304;Chemische Industrie overig;38390;Productie van fotopapier P1;129680;400780;P;15.0;;;;0.0;149.9;;2.52;0.446;699154.0;129680;400779;129000;400999
105;ER Reeks 1990-2022 Definitief;2022;204;Koolstofdioxide;T102102;SBI 23 (per bedrijf): Bouwmaterialen- en glasindustrie;44772;Ardagh Glass Dongen BV;23130;Vervaardiging van holglas;127823;402831;pub_0203;Bouwmaterialenindustrie;41724;Divers, overig, diffuus;127823;402831;P;12.0;;;;0.0;;;;0.0;7494814.000000001;127823;402830;127823;402830
106;ER Reeks 1990-2022 Definitief;2022;204;Koolstofdioxide;T100201;SBI 10-12 (per bedrijf): Voedings- & genotmiddelenindustrie;92030;FrieslandCampina Workum;10510;Vervaardiging van zuivelproducten (geen consumptie-ijs);159600;554080;pub_0216;Voedings- en genotmiddelenindustrie;35500;Divers, overig, diffuus;159600;554080;P;5.0;;;;0.0;;;;0.0;2744961.0;159600;554079;159600;554079
107;ER Reeks 1990-2022 Definitief;2022;204;Koolstofdioxide;T100201;SBI 10-12 (per bedrijf): Voedings- & genotmiddelenindustrie;92030;FrieslandCampina Workum;10510;Vervaardiging van zuivelproducten (geen consumptie-ijs);159600;554080;pub_0216;Voedings- en genotmiddelenindustrie;35501;Ketel 1;159600;554080;P;20.0;;;;0.0;;;;13.54;11048663.0;159600;554079;159600;554079
108;ER Reeks 1990-2022 Definitief;2022;204;Koolstofdioxide;T107000;SBI 38.3 (per bedrijf): Voorbereiding tot recycling;92615;Sonac Burgum BV;38320;Gesorteerd materiaal voorbereiden tot recycling;195412;577315;pub_0904;Overige afvalbedrijven;42371;Ketelhuis;195472;577398;P;40.0;;;;0.7;;;;6.42;45199000.0;195472;577397;195412;577314
109;ER Reeks 1990-2022 Definitief;2022;204;Koolstofdioxide;T100600;SBI 17 (per bedrijf): Vervaardiging van papier, karton en papier- en kartonwaren;104307;Solidus Solutions (Bad Nieuweschans);17121;Vervaardiging van grafisch papier en karton;276380;578810;pub_0211;Papier(waren);42742;Schoorsteen gasturbine/afgassenketel 3;276380;578810;P;15.0;;;;1.0;;;;15.0;14186633.0;276380;578809;276380;578809
110;ER Reeks 1990-2022 Definitief;2022;204;Koolstofdioxide;T106100;SBI 22.2 (per bedrijf): Vervaardiging van producten van kunststof;104611;Schur Flexible Benelux BV;22220;Vervaardiging van verpakkingsmiddelen van kunststof;222100;575550;pub_0213;Rubber- en kunstofverw. Industrie;46824;3 CV-ketels Zernikelaan;220931;577639;P;10.0;;;;0.004455;;;;1.593;278999.115526616;220931;577638;222100;575549
111;ER Reeks 1990-2022 Definitief;2022;204;Koolstofdioxide;T106100;SBI 22.2 (per bedrijf): Vervaardiging van producten van kunststof;104611;Schur Flexible Benelux BV;22220;Vervaardiging van verpakkingsmiddelen van kunststof;222100;575550;pub_0213;Rubber- en kunstofverw. Industrie;46832;Verwarmingstoestel Kapteynlaan;220715;577402;P;8.0;;;;0.005024;;;;0.051;11257.8571685574;220715;577401;222100;575549
112;ER Reeks 1990-2022 Definitief;2022;204;Koolstofdioxide;T102102;SBI 23 (per bedrijf): Bouwmaterialen- en glasindustrie;104756;Steenindustrie Strating BV;23320;Vervaardiging van keramische producten voor de bouw (geen tegels en plavuizen);262250;568350;pub_0203;Bouwmaterialenindustrie;43266;Schoorsteen;262250;568350;P;50.0;;;;2.0;160.0;1.0;2.34;0.445;4914546.74877;262250;568349;262250;568349
113;ER Reeks 1990-2022 Definitief;2022;204;Koolstofdioxide;T105300;SBI 10.5 (per bedrijf): Zuivelindustrie;10546;Bel Leerdammer BV (Schoonrewoerd);10510;Vervaardiging van zuivelproducten (geen consumptie-ijs);136450;437100;pub_0216;Voedings- en genotmiddelenindustrie;36402;Divers, overig, diffuus;136450;437100;P;5.0;;;;0.0;;;;0.0;674122.0;136450;437099;136450;437099
114;ER Reeks 1990-2022 Definitief;2022;204;Koolstofdioxide;T100600;SBI 17 (per bedrijf): Vervaardiging van papier, karton en papier- en kartonwaren;48024;SCA Tissue Nederland BV;17220;Vervaardiging van huishoudelijke en sanitaire papierwaren;187500;418200;pub_0211;Papier(waren);39452;Divers, overig, diffuus;187500;418200;P;5.0;;;;0.0;;;;0.0;9603.017;187500;418199;187500;418199
115;ER Reeks 1990-2022 Definitief;2022;204;Koolstofdioxide;T101100;SBI 20.1 (per bedrijf): Vervaardiging van chemische basisproducten;5729;Celanese Emulsions BV;20160;Vervaardiging van kunststof in primaire vorm;183891;329309;pub_0301;Chemische Industrie basisproducten;35516;Afvoer incinerator;183880;329350;P;30.0;;;;0.0;;;;0.13;1167488.0;183880;329349;183891;329308
116;ER Reeks 1990-2022 Definitief;2022;204;Koolstofdioxide;T100600;SBI 17 (per bedrijf): Vervaardiging van papier, karton en papier- en kartonwaren;5740;WEPA Nederland B.V.;17220;Vervaardiging van huishoudelijke en sanitaire papierwaren;199937;360577;pub_0211;Papier(waren);45496;Bijstookketel;199885;360519;P;8.0;;;;0.3;90.0;2.0;0.6;0.06;41700.0;199885;360518;199937;360576
117;ER Reeks 1990-2022 Definitief;2022;204;Koolstofdioxide;T100201;SBI 10-12 (per bedrijf): Voedings- & genotmiddelenindustrie;10687;DSM Delft Permit BV;10890;Vervaardiging van overige voedingsmiddelen n.e.g.;83500;448300;pub_0216;Voedings- en genotmiddelenindustrie;38395;Gasturbine GT8 met bijgestookte afgas(stoom)ketel K34 (bouwjaar 1986);83710;448210;P;49.0;;;;1.24;;;;5.0;17180748.0;83710;448209;83500;448299
118;ER Reeks 1990-2022 Definitief;2022;204;Koolstofdioxide;T101100;SBI 20.1 (per bedrijf): Vervaardiging van chemische basisproducten;115036;Lyondell Chemie Nederland B.V.;20141;Vervaardiging van petrochemische producten;61001;443044;pub_0301;Chemische Industrie basisproducten;38571;F-10950B (catalytic converter);60808;443098;P;25.0;;;;3.1;108.0;3.0;9.9;1.22;992003.4508;60808;443097;61001;443043
119;ER Reeks 1990-2022 Definitief;2022;204;Koolstofdioxide;T106100;SBI 22.2 (per bedrijf): Vervaardiging van producten van kunststof;115066;Trespa International BV;22210;Vervaardiging van platen, folie, buizen en profielen van kunststof;173461;361310;pub_0213;Rubber- en kunstofverw. Industrie;36387;Divers, overig, diffuus;173461;361310;P;5.0;;;;0.0;;;;0.0;1070000.0;173461;361309;173461;361309
120;ER Reeks 1990-2022 Definitief;2022;204;Koolstofdioxide;T107600;SBI 01 (per bedrijf): Landbouw, jacht en dienstverlening voor de landbouw en jacht;115072;Seasun BV;1132;Teelt van groenten onder glas;55135;386645;pub_0105;Landbouwbedrijven;36710;WKK Motoren;55135;386645;P;10.0;;;;0.13;32.0;50.0;6.505;0.167;20398111.0;55135;386644;55135;386644
121;ER Reeks 1990-2022 Definitief;2022;204;Koolstofdioxide;T106200;SBI 25 (per bedrijf): Metaalproductenindustrie (exclusief machinebouw);43210;AHC Benelux B.V.;25610;Oppervlaktebehandeling en bekleding van metaal;158280;382800;pub_0210;Metaalelektro;46781;Lucht inblaas verwarmer Concord 3;158280;382800;P;0.0;;;;6.48;;;;0.001;67015.98;158280;382799;158280;382799
122;ER Reeks 1990-2022 Definitief;2022;204;Koolstofdioxide;T106600;SBI 29 (per bedrijf): Auto-industrie;43403;DAF Trucks N.V.;29100;Vervaardiging van auto's;164080;382500;pub_0210;Metaalelektro;36150;Schoorsteen ketelhuis;164350;382310;P;13.0;;;;4.5;104.0;1.0;4.7;0.555;8928706.0;164350;382309;164080;382499
123;ER Reeks 1990-2022 Definitief;2022;204;Koolstofdioxide;T100600;SBI 17 (per bedrijf): Vervaardiging van papier, karton en papier- en kartonwaren;60;Sappi Maastricht BV;17121;Vervaardiging van grafisch papier en karton;176620;318700;pub_0211;Papier(waren);41898;Schoorsteen Ketel 9;176620;318700;P;35.0;;;;0.38;;;;0.001;16.1;176620;318699;176620;318699
124;ER Reeks 1990-2022 Definitief;2022;204;Koolstofdioxide;T103000;SBI 20.3 (per bedrijf): Vervaardiging van verf, lak, vernis, inkt en mastiek;61213;PPG Coatings;20300;Vervaardiging van verf, vernis e.d., drukinkt en mastiek;156750;432750;pub_0304;Chemische Industrie overig;38997;Incinerator;156750;432750;P;21.0;;;;0.15;244.0;0.0;0.01008;0.003;539999.0;156750;432749;156750;432749
125;ER Reeks 1990-2022 Definitief;2022;204;Koolstofdioxide;T100201;SBI 10-12 (per bedrijf): Voedings- & genotmiddelenindustrie;61411;Sonac Vuren BV;10410;Vervaardiging van plantaardige en dierlijke oliën en vetten (geen margarine en andere spijsvetten);134570;427150;pub_0216;Voedings- en genotmiddelenindustrie;37394;Ketelhuis;134570;427150;P;30.0;;;;0.0;217.0;;6.5;1.711;23317690.0;134570;427149;134570;427149
126;ER Reeks 1990-2022 Definitief;2022;204;Koolstofdioxide;T100201;SBI 10-12 (per bedrijf): Voedings- & genotmiddelenindustrie;81104;DOC Kaas (Zuivelfabriek);10510;Vervaardiging van zuivelproducten (geen consumptie-ijs);228600;525100;pub_0216;Voedings- en genotmiddelenindustrie;41660;Stoomketel 1;228142;526106;P;18.0;;;;0.77;;;;0.218;280592.0;228142;526105;228600;525099
127;ER Reeks 1990-2022 Definitief;2022;204;Koolstofdioxide;T100201;SBI 10-12 (per bedrijf): Voedings- & genotmiddelenindustrie;56102;Lamb Weston / Meijer Potatoes;10310;Vervaardiging van aardappelproducten;61150;386950;pub_0216;Voedings- en genotmiddelenindustrie;48012;Stoomketel 8;60979;386964;P;13.0;;;;1.13;;;;0.38;5920000.0;60979;386963;61150;386949
128;ER Reeks 1990-2022 Definitief;2022;204;Koolstofdioxide;T101702;SBI 20.5 (per bedrijf): Overige chemische producten;76019;BYK Netherlands B.V.;20590;Vervaardiging van overige chemische producten n.e.g.;210675;472957;pub_0304;Chemische Industrie overig;57940;CV - Ketels;210772;472868;P;8.0;;;;0.02;;;;0.2;32936.95863;210772;472867;210675;472956
129;ER Reeks 1990-2022 Definitief;2022;204;Koolstofdioxide;T100201;SBI 10-12 (per bedrijf): Voedings- & genotmiddelenindustrie;102302;Suiker Unie Vierverlaten;10810;Vervaardiging van suiker;229011;581366;pub_0216;Voedings- en genotmiddelenindustrie;57921;Kalkoven ontluchting;228999;581420;P;40.0;;;;252.0;30.0;0.0;2.5;0.058;15121076.99999997;228999;581419;229011;581365
130;ER Reeks 1990-2022 Definitief;2022;204;Koolstofdioxide;T107000;SBI 38.3 (per bedrijf): Voorbereiding tot recycling;114814;Recycling Kombinatie Bouw- en Sloopafval Rotterdam;38320;Gesorteerd materiaal voorbereiden tot recycling;82415;433874;pub_0904;Overige afvalbedrijven;57180;Schoorsteen TR2;82129;433728;P;40.0;;;;3.8;63.98;14.0;52.13;3.479;41541967.0;82129;433727;82415;433873
131;ER Reeks 1990-2022 Definitief;2022;204;Koolstofdioxide;T101702;SBI 20.5 (per bedrijf): Overige chemische producten;205709;UCO Kampen BV;20590;Vervaardiging van overige chemische producten n.e.g.;188175;509752;pub_0304;Chemische Industrie overig;56832;Schoorsteen stoomketel groot;188175;509752;P;8.0;;;;0.2;220.0;0.0;0.05;0.013;1611999.0;188175;509751;188175;509751
132;ER Reeks 1990-2022 Definitief;2022;204;Koolstofdioxide;T100201;SBI 10-12 (per bedrijf): Voedings- & genotmiddelenindustrie;42310;Suiker Unie (Dinteloord);10810;Vervaardiging van suiker;89012;403688;pub_0216;Voedings- en genotmiddelenindustrie;34987;Schoorsteen ketel 27;88900;403850;P;40.0;;;;180.0;120.0;9.0;23.1;3.203;42151639.84813507;88900;403849;89012;403687
133;ER Reeks 1990-2022 Definitief;2022;204;Koolstofdioxide;T102700;SBI 20.15 (per bedrijf): Vervaardiging van kunstmeststoffen en stikstofverbindingen;51105;YARA Sluiskil BV;20150;Vervaardiging van kunstmeststoffen en stikstofverbindingen;47750;366500;pub_0303;Chemische Industrie kunstmeststoffen;39676;Centrale 3 (Ketel 8 en Machine 7);47750;366500;P;40.0;;;;11.34;150.0;10.0;111.11;19.688;138170781.0;47750;366499;47750;366499
134;ER Reeks 1990-2022 Definitief;2022;204;Koolstofdioxide;T106200;SBI 25 (per bedrijf): Metaalproductenindustrie (exclusief machinebouw);200188;Kriek Lakspuit- en Moffelinrichting BV;25610;Oppervlaktebehandeling en bekleding van metaal;103924;460682;pub_0210;Metaalelektro;37226;Droogstoof voorbehandeling;103924;460682;P;9.0;;;;0.05655;;;;0.007;45400.0;103924;460681;103924;460681
135;ER Reeks 1990-2022 Definitief;2022;204;Koolstofdioxide;T102102;SBI 23 (per bedrijf): Bouwmaterialen- en glasindustrie;200228;Gouda Refractories BV;23200;Vervaardiging van vuurvaste keramische producten;107135;447577;pub_0203;Bouwmaterialenindustrie;45919;Schoorsteen tunneloven 3;106990;447339;P;30.0;;;;0.44;220.0;7.0;3.1;0.828;4312386.84585;106990;447338;107135;447576
136;ER Reeks 1990-2022 Definitief;2022;204;Koolstofdioxide;T102102;SBI 23 (per bedrijf): Bouwmaterialen- en glasindustrie;200287;Steenfabriek Engels Helden BV;23320;Vervaardiging van keramische producten voor de bouw (geen tegels en plavuizen);195744;371754;pub_0203;Bouwmaterialenindustrie;38331;schoorsteen tunnelovens;195764;371519;P;35.0;;;;1.23;140.0;9.0;10.6;1.742;16410468.606975;195764;371518;195744;371753
137;ER Reeks 1990-2022 Definitief;2022;204;Koolstofdioxide;T102102;SBI 23 (per bedrijf): Bouwmaterialen- en glasindustrie;200333;Wienerberger Steenfabriek Bemmel;23320;Vervaardiging van keramische producten voor de bouw (geen tegels en plavuizen);191377;432158;pub_0203;Bouwmaterialenindustrie;44429;Standaard steenbakkerij;191377;432158;P;35.0;;;;0.8;;;;1.0;3737728.225;191377;432157;191377;432157
138;ER Reeks 1990-2022 Definitief;2022;204;Koolstofdioxide;T101702;SBI 20.5 (per bedrijf): Overige chemische producten;200480;Bostik Nederland BV;20520;Vervaardiging van lijm en bereide kleefmiddelen;93132;395419;pub_0304;Chemische Industrie overig;45235;Schoorsteen LN 850 boiler;93129;395384;P;8.0;;;;1.0;;;;0.06;719000.0;93129;395383;93132;395418
139;ER Reeks 1990-2022 Definitief;2022;204;Koolstofdioxide;T100201;SBI 10-12 (per bedrijf): Voedings- & genotmiddelenindustrie;200512;ESA BV;10110;Slachterijen (geen pluimvee-);196020;466562;pub_0216;Voedings- en genotmiddelenindustrie;45500;warmwaterketels;196020;466562;P;10.0;;;;0.2;220.0;46.0;9.28;0.0;715000.0;196020;466561;196020;466561
140;ER Reeks 1990-2022 Definitief;2022;204;Koolstofdioxide;T100201;SBI 10-12 (per bedrijf): Voedings- & genotmiddelenindustrie;200526;Exportslachterij Clazing BV;10120;Pluimveeslachterijen;101169;445769;pub_0216;Voedings- en genotmiddelenindustrie;38809;Stookinstallatie inrichting;101268;445814;P;0.0;;;;0.0;20.0;;273.0;0.0;632000.0;101268;445813;101169;445768
141;ER Reeks 1990-2022 Definitief;2022;204;Koolstofdioxide;T100600;SBI 17 (per bedrijf): Vervaardiging van papier, karton en papier- en kartonwaren;66201;W A Sanders Papierfabriek Coldenhove BV;17121;Vervaardiging van grafisch papier en karton;200800;456700;pub_0211;Papier(waren);34804;Divers, overig, diffuus;200800;456700;P;5.0;;;;0.0;;;;0.0;1086464.0;200800;456699;200800;456699
142;ER Reeks 1990-2022 Definitief;2022;204;Koolstofdioxide;T105600;SBI 10.8 (per bedrijf): Overige voedingsmiddelenindustrie (exclusief SBI 10.81 en 10.82);66239;Mead Johnson BV;10860;Vervaardiging van gehomogeniseerde voedingspreparaten en dieetvoeding;184009;428432;pub_0216;Voedings- en genotmiddelenindustrie;35291;Divers, overig, diffuus;184009;428432;P;5.0;;;;0.0;;;;0.0;2078816.0;184009;428431;184009;428431
143;ER Reeks 1990-2022 Definitief;2022;204;Koolstofdioxide;T100600;SBI 17 (per bedrijf): Vervaardiging van papier, karton en papier- en kartonwaren;66248;Loparex BV;17129;Vervaardiging van papier en karton (geen grafisch en niet voor verpakking);193050;467151;pub_0211;Papier(waren);44999;Drukwerk CM 6;193050;467151;P;10.0;;;;0.3;70.0;5.0;1.5;0.112;714152.0;193050;467150;193050;467150
144;ER Reeks 1990-2022 Definitief;2022;204;Koolstofdioxide;T111201;SBI 38.2 (per bedrijf): Behandeling van afval;66323;Stichting Mestverwerking Gelderland SMG (KGBI Ede);38210;Behandeling van onschadelijk afval;169982;450431;pub_0901;AVI's;35121;Divers, overig, diffuus;169982;450431;P;5.0;;;;0.0;;;;0.0;4238000.0;169982;450430;169982;450430
145;ER Reeks 1990-2022 Definitief;2022;204;Koolstofdioxide;T102201;SBI 19.201 (per bedrijf): Aardolieraffinage;51501;Zeeland Refinery N.V.;19201;Aardolieraffinage;39593;385373;pub_0401;Raffinage en verwerking;43471;fakkel 070H04;39593;385373;P;130.0;;;;5.0;;;;2.2;9927221.5;39593;385372;39593;385372
146;ER Reeks 1990-2022 Definitief;2022;204;Koolstofdioxide;T102201;SBI 19.201 (per bedrijf): Aardolieraffinage;51501;Zeeland Refinery N.V.;19201;Aardolieraffinage;39593;385373;pub_0401;Raffinage en verwerking;43474;schoorsteen 303H08;39593;385373;P;50.0;;;;10.0;;;;10.2;663256408.0;39593;385372;39593;385372
147;ER Reeks 1990-2022 Definitief;2022;204;Koolstofdioxide;T100201;SBI 10-12 (per bedrijf): Voedings- & genotmiddelenindustrie;42834;Rendac Son BV;10910;Vervaardiging van veevoeders;159100;390650;pub_0216;Voedings- en genotmiddelenindustrie;38592;Schoorsteen stoomketel 10;159100;390650;P;10.0;;;;0.8;;;;0.53;9698040.53526263;159100;390649;159100;390649
148;ER Reeks 1990-2022 Definitief;2022;204;Koolstofdioxide;T100201;SBI 10-12 (per bedrijf): Voedings- & genotmiddelenindustrie;42834;Rendac Son BV;10910;Vervaardiging van veevoeders;159100;390650;pub_0216;Voedings- en genotmiddelenindustrie;38593;Schoorsteen stoomketel 20;159100;390650;P;10.0;;;;0.8;;;;0.59;10207584.26994281;159100;390649;159100;390649
149;ER Reeks 1990-2022 Definitief;2022;204;Koolstofdioxide;T151100;SBI 46/47 (per bedrijf): Detail- en groothandel;200551;Heiploeg International BV;46382;Groothandel in vis-, schaal- en weekdieren;215899;595842;pub_1201;Energiegebruik en processen Handel, Diensten en Overheid (HDO);47308;CV ketel;215899;595842;P;20.0;;;;1.0;12.0;1.0;1.0;0.0;1032180.0;215899;595841;215899;595841
150;ER Reeks 1990-2022 Definitief;2022;204;Koolstofdioxide;T107100;SBI 08 (per bedrijf): Winning van delfstoffen (geen olie en gas);95007;Frisia Zout;8930;Zoutwinning;157613;577805;pub_0802;Overig bouw;36573;Divers, overig, diffuus;157613;577805;P;5.0;;;;;;;;0.0;129982.0;157613;577804;157613;577804
151;ER Reeks 1990-2022 Definitief;2022;204;Koolstofdioxide;T104702;SBI 24.45 (per bedrijf) Vervaardiging van overige non-ferrometalen, aluminium;103010;Klesch Aluminium Delfzijl;24420;Vervaardiging van aluminium;261063;592961;pub_0201;Basismetaal;42332;Gieterij;260920;592500;P;18.0;;;;0.0;;;;0.1;14434826.0;260920;592499;261063;592960
152;ER Reeks 1990-2022 Definitief;2022;204;Koolstofdioxide;T108500;SBI 35 (per bedrijf): Productie en distributie van elektriciteit en gas;104001;ENGIE Energie Nederland NV (Eemscentrale);35111;Productie van elektriciteit door thermische, kern- en warmtekrachtcentrales;254265;606627;pub_0503;Opwekking electriciteit;47333;Hulpketel QHY30;254265;606627;P;16.0;;;;1.3;206.0;9.0;12.0;2.989;1651239.0;254265;606626;254265;606626
153;ER Reeks 1990-2022 Definitief;2022;204;Koolstofdioxide;T101100;SBI 20.1 (per bedrijf): Vervaardiging van chemische basisproducten;10004;Lyondell Chemie Nederland BV;20141;Vervaardiging van petrochemische producten;76900;433220;pub_0301;Chemische Industrie basisproducten;47388;B14100;77197;432546;P;40.0;;;;1.0;137.0;20.0;20.0;3.21;95362370.00000004;77197;432545;76900;433219
154;ER Reeks 1990-2022 Definitief;2022;204;Koolstofdioxide;T104201;SBI 38.2 (per bedrijf): Afvalinzameling/beh, AVI's;10950;SUEZ Recycling Services West;38110;Inzameling van onschadelijk afval;88933;433511;pub_0901;AVI's;38596;Divers, overig, diffuus;88933;433511;P;5.0;;;;;;;;0.0;35690.0;88933;433510;88933;433510
155;ER Reeks 1990-2022 Definitief;2022;204;Koolstofdioxide;T101100;SBI 20.1 (per bedrijf): Vervaardiging van chemische basisproducten;11046;PURAC Biochem BV;20149;Vervaardiging van organische basischemicaliën (geen petrochemische producten);127480;428400;pub_0301;Chemische Industrie basisproducten;47597;Fakkel (X-8101);127525;428239;P;6.0;;;;1.48;;;;0.42;383653.0;127525;428238;127480;428399
156;ER Reeks 1990-2022 Definitief;2022;204;Koolstofdioxide;T107000;SBI 38.3 (per bedrijf): Voorbereiding tot recycling;203843;Putman Recycling BV (Westervoort);38320;Gesorteerd materiaal voorbereiden tot recycling;195446;442762;pub_0904;Overige afvalbedrijven;44005;Divers, overig, diffuus;195446;442762;P;5.0;;;;;;;;0.0;1115133.000000004;195446;442761;195446;442761
157;ER Reeks 1990-2022 Definitief;2022;204;Koolstofdioxide;T103200;SBI 20.4 (per bedrijf): Vervaardiging was- en schoonmaakmiddelen, parfums en cosmetica;201241;Emmtec Services BV;81229;Overige gespecialiseerde reiniging;257552;533045;pub_0304;Chemische Industrie overig;47712;Slibdroogketel;257786;533194;P;20.0;;;;2.0;267.0;0.0;0.64;0.21;252000.0;257786;533193;257552;533044
158;ER Reeks 1990-2022 Definitief;2022;204;Koolstofdioxide;T100600;SBI 17 (per bedrijf): Vervaardiging van papier, karton en papier- en kartonwaren;64354;VHP Security Paper B.V.;17129;Vervaardiging van papier en karton (geen grafisch en niet voor verpakking);191500;466000;pub_0211;Papier(waren);47605;Airfoils PM2;191363;465687;P;11.0;;;;0.16;;;;0.333;674000.0;191363;465686;191500;465999
159;ER Reeks 1990-2022 Definitief;2022;204;Koolstofdioxide;T103200;SBI 20.4 (per bedrijf): Vervaardiging was- en schoonmaakmiddelen, parfums en cosmetica;201241;Emmtec Services BV;81229;Overige gespecialiseerde reiniging;257552;533045;pub_0304;Chemische Industrie overig;47711;Ketels 3, 4 en 9;257930;532702;P;20.0;;;;5.0;;;;3.0;34400.0;257930;532701;257552;533044
160;ER Reeks 1990-2022 Definitief;2022;204;Koolstofdioxide;T106200;SBI 25 (per bedrijf): Metaalproductenindustrie (exclusief machinebouw);63505;Nannoka Vulcanus Industries BV;25620;Algemene metaalbewerking;214700;444350;pub_0210;Metaalelektro;8696;Verwarming & warmwatervoorziening;214650;444310;P;10.0;;;;0.0;20.0;;0.1;0.001;564000.0;214650;444309;214700;444349
161;ER Reeks 1990-2022 Definitief;2022;204;Koolstofdioxide;T102800;SBI 20.16 (per bedrijf): Vervaardiging van kunststof in primaire vorm;62;Chemelot Site Permit BV;20160;Vervaardiging van kunststof in primaire vorm;183732;332404;pub_0301;Chemische Industrie basisproducten;61178;ACN AnQore 2-II ABSORBEUR ACN-2;183980;332980;P;85.0;;;;0.6;60.0;;8.72417;0.510363945;24313.0;183980;332979;183732;332403
162;ER Reeks 1990-2022 Definitief;2022;204;Koolstofdioxide;T102800;SBI 20.16 (per bedrijf): Vervaardiging van kunststof in primaire vorm;62;Chemelot Site Permit BV;20160;Vervaardiging van kunststof in primaire vorm;183732;332404;pub_0301;Chemische Industrie basisproducten;61186;ACN AnQore 9-I ONTLUCHTING ACN1;183980;330050;P;65.0;;;;0.1;30.0;;0.00056;1.092e-05;604.0;183980;330049;183732;332403
163;ER Reeks 1990-2022 Definitief;2022;204;Koolstofdioxide;T102800;SBI 20.16 (per bedrijf): Vervaardiging van kunststof in primaire vorm;62;Chemelot Site Permit BV;20160;Vervaardiging van kunststof in primaire vorm;183732;332404;pub_0301;Chemische Industrie basisproducten;61190;AFA OCI 2.3 GASTURBINE K-162;183665;333327;P;30.0;;;;2.2;380.0;;28.33056;13.44285072;51734279.0;183665;333326;183732;332403
164;ER Reeks 1990-2022 Definitief;2022;204;Koolstofdioxide;T102501;SBI 20.141 (per bedrijf): Vervaardiging van petrochemische producten;51104;Dow Benelux BV (Hoek);20141;Vervaardiging van petrochemische producten;43193;373788;pub_0301;Chemische Industrie basisproducten;61760;Catox CAT-156 Marine SLHC;42191;374194;P;10.0;;;;1.0;;;;0.05;4630.56;42191;374193;43193;373787
165;ER Reeks 1990-2022 Definitief;2022;204;Koolstofdioxide;T102501;SBI 20.141 (per bedrijf): Vervaardiging van petrochemische producten;51104;Dow Benelux BV (Hoek);20141;Vervaardiging van petrochemische producten;43193;373788;pub_0301;Chemische Industrie basisproducten;61776;Overige procesemissies R&D;43547;372715;P;5.0;;;;0.0;;;;0.001;316000.0;43547;372714;43193;373787
166;ER Reeks 1990-2022 Definitief;2022;204;Koolstofdioxide;T102201;SBI 19.201 (per bedrijf): Aardolieraffinage;51501;Zeeland Refinery N.V.;19201;Aardolieraffinage;39593;385373;pub_0401;Raffinage en verwerking;59120;736H01;39593;385373;P;10.0;;;;1.0;;;;0.01;38184.0;39593;385372;39593;385372
167;ER Reeks 1990-2022 Definitief;2022;204;Koolstofdioxide;T103002;SBI 30 (per bedrijf): Overige transportmiddelen;202159;Fokker Aerostructures BV;30300;Vervaardiging van vliegtuigen en onderdelen daarvoor;106240;426515;pub_0210;Metaalelektro;59294;N73002;105770;426975;P;12.0;;;;0.07;162.5;1.0;0.054;0.01;345092.64;105770;426974;106240;426514
168;ER Reeks 1990-2022 Definitief;2022;204;Koolstofdioxide;T103002;SBI 30 (per bedrijf): Overige transportmiddelen;202159;Fokker Aerostructures BV;30300;Vervaardiging van vliegtuigen en onderdelen daarvoor;106240;426515;pub_0210;Metaalelektro;59612;N97970 G96;105877;426875;P;8.0;;;;0.1;65.0;0.0;0.009;0.001;86273.16;105877;426874;106240;426514
169;ER Reeks 1990-2022 Definitief;2022;204;Koolstofdioxide;T103002;SBI 30 (per bedrijf): Overige transportmiddelen;202159;Fokker Aerostructures BV;30300;Vervaardiging van vliegtuigen en onderdelen daarvoor;106240;426515;pub_0210;Metaalelektro;59626;adp079 G87;105939;426679;P;5.0;;;;0.01;138.0;0.0;0.004;0.001;43136.58;105939;426678;106240;426514
170;ER Reeks 1990-2022 Definitief;2022;204;Koolstofdioxide;T106200;SBI 25 (per bedrijf): Metaalproductenindustrie (exclusief machinebouw);206211;ABL-Technic Uden B.V.;25610;Oppervlaktebehandeling en bekleding van metaal;173940;407820;pub_0210;Metaalelektro;56641;Divers, overig, diffuus;173940;407820;P;5.0;;;;0.0;;;;0.0;1033729.0;173940;407819;173940;407819
171;ER Reeks 1990-2022 Definitief;2022;204;Koolstofdioxide;T104700;SBI 20.11 (per bedrijf): Vervaardiging van industriële gassen;206268;Linde Gas Benelux B.V. (Europoort 2);20110;Vervaardiging van industriële gassen;72013;438279;pub_0301;Chemische Industrie basisproducten;59249;Divers, overig, diffuus;72013;438279;P;5.0;;;;0.0;;;;0.0;14120000.0;72013;438278;72013;438278
172;ER Reeks 1990-2022 Definitief;2022;204;Koolstofdioxide;T101100;SBI 20.1 (per bedrijf): Vervaardiging van chemische basisproducten;62;Chemelot Site Permit BV;20160;Vervaardiging van kunststof in primaire vorm;183732;332404;pub_0301;Chemische Industrie basisproducten;61288;CENTRA USG 5 SCHOORSTEEN F-3500/1 (F-3501);184035;332220;P;120.0;;;;3.0;110.0;;15.235;1.8815225;52143971.0;184035;332219;183732;332403
173;ER Reeks 1990-2022 Definitief;2022;204;Koolstofdioxide;T101100;SBI 20.1 (per bedrijf): Vervaardiging van chemische basisproducten;62;Chemelot Site Permit BV;20160;Vervaardiging van kunststof in primaire vorm;183732;332404;pub_0301;Chemische Industrie basisproducten;61354;LD3/4 SABIC 5 KATACTIVERINGSOVEN/BRANDER;183570;330229;P;30.0;;;;0.0;665.0;;0.18444;0.1558518;311522.0;183570;330228;183732;332403
174;ER Reeks 1990-2022 Definitief;2022;204;Koolstofdioxide;T106200;SBI 25 (per bedrijf): Metaalproductenindustrie (exclusief machinebouw);206270;CAN-PACK Netherlands B.V.;25920;Vervaardiging van verpakkingsmiddelen van licht metaal;176990;383782;pub_0210;Metaalelektro;59673;Washer lijn 18;177110;383847;P;11.0;;;;0.2;100.0;4.0;0.71;0.08;782352.0;177110;383846;176990;383781
175;ER Reeks 1990-2022 Definitief;2022;204;Koolstofdioxide;T101100;SBI 20.1 (per bedrijf): Vervaardiging van chemische basisproducten;62;Chemelot Site Permit BV;20160;Vervaardiging van kunststof in primaire vorm;183732;332404;pub_0301;Chemische Industrie basisproducten;61415;NF2 OCI 1a DROOGTROMMEL STRAAT 1;183739;332236;P;36.0;;;;1.1;89.0;;20.135;1.936987;214000.0;183739;332235;183732;332403
176;ER Reeks 1990-2022 Definitief;2022;204;Koolstofdioxide;T101100;SBI 20.1 (per bedrijf): Vervaardiging van chemische basisproducten;62;Chemelot Site Permit BV;20160;Vervaardiging van kunststof in primaire vorm;183732;332404;pub_0301;Chemische Industrie basisproducten;61434;NF2 OCI 6e DOLOMIETFILTER 5;183784;332364;P;44.0;;;;0.6;82.0;;3.63889;0.316947319;1156000.0;183784;332363;183732;332403
177;ER Reeks 1990-2022 Definitief;2022;204;Koolstofdioxide;T102800;SBI 20.16 (per bedrijf): Vervaardiging van kunststof in primaire vorm;62;Chemelot Site Permit BV;20160;Vervaardiging van kunststof in primaire vorm;183732;332404;pub_0301;Chemische Industrie basisproducten;61447;NIFA Fibrant 1 SCHOORSTEEN A1980;183710;332530;P;175.0;;;;2.0;15.0;;9.58444;0.0;34582040.0;183710;332529;183732;332403
178;ER Reeks 1990-2022 Definitief;2022;204;Koolstofdioxide;T102800;SBI 20.16 (per bedrijf): Vervaardiging van kunststof in primaire vorm;62;Chemelot Site Permit BV;20160;Vervaardiging van kunststof in primaire vorm;183732;332404;pub_0301;Chemische Industrie basisproducten;61492;Olefins 3 SABIC 7+8+9 TORENFAKKEL V-891 A+B+C;183760;329920;P;110.0;;;;1.2;600.0;;1e-05;7.605e-06;4788000.0;183760;329919;183732;332403
179;ER Reeks 1990-2022 Definitief;2022;204;Koolstofdioxide;T101100;SBI 20.1 (per bedrijf): Vervaardiging van chemische basisproducten;62;Chemelot Site Permit BV;20160;Vervaardiging van kunststof in primaire vorm;183732;332404;pub_0301;Chemische Industrie basisproducten;61493;Olefins 4 SABIC 1/6 KRAAKOVENS;183850;330870;P;60.0;;;;5.3;150.0;;180.55556;31.68750078;810067000.0;183850;330869;183732;332403
180;ER Reeks 1990-2022 Definitief;2022;204;Koolstofdioxide;T102800;SBI 20.16 (per bedrijf): Vervaardiging van kunststof in primaire vorm;62;Chemelot Site Permit BV;20160;Vervaardiging van kunststof in primaire vorm;183732;332404;pub_0301;Chemische Industrie basisproducten;61494;Olefins 4 SABIC 10 GRONDFAKKEL (CONTINU);184250;331350;P;27.0;;;;11.3;842.0;;1e-05;1.0751e-05;18731000.0;184250;331349;183732;332403
181;ER Reeks 1990-2022 Definitief;2022;204;Koolstofdioxide;T102800;SBI 20.16 (per bedrijf): Vervaardiging van kunststof in primaire vorm;62;Chemelot Site Permit BV;20160;Vervaardiging van kunststof in primaire vorm;183732;332404;pub_0301;Chemische Industrie basisproducten;61549;PPF3/6 SABIC 50 Noodstroomaggregaat;183301;330533;P;5.0;;;;0.2;;;;0.0;2441.0;183301;330532;183732;332403
182;ER Reeks 1990-2022 Definitief;2022;204;Koolstofdioxide;T101702;SBI 20.5 (per bedrijf): Overige chemische producten;205493;Euro Support Advanced Materials B.V.;20590;Vervaardiging van overige chemische producten n.e.g.;172961;407060;pub_0304;Chemische Industrie overig;48110;Scrubber sproeidroger SD008;173330;407037;P;9.0;;;;0.5;;;;0.013;257952.0;173330;407036;172961;407059
183;ER Reeks 1990-2022 Definitief;2022;204;Koolstofdioxide;T102201;SBI 19.201 (per bedrijf): Aardolieraffinage;10061;Esso Nederland BV (Raffinaderij Rotterdam);19201;Aardolieraffinage;79871;432082;pub_0401;Raffinage en verwerking;48102;F4201, F1750, F1051;79870;432074;P;90.0;;;;13.854;;;;6.135;151871799.0;79870;432073;79871;432081
184;ER Reeks 1990-2022 Definitief;2022;204;Koolstofdioxide;T100201;SBI 10-12 (per bedrijf): Voedings- & genotmiddelenindustrie;10097;Sime Darby Unimills B.V.;10410;Vervaardiging van plantaardige en dierlijke oliën en vetten (geen margarine en andere spijsvetten);103500;424600;pub_0216;Voedings- en genotmiddelenindustrie;48804;R2 (stoomketel);103369;424469;P;29.0;0.0;0.0;;0.0;312.0;3.0;0.76;0.293;2620000.0;103369;424468;103500;424599
185;ER Reeks 1990-2022 Definitief;2022;204;Koolstofdioxide;T104702;SBI 24.45 (per bedrijf) Vervaardiging van overige non-ferrometalen, aluminium;10064;Almatis BV;24420;Vervaardiging van aluminium;75900;433620;pub_0201;Basismetaal;48973;Diverse DC's TAB-plant;75900;433620;P;60.0;0.0;0.0;;0.0;90.0;;55.3;5.538;9141952.0;75900;433619;75900;433619
186;ER Reeks 1990-2022 Definitief;2022;204;Koolstofdioxide;T101100;SBI 20.1 (per bedrijf): Vervaardiging van chemische basisproducten;101407;Zeolyst CV;20130;Vervaardiging van overige anorganische basischemicaliën;261647;592403;pub_0301;Chemische Industrie basisproducten;48678;ringdroger 6706;261647;592403;P;20.0;0.0;0.0;;0.0;;;;0.02;7156.0;261647;592402;261647;592402
187;ER Reeks 1990-2022 Definitief;2022;204;Koolstofdioxide;T101100;SBI 20.1 (per bedrijf): Vervaardiging van chemische basisproducten;12135;ExxonMobil Chemical Holland BV (ROP van RPI);20141;Vervaardiging van petrochemische producten;72300;438500;pub_0301;Chemische Industrie basisproducten;48093;SG-1302;72427;438530;P;31.0;0.0;0.0;;0.0;;;;0.34;626453.0;72427;438529;72300;438499
188;ER Reeks 1990-2022 Definitief;2022;204;Koolstofdioxide;T107201;SBI 85-88 (per bedrijf): Onderwijs en gezondheids- en welzijnszorg;200610;UMC St Radboud & Radboud Universiteit Nijmegen;86101;Universitair medische centra;187976;425797;pub_1201;Energiegebruik en processen Handel, Diensten en Overheid (HDO);48984;Noodstroomvoorzieningen;187724;426204;P;21.0;0.0;0.0;;0.0;;;;0.02;101000.0;187724;426203;187976;425796
189;ER Reeks 1990-2022 Definitief;2022;204;Koolstofdioxide;T102202;SBI 24.1-24.3 (per bedrijf): Basismetaalindustrie, verwerking en vervaardiging ijzer en staal;200781;FNSteel BV;24340;Koudtrekken van draad;104909;430273;pub_0201;Basismetaal;48711;Gloeiovens;104730;430070;P;22.0;0.0;0.0;;0.0;;;;0.01;4024331.0;104730;430069;104909;430272
190;ER Reeks 1990-2022 Definitief;2022;204;Koolstofdioxide;T100201;SBI 10-12 (per bedrijf): Voedings- & genotmiddelenindustrie;42629;Cargill BV;10620;Vervaardiging van zetmeel en zetmeelproducten;76778;391435;pub_0216;Voedings- en genotmiddelenindustrie;48683;Stoomketel 4;76843;391471;P;9.0;0.0;0.0;;0.0;;;;0.7125;10143799.0;76843;391470;76778;391434
191;ER Reeks 1990-2022 Definitief;2022;204;Koolstofdioxide;T100201;SBI 10-12 (per bedrijf): Voedings- & genotmiddelenindustrie;92001;FrieslandCampina Cheese (Gerkesklooster);10510;Vervaardiging van zuivelproducten (geen consumptie-ijs);209300;583850;pub_0216;Voedings- en genotmiddelenindustrie;49392;Nieuwe stoomketel 1;209030;583850;P;18.0;0.0;0.0;0.0;0.0;;;;0.5;5253025.0;209030;583849;209300;583849
192;ER Reeks 1990-2022 Definitief;2022;204;Koolstofdioxide;T102201;SBI 19.201 (per bedrijf): Aardolieraffinage;10058;BP Rotterdam Refinery;19201;Aardolieraffinage;67036;440390;pub_0401;Raffinage en verwerking;54214;Fakkel-01 FW/CDU3;67100;440550;P;55.0;;;;0.3;;;;9.6;11159320.2704766;67100;440549;67036;440389
193;ER Reeks 1990-2022 Definitief;2022;204;Koolstofdioxide;T102201;SBI 19.201 (per bedrijf): Aardolieraffinage;10058;BP Rotterdam Refinery;19201;Aardolieraffinage;67036;440390;pub_0401;Raffinage en verwerking;54215;Fakkel-02 CDU4/GOH3;67099;440550;P;55.0;;;;0.3;;;;4.7;6214230.01703815;67099;440549;67036;440389
194;ER Reeks 1990-2022 Definitief;2022;204;Koolstofdioxide;T102201;SBI 19.201 (per bedrijf): Aardolieraffinage;10058;BP Rotterdam Refinery;19201;Aardolieraffinage;67036;440390;pub_0401;Raffinage en verwerking;54231;Stack 17  2H4502;67374;440253;P;33.0;;;;0.5;;;;0.3;4271121.63179336;67374;440252;67036;440389
195;ER Reeks 1990-2022 Definitief;2022;204;Koolstofdioxide;T102201;SBI 19.201 (per bedrijf): Aardolieraffinage;10061;Esso Nederland BV (Raffinaderij Rotterdam);19201;Aardolieraffinage;79871;432082;pub_0401;Raffinage en verwerking;49448;SK-7801;79698;432325;P;40.0;;;;3.123;;;;1.257;21799979.43094765;79698;432324;79871;432081
196;ER Reeks 1990-2022 Definitief;2022;204;Koolstofdioxide;T108500;SBI 35 (per bedrijf): Productie en distributie van elektriciteit en gas;104001;ENGIE Energie Nederland NV (Eemscentrale);35111;Productie van elektriciteit door thermische, kern- en warmtekrachtcentrales;254265;606627;pub_0503;Opwekking electriciteit;54292;GTC-EC20;254255;606637;P;43.0;;;;26.0;535.0;16.0;418.0;280.698;3790982.0;254255;606636;254265;606626
197;ER Reeks 1990-2022 Definitief;2022;204;Koolstofdioxide;T108500;SBI 35 (per bedrijf): Productie en distributie van elektriciteit en gas;200522;Ennatuurlijk (Tilburg);35140;Handel in elektriciteit en in gas via leidingen;129552;400368;pub_0503;Opwekking electriciteit;49340;Emissiepunt Ketel 03;129510;400373;P;45.0;;;;1.77;;;;1.65;356034.084;129510;400372;129552;400367
198;ER Reeks 1990-2022 Definitief;2022;204;Koolstofdioxide;T100201;SBI 10-12 (per bedrijf): Voedings- & genotmiddelenindustrie;205694;B.V. Esbro;10120;Pluimveeslachterijen;212574;440240;pub_0216;Voedings- en genotmiddelenindustrie;54353;HR gasketel 1, 2 & 3;212574;440372;P;14.0;;;;0.125664;76.85;1.0;0.0754;0.006;234975.376044844;212574;440371;212574;440239
199;ER Reeks 1990-2022 Definitief;2022;204;Koolstofdioxide;T107300;SBI 06/09.1 (per bedrijf): Aardolie- en gaswinning en dienstverlening voor de aardolie- en aardgaswinning;206010;Reststoffen Bewerkingsinstallatie;6200;Winning van aardgas;260444;590788;pub_0502;Olie- gaswinning land;49153;Divers, overig, diffuus;260444;590788;P;5.0;;;;;;;;0.0;5600.0;260444;590787;260444;590787
200;ER Reeks 1990-2022 Definitief;2022;204;Koolstofdioxide;T102700;SBI 20.15 (per bedrijf): Vervaardiging van kunstmeststoffen en stikstofverbindingen;21102;ICL Fertilizers Europe CV;20150;Vervaardiging van kunstmeststoffen en stikstofverbindingen;120040;490970;pub_0303;Chemische Industrie kunstmeststoffen;54774;Grote schoorsteen LW101;119983;490989;P;40.0;;;;3.46;52.4;7.0;24.44;1.268;8490000.0;119983;490988;120040;490969
201;ER Reeks 1990-2022 Definitief;2022;204;Koolstofdioxide;T107200;SBI 41-43 (per bedrijf): Bouwnijverheid;61424;Veolia Industriediensten BV;43210;Elektrotechnische bouwinstallatie;193118;442151;pub_0802;Overig bouw;54613;K15;193087;442165;P;24.0;;;;0.16;60.0;4.0;0.66;0.041;1732577.0;193087;442164;193118;442150
202;ER Reeks 1990-2022 Definitief;2022;204;Koolstofdioxide;T100201;SBI 10-12 (per bedrijf): Voedings- & genotmiddelenindustrie;62859;Plukon Poultry BV;10120;Pluimveeslachterijen;196500;496500;pub_0216;Voedings- en genotmiddelenindustrie;50032;Verbrandingsinstallatie;196363;496346;P;9.0;;;;0.314;64.0;0.0;0.01159;0.001;73700.0;196363;496345;196500;496499
203;ER Reeks 1990-2022 Definitief;2022;204;Koolstofdioxide;T151100;SBI 46/47 (per bedrijf): Detail- en groothandel;204497;Coöperatieve Pelsdierenfokkers Centrale Flevo;46320;Groothandel in vlees en vleesproducten en in wild en gevogelte (niet levend);168183;475406;pub_1201;Energiegebruik en processen Handel, Diensten en Overheid (HDO);48942;CV's;168173;475442;P;9.0;;;;7.0;;;;0.094;39800.0;168173;475441;168183;475405
204;ER Reeks 1990-2022 Definitief;2022;204;Koolstofdioxide;T106100;SBI 22.2 (per bedrijf): Vervaardiging van producten van kunststof;104611;Schur Flexible Benelux BV;22220;Vervaardiging van verpakkingsmiddelen van kunststof;222100;575550;pub_0213;Rubber- en kunstofverw. Industrie;55674;Gasbrander thermische olieketel Brofind;220931;577639;P;12.0;;;;1.0;;;;0.725;114460.0;220931;577638;222100;575549
205;ER Reeks 1990-2022 Definitief;2022;204;Koolstofdioxide;T100201;SBI 10-12 (per bedrijf): Voedings- & genotmiddelenindustrie;22209;Cargill BV - Cargill Cocoa (Eenhoorn-Mol);10821;Verwerking van cacao;114832;501157;pub_0216;Voedings- en genotmiddelenindustrie;48723;Stoomketel;114830;501179;P;15.0;;;;0.33;;;;0.28;6070000.0;114830;501178;114832;501156
206;ER Reeks 1990-2022 Definitief;2022;204;Koolstofdioxide;T104702;SBI 24.45 (per bedrijf) Vervaardiging van overige non-ferrometalen, aluminium;43856;Sapa Profiles NL BV (Drunen);24420;Vervaardiging van aluminium;138700;411500;pub_0201;Basismetaal;48828;Smelt/gietovens (IN23);138700;411500;P;17.0;;;;1.25;250.0;22400.0;28000.0;8556.495;6447864.0;138700;411499;138700;411499
207;ER Reeks 1990-2022 Definitief;2022;204;Koolstofdioxide;T106000;SBI 22.1 (per bedrijf): Vervaardiging van producten van rubber;114772;Dunlop Conveyor Belting;22190;Vervaardiging van overige producten van rubber;202128;569157;pub_0213;Rubber- en kunstofverw. Industrie;50013;Vulcanisatieovens (BUM);199660;564166;P;15.0;0.0;0.0;0.0;0.2;;;;0.008;143000.0;199660;564165;202128;569156
208;ER Reeks 1990-2022 Definitief;2022;204;Koolstofdioxide;T100201;SBI 10-12 (per bedrijf): Voedings- & genotmiddelenindustrie;202858;Grolsche Bierbrouwerij Nederland BV;11050;Vervaardiging van bier;252629;469696;pub_0216;Voedings- en genotmiddelenindustrie;49253;Noodstroom generatoren;252653;469734;P;6.0;0.0;0.0;0.0;0.071;110.0;0.0;0.002;0.0;8150.0;252653;469733;252629;469695
209;ER Reeks 1990-2022 Definitief;2022;204;Koolstofdioxide;T107000;SBI 38.3 (per bedrijf): Voorbereiding tot recycling;203888;A. Jansen B.V.;38320;Gesorteerd materiaal voorbereiden tot recycling;159056;390361;pub_0904;Overige afvalbedrijven;49534;TRI - emissiepunt;159156;390361;P;30.0;0.0;0.0;0.0;0.0;71.4;8.0;13.4;1.022;4373454.7296;159156;390360;159056;390360
210;ER Reeks 1990-2022 Definitief;2022;204;Koolstofdioxide;T103100;SBI 21.1 (per bedrijf): Vervaardiging van farmaceutische producten;204062;Intervet Schering-Plough Animal Health (De Bilt);21200;Vervaardiging van farmaceutische producten (geen grondstoffen);141194;457889;pub_0304;Chemische Industrie overig;49420;stoomketel;141194;457889;P;7.0;0.0;0.0;0.0;0.05;;;;0.577;191000.0;141194;457888;141194;457888
211;ER Reeks 1990-2022 Definitief;2022;204;Koolstofdioxide;T101100;SBI 20.1 (per bedrijf): Vervaardiging van chemische basisproducten;204851;Air Products Nederland BV (Pernis);20110;Vervaardiging van industriële gassen;79259;431845;pub_0301;Chemische Industrie basisproducten;49881;Fakkel;79283;431814;P;60.0;0.0;0.0;0.0;3.24;100.0;0.0;0.002;0.0;117485.0;79283;431813;79259;431844
212;ER Reeks 1990-2022 Definitief;2022;204;Koolstofdioxide;T107300;SBI 06/09.1 (per bedrijf): Aardolie- en gaswinning en dienstverlening voor de aardolie- en aardgaswinning;206010;Reststoffen Bewerkingsinstallatie;6200;Winning van aardgas;260444;590788;pub_0502;Olie- gaswinning land;49532;CV installatie;260444;590788;P;14.0;0.0;0.0;0.0;0.05;60.0;2.0;0.08;0.005;123534.0;260444;590787;260444;590787
213;ER Reeks 1990-2022 Definitief;2022;204;Koolstofdioxide;T100201;SBI 10-12 (per bedrijf): Voedings- & genotmiddelenindustrie;42034;FrieslandCampina Veghel (DMV International);10510;Vervaardiging van zuivelproducten (geen consumptie-ijs);164550;402920;pub_0216;Voedings- en genotmiddelenindustrie;49395;huurketels;164550;402920;P;6.0;0.0;0.0;0.0;1.0;;;;0.677;337720.5;164550;402919;164550;402919
214;ER Reeks 1990-2022 Definitief;2022;204;Koolstofdioxide;T101100;SBI 20.1 (per bedrijf): Vervaardiging van chemische basisproducten;51104;Dow Benelux BV (Hoek);20141;Vervaardiging van petrochemische producten;43193;373788;pub_0301;Chemische Industrie basisproducten;38515;STACK BF602-A/B LE1;42986;374006;P;45.0;;;;2.0;;;;0.172;40911577.0;42986;374005;43193;373787
215;ER Reeks 1990-2022 Definitief;2022;204;Koolstofdioxide;T101100;SBI 20.1 (per bedrijf): Vervaardiging van chemische basisproducten;51104;Dow Benelux BV (Hoek);20141;Vervaardiging van petrochemische producten;43193;373788;pub_0301;Chemische Industrie basisproducten;38517;STACK DTF-511 LE21;43479;373705;P;30.0;;;;1.0;;;;0.024;13691882.3;43479;373704;43193;373787
216;ER Reeks 1990-2022 Definitief;2022;204;Koolstofdioxide;T101100;SBI 20.1 (per bedrijf): Vervaardiging van chemische basisproducten;51104;Dow Benelux BV (Hoek);20141;Vervaardiging van petrochemische producten;43193;373788;pub_0301;Chemische Industrie basisproducten;38526;STACK RTO 500 LDPE;43240;373901;P;10.0;;;;0.93;;;;0.086;641132.0;43240;373900;43193;373787
217;ER Reeks 1990-2022 Definitief;2022;204;Koolstofdioxide;T106200;SBI 25 (per bedrijf): Metaalproductenindustrie (exclusief machinebouw);64641;Kamp Coating Apeldoorn BV;25610;Oppervlaktebehandeling en bekleding van metaal;196100;466400;pub_0210;Metaalelektro;45917;Droogovens;196098;466361;P;8.0;;;;0.5;225.0;1.0;0.437;0.0;1389057.0;196098;466360;196100;466399
218;ER Reeks 1990-2022 Definitief;2022;204;Koolstofdioxide;T104300;SBI 23.32 (per bedrijf): Vervaardiging van bakstenen en dakpannen;64713;Wienerberger Steenfabriek Schipperswaard;23320;Vervaardiging van keramische producten voor de bouw (geen tegels en plavuizen);161250;433720;pub_0203;Bouwmaterialenindustrie;44381;Standaard steenbakkerij;161250;433720;P;32.0;;;;0.0;;;;1.0;1947844.558;161250;433719;161250;433719
219;ER Reeks 1990-2022 Definitief;2022;204;Koolstofdioxide;T100201;SBI 10-12 (per bedrijf): Voedings- & genotmiddelenindustrie;12172;Promelca B.V. (Gorinchem);10510;Vervaardiging van zuivelproducten (geen consumptie-ijs);125150;426700;pub_0216;Voedings- en genotmiddelenindustrie;35407;Condor stoomketel;125133;426846;P;16.0;;;;0.5;;;;0.75;10236000.0;125133;426845;125150;426699
220;ER Reeks 1990-2022 Definitief;2022;204;Koolstofdioxide;T100201;SBI 10-12 (per bedrijf): Voedings- & genotmiddelenindustrie;12172;Promelca B.V. (Gorinchem);10510;Vervaardiging van zuivelproducten (geen consumptie-ijs);125150;426700;pub_0216;Voedings- en genotmiddelenindustrie;35409;luchtverhitters E1;125120;426850;P;46.0;;;;0.4;;;;0.08;3150000.0;125120;426849;125150;426699
221;ER Reeks 1990-2022 Definitief;2022;204;Koolstofdioxide;T102800;SBI 20.16 (per bedrijf): Vervaardiging van kunststof in primaire vorm;12174;Ducor Petrochemicals B.V.;20160;Vervaardiging van kunststof in primaire vorm;76311;434104;pub_0301;Chemische Industrie basisproducten;36411;flare;76250;434200;O;12.0;11.0;11.0;;120.0;;;;1.0;9753400.0;76250;434199;76311;434103
222;ER Reeks 1990-2022 Definitief;2022;204;Koolstofdioxide;T102102;SBI 23 (per bedrijf): Bouwmaterialen- en glasindustrie;151;O-I Manufacturing Netherlands BV (Maastricht);23130;Vervaardiging van holglas;177322;318844;pub_0203;Bouwmaterialenindustrie;34830;Schoorsteen glasoven M1;177350;318800;P;45.0;;;;2.0;189.0;3.0;5.79;1.316;25460282.6115;177350;318799;177322;318843
223;ER Reeks 1990-2022 Definitief;2022;204;Koolstofdioxide;T101100;SBI 20.1 (per bedrijf): Vervaardiging van chemische basisproducten;19070;Indorama Ventures Europe BV;20160;Vervaardiging van kunststof in primaire vorm;66394;442175;pub_0301;Chemische Industrie basisproducten;37615;WKK-installatie;66596;441956;P;20.0;;;;4.0;170.0;15.0;59.0;11.969;36804717.0;66596;441955;66394;442174
224;ER Reeks 1990-2022 Definitief;2022;204;Koolstofdioxide;T102800;SBI 20.16 (per bedrijf): Vervaardiging van kunststof in primaire vorm;19071;Botlek VCM Plant;20160;Vervaardiging van kunststof in primaire vorm;78610;431979;pub_0301;Chemische Industrie basisproducten;38037;Ventscrubber C1701;78610;431979;P;49.0;;;;0.4;;;;0.02;3200.0;78610;431978;78610;431978
225;ER Reeks 1990-2022 Definitief;2022;204;Koolstofdioxide;T101100;SBI 20.1 (per bedrijf): Vervaardiging van chemische basisproducten;19073;Hexion B.V.;20160;Vervaardiging van kunststof in primaire vorm;83345;432458;pub_0301;Chemische Industrie basisproducten;39575;Divers, overig, diffuus;83345;432458;P;5.0;;;;0.0;;;;0.0;8273260.0;83345;432457;83345;432457
226;ER Reeks 1990-2022 Definitief;2022;204;Koolstofdioxide;T101100;SBI 20.1 (per bedrijf): Vervaardiging van chemische basisproducten;19073;Hexion B.V.;20160;Vervaardiging van kunststof in primaire vorm;83345;432458;pub_0301;Chemische Industrie basisproducten;39579;F-3201 (Ruwe AC Productie) AC/ECH;82610;434138;P;30.0;;;;0.6;;;;0.468;7253036.66508201;82610;434137;83345;432457
227;ER Reeks 1990-2022 Definitief;2022;204;Koolstofdioxide;T104300;SBI 23.32 (per bedrijf): Vervaardiging van bakstenen en dakpannen;64749;Waalsteenfabriek De Bylandt BV;23320;Vervaardiging van keramische producten voor de bouw (geen tegels en plavuizen);202243;430959;pub_0203;Bouwmaterialenindustrie;36570;Schoorsteen ovens;202243;430959;P;40.0;;;;1.65;110.0;10.0;16.38;2.061;4511357.084425;202243;430958;202243;430958
228;ER Reeks 1990-2022 Definitief;2022;204;Koolstofdioxide;T100201;SBI 10-12 (per bedrijf): Voedings- & genotmiddelenindustrie;42034;FrieslandCampina Veghel (DMV International);10510;Vervaardiging van zuivelproducten (geen consumptie-ijs);164550;402920;pub_0216;Voedings- en genotmiddelenindustrie;36131;KETEL 10;164500;402950;P;16.0;;;;0.0;;;;0.793;19685678.0;164500;402949;164550;402919
229;ER Reeks 1990-2022 Definitief;2022;204;Koolstofdioxide;T100201;SBI 10-12 (per bedrijf): Voedings- & genotmiddelenindustrie;42206;Mars Nederland BV;10822;Vervaardiging van chocolade en suikerwerk;164080;402680;pub_0216;Voedings- en genotmiddelenindustrie;37106;Ketel 7;164080;402680;P;15.0;;;;0.34;44.3;8.0;2.66;0.11;10830000.0;164080;402679;164080;402679
230;ER Reeks 1990-2022 Definitief;2022;204;Koolstofdioxide;T100201;SBI 10-12 (per bedrijf): Voedings- & genotmiddelenindustrie;42310;Suiker Unie (Dinteloord);10810;Vervaardiging van suiker;89012;403688;pub_0216;Voedings- en genotmiddelenindustrie;34981;Divers, overig, diffuus;89012;403688;P;5.0;;;;0.0;;;;0.0;542143.0;89012;403687;89012;403687
231;ER Reeks 1990-2022 Definitief;2022;204;Koolstofdioxide;T101100;SBI 20.1 (per bedrijf): Vervaardiging van chemische basisproducten;48002;Unipol Holland BV;20160;Vervaardiging van kunststof in primaire vorm;166312;421568;pub_0301;Chemische Industrie basisproducten;49172;stoomketel 4;166319;421550;P;6.0;0.0;0.0;0.0;6.358;197.0;10.0;0.648;0.154;3647588.0;166319;421549;166312;421567
232;ER Reeks 1990-2022 Definitief;2022;204;Koolstofdioxide;T104704;SBI 24.45 (per bedrijf) Vervaardiging van overige non-ferrometalen, koper;63012;Aurubis Netherlands B.V.;24440;Vervaardiging van koper;211100;463650;pub_0201;Basismetaal;49445;Vertikale oven bandoven 2;211007;463645;P;40.0;0.0;0.0;0.0;0.7;154.65;3.0;2.2;0.403;334262.0;211007;463644;211100;463649
233;ER Reeks 1990-2022 Definitief;2022;204;Koolstofdioxide;T100201;SBI 10-12 (per bedrijf): Voedings- & genotmiddelenindustrie;42408;Bavaria NV;11050;Vervaardiging van bier;169900;391750;pub_0216;Voedings- en genotmiddelenindustrie;59000;Noodketel;169785;391857;P;18.0;;;;3.847;209.0;1.0;4.77;1.207;1070000.0;169785;391856;169900;391749
234;ER Reeks 1990-2022 Definitief;2022;204;Koolstofdioxide;T100201;SBI 10-12 (per bedrijf): Voedings- & genotmiddelenindustrie;10546;Bel Leerdammer BV (Schoonrewoerd);10510;Vervaardiging van zuivelproducten (geen consumptie-ijs);136450;437100;pub_0216;Voedings- en genotmiddelenindustrie;56459;Kantoren ST2;136478;437168;P;5.0;;;;0.005;75.0;2.0;0.0122;0.001;52100.0;136478;437167;136450;437099
235;ER Reeks 1990-2022 Definitief;2022;204;Koolstofdioxide;T100201;SBI 10-12 (per bedrijf): Voedings- & genotmiddelenindustrie;10546;Bel Leerdammer BV (Schoonrewoerd);10510;Vervaardiging van zuivelproducten (geen consumptie-ijs);136450;437100;pub_0216;Voedings- en genotmiddelenindustrie;56463;Lijn 8;136503;437338;P;6.0;;;;0.005;66.0;8.0;0.04;0.0;25000.0;136503;437337;136450;437099
236;ER Reeks 1990-2022 Definitief;2022;204;Koolstofdioxide;T101702;SBI 20.5 (per bedrijf): Overige chemische producten;21101;Albemarle Catalysts Company B.V.;20590;Vervaardiging van overige chemische producten n.e.g.;124570;488620;pub_0304;Chemische Industrie overig;56926;Stoomketel 1, nieuw ketelhuis;124206;488708;P;20.0;;;;0.5027;68.0;2.0;0.972;0.07;4210000.0;124206;488707;124570;488619
237;ER Reeks 1990-2022 Definitief;2022;204;Koolstofdioxide;T102800;SBI 20.16 (per bedrijf): Vervaardiging van kunststof in primaire vorm;33414;BASF Nederland BV Catalysts;20160;Vervaardiging van kunststof in primaire vorm;132150;454100;pub_0301;Chemische Industrie basisproducten;46753;Productie BM;132173;454088;P;30.0;;;;1.0;25.0;41.0;40.7;0.679;707967.0;132173;454087;132150;454099
238;ER Reeks 1990-2022 Definitief;2022;204;Koolstofdioxide;T107600;SBI 01 (per bedrijf): Landbouw, jacht en dienstverlening voor de landbouw en jacht;48113;Keizersberg Diervoeders Elsendorp B.V. (Milheeze);1499;Fokken en houden van overige dieren (rest);183833;391300;pub_0105;Landbouwbedrijven;45989;Verwarmingsinstallaties;183791;391308;P;8.0;;;;1.0;50.0;0.0;0.09;0.004;39573.0;183791;391307;183833;391299
239;ER Reeks 1990-2022 Definitief;2022;204;Koolstofdioxide;T103601;SBI 23.1 (per bedrijf): Vervaardiging van glas en glaswerk;49013;Ardagh Glass Moerdijk;23130;Vervaardiging van holglas;100317;410161;pub_0203;Bouwmaterialenindustrie;41723;Schoorsteen oven M1 en M2;100325;410180;P;35.0;;;;0.5;190.0;17.0;8.5;1.943;6548917.0;100325;410179;100317;410160
240;ER Reeks 1990-2022 Definitief;2022;204;Koolstofdioxide;T100201;SBI 10-12 (per bedrijf): Voedings- & genotmiddelenindustrie;49033;Agristo NV;10310;Vervaardiging van aardappelproducten;129323;400477;pub_0216;Voedings- en genotmiddelenindustrie;45476;Gasbranders Droger AT2;129282;400363;P;14.0;;;;0.78;90.0;23.0;18.05;1.808;2716941.01;129282;400362;129323;400476
241;ER Reeks 1990-2022 Definitief;2022;204;Koolstofdioxide;T100201;SBI 10-12 (per bedrijf): Voedings- & genotmiddelenindustrie;62009;FrieslandCampina Butter (Lochem);10510;Vervaardiging van zuivelproducten (geen consumptie-ijs);226100;464540;pub_0216;Voedings- en genotmiddelenindustrie;46808;Gaskachel Toren 3;225984;464498;P;12.0;;;;1.0;;;;0.14;2053440.0;225984;464497;226100;464539
242;ER Reeks 1990-2022 Definitief;2022;204;Koolstofdioxide;T104702;SBI 24.45 (per bedrijf) Vervaardiging van overige non-ferrometalen, aluminium;43856;Sapa Profiles NL BV (Drunen);24420;Vervaardiging van aluminium;138700;411500;pub_0201;Basismetaal;38314;Broodjesdroogoven (IN11);138700;411500;P;11.0;;;;0.1;30.0;7300.0;730.0;0.00395416666666667;56300.0;138700;411499;138700;411499
243;ER Reeks 1990-2022 Definitief;2022;204;Koolstofdioxide;T108502;SBI 35.12 (per bedrijf): Transportnet voor aardgas;61517;Gasunie (Zweekhorst);35120;Beheer en exploitatie van transportnetten voor elektriciteit, aardgas en warm water;202845;441955;pub_0502;Olie- gaswinning land;35620;602 GE-FRS5RC;203000;442080;P;20.0;;;;19.13;491.0;3.0;59.94;36.865;109762.0;203000;442079;202845;441954
244;ER Reeks 1990-2022 Definitief;2022;204;Koolstofdioxide;T100201;SBI 10-12 (per bedrijf): Voedings- & genotmiddelenindustrie;82002;FrieslandCampina Domo (Beilen);10510;Vervaardiging van zuivelproducten (geen consumptie-ijs);231300;541530;pub_0216;Voedings- en genotmiddelenindustrie;42344;Ketelhuis;231300;541530;P;20.0;;;;0.0;150.0;;5.77;1.022;31367321.03;231300;541529;231300;541529
245;ER Reeks 1990-2022 Definitief;2022;204;Koolstofdioxide;T100201;SBI 10-12 (per bedrijf): Voedings- & genotmiddelenindustrie;82603;Avebe u.a. (Gasselternijveen);10620;Vervaardiging van zetmeel en zetmeelproducten;254450;556800;pub_0216;Voedings- en genotmiddelenindustrie;42675;Afvoer eiwitdroger;254641;556813;P;30.0;;;;0.0;81.0;;8.84;0.783;4030000.0;254641;556812;254450;556799
246;ER Reeks 1990-2022 Definitief;2022;204;Koolstofdioxide;T100201;SBI 10-12 (per bedrijf): Voedings- & genotmiddelenindustrie;82603;Avebe u.a. (Gasselternijveen);10620;Vervaardiging van zetmeel en zetmeelproducten;254450;556800;pub_0216;Voedings- en genotmiddelenindustrie;42676;Gasturbine + afgassenketel;254450;556800;P;25.0;;;;0.0;80.0;;55.86;4.877;86600000.0;254450;556799;254450;556799
247;ER Reeks 1990-2022 Definitief;2022;204;Koolstofdioxide;T102300;SBI 24.4/24.5 (per bedrijf): Basismetaalindustrie, vervaardiging van non-ferro metalen en gieten van metalen;83501;Rademakers Gieterij BV;24510;Gieten van ijzer;261750;526950;pub_0201;Basismetaal;40759;Koepeloven;261720;526880;P;20.0;;;;0.8;;;;0.336;3918414.0;261720;526879;261750;526949
248;ER Reeks 1990-2022 Definitief;2022;204;Koolstofdioxide;T106000;SBI 22.1 (per bedrijf): Vervaardiging van producten van rubber;114772;Dunlop Conveyor Belting;22190;Vervaardiging van overige producten van rubber;202128;569157;pub_0213;Rubber- en kunstofverw. Industrie;14028;ketels;202000;569100;P;15.0;;;;0.0;;;;0.624;2660000.0;202000;569099;202128;569156
249;ER Reeks 1990-2022 Definitief;2022;204;Koolstofdioxide;T100201;SBI 10-12 (per bedrijf): Voedings- & genotmiddelenindustrie;114785;Romi Smilfood BV (Heerenveen);10420;Vervaardiging van margarine en overige spijsvetten;193000;549500;pub_0216;Voedings- en genotmiddelenindustrie;37098;WKK;193000;549500;P;7.0;;;;0.02;;;;0.018;749000.0;193000;549499;193000;549499
250;ER Reeks 1990-2022 Definitief;2022;204;Koolstofdioxide;T102601;SBI 20.149 (per bedrijf): Basischemie organisch (geen petrochemische producten);11046;PURAC Biochem BV;20149;Vervaardiging van organische basischemicaliën (geen petrochemische producten);127480;428400;pub_0301;Chemische Industrie basisproducten;40697;Divers, overig, diffuus;127480;428400;P;5.0;;;;;;;;0.0;818752.68;127480;428399;127480;428399
251;ER Reeks 1990-2022 Definitief;2022;204;Koolstofdioxide;T100201;SBI 10-12 (per bedrijf): Voedings- & genotmiddelenindustrie;62806;Vion Apeldoorn;10110;Slachterijen (geen pluimvee-);195500;465700;pub_0216;Voedings- en genotmiddelenindustrie;42191;schoorsteen;195500;465700;P;15.0;;;;0.0;223.0;;9.28;0.0;2107584.0;195500;465699;195500;465699
252;ER Reeks 1990-2022 Definitief;2022;204;Koolstofdioxide;T100201;SBI 10-12 (per bedrijf): Voedings- & genotmiddelenindustrie;39103;Koninklijke Eru Kaasfabriek BV;10510;Vervaardiging van zuivelproducten (geen consumptie-ijs);122230;454360;pub_0216;Voedings- en genotmiddelenindustrie;35437;stoomketel;122230;454360;P;9.0;;;;0.3;;;;1.96;509080.0;122230;454359;122230;454359
253;ER Reeks 1990-2022 Definitief;2022;204;Koolstofdioxide;T105700;SBI 11.07 (per bedrijf): Vervaardiging van dranken;39105;Vrumona BV;11050;Vervaardiging van bier;142200;452700;pub_0216;Voedings- en genotmiddelenindustrie;41743;Divers, overig, diffuus;142200;452700;P;5.0;;;;;;;;0.0;425918.0;142200;452699;142200;452699
254;ER Reeks 1990-2022 Definitief;2022;204;Koolstofdioxide;T100201;SBI 10-12 (per bedrijf): Voedings- & genotmiddelenindustrie;39105;Vrumona BV;11050;Vervaardiging van bier;142200;452700;pub_0216;Voedings- en genotmiddelenindustrie;41743;Divers, overig, diffuus;142200;452700;P;5.0;;;;;;;;0.0;4320000.0;142200;452699;142200;452699
255;ER Reeks 1990-2022 Definitief;2022;204;Koolstofdioxide;T108500;SBI 35 (per bedrijf): Productie en distributie van elektriciteit en gas;4001;RWE Generation NL B.V.;35111;Productie van elektriciteit door thermische, kern- en warmtekrachtcentrales;191379;351797;pub_0503;Opwekking electriciteit;44572;Schoorsteen hulpketel C;191678;351983;P;18.0;;;;0.28;120.0;10.0;2.7;0.374;1710358.5306;191678;351982;191379;351796
256;ER Reeks 1990-2022 Definitief;2022;204;Koolstofdioxide;T102700;SBI 20.15 (per bedrijf): Vervaardiging van kunstmeststoffen en stikstofverbindingen;51102;Rosier Nederland B.V.;20150;Vervaardiging van kunstmeststoffen en stikstofverbindingen;44106;360296;pub_0303;Chemische Industrie kunstmeststoffen;38832;Granulatie 3 (bron 1.10);44106;360296;P;47.0;;;;3.14;;;;1.0;1436504.0;44106;360295;44106;360295
257;ER Reeks 1990-2022 Definitief;2022;204;Koolstofdioxide;T104901;SBI 24.5 (per bedrijf): Gieten van metalen;63504;Gieterij Doesburg BV;24510;Gieten van ijzer;206112;447069;pub_0201;Basismetaal;41911;Vormerij BMD 6;206112;447069;P;25.0;;;;0.95;31.0;15.0;13.9;0.339;19851.0;206112;447068;206112;447068
258;ER Reeks 1990-2022 Definitief;2022;204;Koolstofdioxide;T103900;SBI 49-53 (per bedrijf): Transport, communicatie;11090;Odfjell Terminals (Rotterdam) BV;52101;Opslag in tanks;81505;432967;pub_1201;Energiegebruik en processen Handel, Diensten en Overheid (HDO);35616;Ketel gebouw 1;80910;433370;P;20.0;;;;0.0;80.0;;0.02;0.002;43312.0;80910;433369;81505;432966
259;ER Reeks 1990-2022 Definitief;2022;204;Koolstofdioxide;T100201;SBI 10-12 (per bedrijf): Voedings- & genotmiddelenindustrie;11105;Heineken Nederland BV (Zoeterwoude);11050;Vervaardiging van bier;97050;461400;pub_0216;Voedings- en genotmiddelenindustrie;35418;Divers, overig, diffuus;97050;461400;P;25.0;;;;0.0;;;;0.0;1150597.0;97050;461399;97050;461399
260;ER Reeks 1990-2022 Definitief;2022;204;Koolstofdioxide;T100201;SBI 10-12 (per bedrijf): Voedings- & genotmiddelenindustrie;11105;Heineken Nederland BV (Zoeterwoude);11050;Vervaardiging van bier;97050;461400;pub_0216;Voedings- en genotmiddelenindustrie;35425;Gasturbine 7;97050;461400;P;25.0;;;;0.0;;;;12.7;25890710.0;97050;461399;97050;461399
261;ER Reeks 1990-2022 Definitief;2022;204;Koolstofdioxide;T101100;SBI 20.1 (per bedrijf): Vervaardiging van chemische basisproducten;11111;Ashland Industries Nederland B.V.;20160;Vervaardiging van kunststof in primaire vorm;102050;424450;pub_0301;Chemische Industrie basisproducten;35158;brandbluspompen met dieselmotor;102050;424450;P;4.0;;;;0.01;;;;0.529;21200.0;102050;424449;102050;424449
262;ER Reeks 1990-2022 Definitief;2022;204;Koolstofdioxide;T101100;SBI 20.1 (per bedrijf): Vervaardiging van chemische basisproducten;11111;Ashland Industries Nederland B.V.;20160;Vervaardiging van kunststof in primaire vorm;102050;424450;pub_0301;Chemische Industrie basisproducten;35160;EVW II;102163;424438;P;15.0;;;;0.0;170.0;;2.2856;0.464;3945006.0;102163;424437;102050;424449
263;ER Reeks 1990-2022 Definitief;2022;204;Koolstofdioxide;T108400;SBI 30.1 (per bedrijf): Scheepsbouw;11235;RZB Holding BV;33150;Reparatie en onderhoud van schepen;88143;434037;pub_0210;Metaalelektro;38530;Divers, overig, diffuus;88143;434037;P;5.0;;;;;;;;0.0;11609.0;88143;434036;88143;434036
264;ER Reeks 1990-2022 Definitief;2022;204;Koolstofdioxide;T100201;SBI 10-12 (per bedrijf): Voedings- & genotmiddelenindustrie;202140;Vitelco BV;10110;Slachterijen (geen pluimvee-);147821;412803;pub_0216;Voedings- en genotmiddelenindustrie;45921;Stookinstallaties;147924;412811;P;5.0;;;;0.09;60.0;111.0;10.0;0.616;1130773.0;147924;412810;147821;412802
265;ER Reeks 1990-2022 Definitief;2022;204;Koolstofdioxide;T102300;SBI 24.4/24.5 (per bedrijf): Basismetaalindustrie, vervaardiging van non-ferro metalen en gieten van metalen;63508;Nijmeegsche IJzergieterij BV;24510;Gieten van ijzer;184127;428648;pub_0201;Basismetaal;35009;Centrale schoorsteen;184127;428648;P;52.0;;;;1.77;46.0;20.0;35.0;1.528;3125757.0;184127;428647;184127;428647
266;ER Reeks 1990-2022 Definitief;2022;204;Koolstofdioxide;T102800;SBI 20.16 (per bedrijf): Vervaardiging van kunststof in primaire vorm;41101;SABIC Innovative Plastics BV;20160;Vervaardiging van kunststof in primaire vorm;76463;391896;pub_0301;Chemische Industrie basisproducten;44615;Fictieve schoorsteen Proces-installaties;76480;391959;P;15.0;;;;50.0;20.0;3.0;150.0;1.541;67563197.831425;76480;391958;76463;391895
267;ER Reeks 1990-2022 Definitief;2022;204;Koolstofdioxide;T108500;SBI 35 (per bedrijf): Productie en distributie van elektriciteit en gas;202825;Eneco (Lage Weide);35120;Beheer en exploitatie van transportnetten voor elektriciteit, aardgas en warm water;133424;457245;pub_0503;Opwekking electriciteit;35069;Lage Weide 6;133361;457157;P;64.0;;;;23.0;84.0;13.0;301.0;27.827;324530158.0;133361;457156;133424;457244
268;ER Reeks 1990-2022 Definitief;2022;204;Koolstofdioxide;T108500;SBI 35 (per bedrijf): Productie en distributie van elektriciteit en gas;202895;Energiecoöperatie Greenhouse Energy;35120;Beheer en exploitatie van transportnetten voor elektriciteit, aardgas en warm water;191490;436460;pub_0503;Opwekking electriciteit;42201;Wkk A8;191490;436460;P;12.0;;;;0.6;50.0;6.0;3.79;0.185;765909.0;191490;436459;191490;436459
269;ER Reeks 1990-2022 Definitief;2022;204;Koolstofdioxide;T104201;SBI 38.2 (per bedrijf): Afvalinzameling/beh, AVI's;202902;GMB Slibverwerking Tiel BV;38210;Behandeling van onschadelijk afval;158236;436521;pub_0901;AVI's;37247;schoorsteen;158236;436521;P;81.0;;;;2.5;25.0;8.0;19.5;0.325;420541.0;158236;436520;158236;436520
270;ER Reeks 1990-2022 Definitief;2022;204;Koolstofdioxide;T101100;SBI 20.1 (per bedrijf): Vervaardiging van chemische basisproducten;41103;Synthos Breda B.V.;20160;Vervaardiging van kunststof in primaire vorm;111661;402540;pub_0301;Chemische Industrie basisproducten;35458;Stoomketel 3;111661;402540;P;25.0;;;;0.0;;;;3.8;43378.76205;111661;402539;111661;402539
271;ER Reeks 1990-2022 Definitief;2022;204;Koolstofdioxide;T101100;SBI 20.1 (per bedrijf): Vervaardiging van chemische basisproducten;51104;Dow Benelux BV (Hoek);20141;Vervaardiging van petrochemische producten;43193;373788;pub_0301;Chemische Industrie basisproducten;38442;BA-100 Eth-3;42638;373936;P;65.0;;;;2.54;;;;0.552;125644493.0;42638;373935;43193;373787
272;ER Reeks 1990-2022 Definitief;2022;204;Koolstofdioxide;T102501;SBI 20.141 (per bedrijf): Vervaardiging van petrochemische producten;51104;Dow Benelux BV (Hoek);20141;Vervaardiging van petrochemische producten;43193;373788;pub_0301;Chemische Industrie basisproducten;38449;FAKKEL ETHYLEEN-2;42469;373832;P;90.0;;;;1.2;;;;0.075;10096870.4;42469;373831;43193;373787
273;ER Reeks 1990-2022 Definitief;2022;204;Koolstofdioxide;T104201;SBI 38.2 (per bedrijf): Afvalinzameling/beh, AVI's;64004;AVR Afvalverwerking BV (Duiven);38210;Behandeling van onschadelijk afval;197134;442636;pub_0901;AVI's;38074;AVI-2;197134;442636;P;90.0;;;;2.84;68.87;9.0;26.67;1.947;140844732.0;197134;442635;197134;442635
274;ER Reeks 1990-2022 Definitief;2022;204;Koolstofdioxide;T100201;SBI 10-12 (per bedrijf): Voedings- & genotmiddelenindustrie;64328;Koninklijke VIV Buisman B.V.;10510;Vervaardiging van zuivelproducten (geen consumptie-ijs);221100;446300;pub_0216;Voedings- en genotmiddelenindustrie;46758;Thermische olieketel;221520;446567;P;8.0;;;;0.02;;;;0.01;35765.0;221520;446566;221100;446299
275;ER Reeks 1990-2022 Definitief;2022;204;Koolstofdioxide;T100600;SBI 17 (per bedrijf): Vervaardiging van papier, karton en papier- en kartonwaren;64345;Mayr-Melnhof Eerbeek BV;17122;Vervaardiging van papier en karton voor verpakking;201330;457510;pub_0211;Papier(waren);39557;Steg installatie Warmte Kracht Centrale;201330;457510;P;25.0;;;;1.8;;;;1.95;49255942.0;201330;457509;201330;457509
276;ER Reeks 1990-2022 Definitief;2022;204;Koolstofdioxide;T100600;SBI 17 (per bedrijf): Vervaardiging van papier, karton en papier- en kartonwaren;64360;Parenco B.V.;17121;Vervaardiging van grafisch papier en karton;178450;442450;pub_0211;Papier(waren);34770;Hulpketel K81;178533;442485;P;24.0;;;;1.0;126.0;2.0;1.78;0.261;2534398.65;178533;442484;178450;442449
277;ER Reeks 1990-2022 Definitief;2022;204;Koolstofdioxide;T101100;SBI 20.1 (per bedrijf): Vervaardiging van chemische basisproducten;41428;DSM NeoResins B.V.;20160;Vervaardiging van kunststof in primaire vorm;131981;412041;pub_0301;Chemische Industrie basisproducten;36995;Katalytische oxidatie-unit;132000;412000;P;12.0;;;;0.46;;;;0.277;218554.0;132000;411999;131981;412040
278;ER Reeks 1990-2022 Definitief;2022;204;Koolstofdioxide;T108400;SBI 30.1 (per bedrijf): Scheepsbouw;202935;Alblasserdam Yachtbuilding B.V. (Oceanco);30120;Bouw van sport- en recreatievaartuigen;104638;430413;pub_0210;Metaalelektro;41673;Emissiepunt van stookinstallaties Hal I;104638;430413;P;16.0;;;;0.2;14.0;5.0;1.0;0.003;211000.0;104638;430412;104638;430412
279;ER Reeks 1990-2022 Definitief;2022;204;Koolstofdioxide;T151100;SBI 46/47 (per bedrijf): Detail- en groothandel;202990;Alco Energy Rotterdam;46712;Groothandel in vloeibare en gasvormige brandstoffen;72210;438230;pub_1201;Energiegebruik en processen Handel, Diensten en Overheid (HDO);46742;RTO;71869;438498;P;10.0;;;;1.54;80.0;7.0;11.0;0.96;2470014.39285;71869;438497;72210;438229
280;ER Reeks 1990-2022 Definitief;2022;204;Koolstofdioxide;T103900;SBI 49-53 (per bedrijf): Transport, communicatie;203083;Exploitatiemaatschappij J. ter Horst BV;49410;Goederenvervoer over de weg (geen verhuizingen);229581;439468;pub_1201;Energiegebruik en processen Handel, Diensten en Overheid (HDO);47119;Stookinstallaties;229575;439419;P;7.0;;;;0.015;100.0;2.0;0.036;0.004;79179.0;229575;439418;229581;439467
281;ER Reeks 1990-2022 Definitief;2022;204;Koolstofdioxide;T108500;SBI 35 (per bedrijf): Productie en distributie van elektriciteit en gas;12149;Uniper Centrale Maasvlakte;35111;Productie van elektriciteit door thermische, kern- en warmtekrachtcentrales;61481;442057;pub_0503;Opwekking electriciteit;41683;Stack DFB ketel;61491;442205;P;40.0;;;;3.14;134.0;7.0;22.5;3.525;115378285.00000001;61491;442204;61481;442056
282;ER Reeks 1990-2022 Definitief;2022;204;Koolstofdioxide;T108500;SBI 35 (per bedrijf): Productie en distributie van elektriciteit en gas;12150;Uniper Centrale RoCa;35111;Productie van elektriciteit door thermische, kern- en warmtekrachtcentrales;98212;440895;pub_0503;Opwekking electriciteit;39461;Hulpketel 3 en 4;98226;440903;P;50.0;;;;5.7;;;;5.0;8302537.4137;98226;440902;98212;440894
283;ER Reeks 1990-2022 Definitief;2022;204;Koolstofdioxide;T108500;SBI 35 (per bedrijf): Productie en distributie van elektriciteit en gas;12150;Uniper Centrale RoCa;35111;Productie van elektriciteit door thermische, kern- en warmtekrachtcentrales;98212;440895;pub_0503;Opwekking electriciteit;39463;RoCa 2;98251;440896;P;60.0;;;;8.0;85.0;12.0;93.0;8.717;8002000.0;98251;440895;98212;440894
284;ER Reeks 1990-2022 Definitief;2022;204;Koolstofdioxide;T103900;SBI 49-53 (per bedrijf): Transport, communicatie;12162;Caldic Chemie BV;52101;Opslag in tanks;71969;438459;pub_1201;Energiegebruik en processen Handel, Diensten en Overheid (HDO);38842;Divers, overig, diffuus;71969;438459;P;5.0;;;;0.0;;;;0.0;38600.0;71969;438458;71969;438458
285;ER Reeks 1990-2022 Definitief;2022;204;Koolstofdioxide;T107201;SBI 85-88 (per bedrijf): Onderwijs en gezondheids- en welzijnszorg;12166;TU Delft Warmtekrachtcentrale;85420;Universitair hoger onderwijs;85100;446200;pub_1201;Energiegebruik en processen Handel, Diensten en Overheid (HDO);36917;WKK 2;85100;446200;P;41.0;;;;0.13;102.0;17.0;2.254;0.26;1040000.0;85100;446199;85100;446199
286;ER Reeks 1990-2022 Definitief;2022;204;Koolstofdioxide;T108502;SBI 35.12 (per bedrijf): Transportnet voor aardgas;41502;Gasunie (Ravenstein);35120;Beheer en exploitatie van transportnetten voor elektriciteit, aardgas en warm water;173928;421577;pub_0502;Olie- gaswinning land;37177;1-3 RR-AVON;173928;421577;P;13.0;;;;11.67;274.0;4.0;50.91;17.126;185726.0;173928;421576;173928;421576
287;ER Reeks 1990-2022 Definitief;2022;204;Koolstofdioxide;T108502;SBI 35.12 (per bedrijf): Transportnet voor aardgas;41502;Gasunie (Ravenstein);35120;Beheer en exploitatie van transportnetten voor elektriciteit, aardgas en warm water;173928;421577;pub_0502;Olie- gaswinning land;37179;1-5 RR-Spey;173928;421577;P;13.0;;;;11.67;385.0;3.0;29.76;14.253;43121.0;173928;421576;173928;421576
288;ER Reeks 1990-2022 Definitief;2022;204;Koolstofdioxide;T108502;SBI 35.12 (per bedrijf): Transportnet voor aardgas;41502;Gasunie (Ravenstein);35120;Beheer en exploitatie van transportnetten voor elektriciteit, aardgas en warm water;173928;421577;pub_0502;Olie- gaswinning land;37185;2-5 DLS-HVA-16;173928;421577;P;15.0;;;;0.2;389.0;16.0;3.26;1.578;66892.0;173928;421576;173928;421576
289;ER Reeks 1990-2022 Definitief;2022;204;Koolstofdioxide;T101100;SBI 20.1 (per bedrijf): Vervaardiging van chemische basisproducten;51104;Dow Benelux BV (Hoek);20141;Vervaardiging van petrochemische producten;43193;373788;pub_0301;Chemische Industrie basisproducten;38481;STACK AF-1 LE12;42562;373604;P;40.0;;;;2.54;;;;0.048;18580000.0;42562;373603;43193;373787
290;ER Reeks 1990-2022 Definitief;2022;204;Koolstofdioxide;T101100;SBI 20.1 (per bedrijf): Vervaardiging van chemische basisproducten;51104;Dow Benelux BV (Hoek);20141;Vervaardiging van petrochemische producten;43193;373788;pub_0301;Chemische Industrie basisproducten;38484;STACK BA102 LE3;42578;373983;P;62.0;;;;3.24;;;;0.293;60292935.0;42578;373982;43193;373787
291;ER Reeks 1990-2022 Definitief;2022;204;Koolstofdioxide;T101100;SBI 20.1 (per bedrijf): Vervaardiging van chemische basisproducten;51104;Dow Benelux BV (Hoek);20141;Vervaardiging van petrochemische producten;43193;373788;pub_0301;Chemische Industrie basisproducten;38487;STACK BA104 LE3;42578;373962;P;62.0;;;;3.24;;;;0.293;63024407.0;42578;373961;43193;373787
292;ER Reeks 1990-2022 Definitief;2022;204;Koolstofdioxide;T107000;SBI 38.3 (per bedrijf): Voorbereiding tot recycling;200683;Theo Pouw Beheer BV;38320;Gesorteerd materiaal voorbereiden tot recycling;133422;458289;pub_0904;Overige afvalbedrijven;42568;CV-installaties;133422;458289;P;0.0;;;;0.0;35.15;;0.00056;0.0;82382.0;133422;458288;133422;458288
293;ER Reeks 1990-2022 Definitief;2022;204;Koolstofdioxide;T104702;SBI 24.45 (per bedrijf) Vervaardiging van overige non-ferrometalen, aluminium;201165;Vaassen Flexible Packaging;24420;Vervaardiging van aluminium;194670;477630;pub_0201;Basismetaal;36498;Schoorsteen naverbrander U3;194447;477654;P;15.0;;;;1.2;950.0;9.0;11.1;0.0;4397447.344425;194447;477653;194670;477629
294;ER Reeks 1990-2022 Definitief;2022;204;Koolstofdioxide;T108500;SBI 35 (per bedrijf): Productie en distributie van elektriciteit en gas;201386;Sloe Centrale BV (Vlissingen);35111;Productie van elektriciteit door thermische, kern- en warmtekrachtcentrales;37262;385782;pub_0503;Opwekking electriciteit;35527;HWHS;37275;385810;P;10.0;;;;0.11;120.0;7.0;0.76;0.105;1051612.72018051;37275;385809;37262;385781
295;ER Reeks 1990-2022 Definitief;2022;204;Koolstofdioxide;T108500;SBI 35 (per bedrijf): Productie en distributie van elektriciteit en gas;201386;Sloe Centrale BV (Vlissingen);35111;Productie van elektriciteit door thermische, kern- en warmtekrachtcentrales;37262;385782;pub_0503;Opwekking electriciteit;35528;UNIT 10;37275;385810;P;45.0;;;;50.2;90.0;2.0;95.60406;9.575;536291761.031786;37275;385809;37262;385781
296;ER Reeks 1990-2022 Definitief;2022;204;Koolstofdioxide;T103600;SBI 20.59 (per bedrijf): Vervaardiging van overige chemische producten n.e.g.;201503;INEOS Maastricht bv;20590;Vervaardiging van overige chemische producten n.e.g.;177553;321190;pub_0304;Chemische Industrie overig;36401;afgassen schoorsteen;177666;321145;P;35.0;;;;0.08;12.0;1.0;0.06;0.0;3433807.0;177666;321144;177553;321189
297;ER Reeks 1990-2022 Definitief;2022;204;Koolstofdioxide;T100201;SBI 10-12 (per bedrijf): Voedings- & genotmiddelenindustrie;52612;Cargill Benelux BV;10620;Vervaardiging van zetmeel en zetmeelproducten;44338;361919;pub_0216;Voedings- en genotmiddelenindustrie;38357;emissiepunt 230/231;44338;361919;P;26.0;;;;3.0;;;;0.001;432646.1964825;44338;361918;44338;361918
298;ER Reeks 1990-2022 Definitief;2022;204;Koolstofdioxide;T108502;SBI 35.12 (per bedrijf): Transportnet voor aardgas;71514;Gasunie Vilsteren/Ommen;35120;Beheer en exploitatie van transportnetten voor elektriciteit, aardgas en warm water;221116;501184;pub_0502;Olie- gaswinning land;38946;2-C-016 GE-FRS3;221116;501184;P;17.0;;;;9.0;343.0;5.0;44.02;18.708;354456.0;221116;501183;221116;501183
299;ER Reeks 1990-2022 Definitief;2022;204;Koolstofdioxide;T108502;SBI 35.12 (per bedrijf): Transportnet voor aardgas;21528;Gasunie (Wieringermeer);35120;Beheer en exploitatie van transportnetten voor elektriciteit, aardgas en warm water;132250;530325;pub_0502;Olie- gaswinning land;35846;3-2 SOLAR;132263;529998;P;17.0;;;;1.3;441.0;9.0;11.39;6.274;8409151.0;132263;529997;132250;530324
300;ER Reeks 1990-2022 Definitief;2022;204;Koolstofdioxide;T108502;SBI 35.12 (per bedrijf): Transportnet voor aardgas;21529;Gasunie (Beverwijk);35120;Beheer en exploitatie van transportnetten voor elektriciteit, aardgas en warm water;108327;500235;pub_0502;Olie- gaswinning land;45522;Noodgenerator: MTU ¿ 12V396 TC34;108308;500127;P;6.0;;;;0.1;12.0;0.0;0.01;0.0;566.959562556067;108308;500126;108327;500234
301;ER Reeks 1990-2022 Definitief;2022;204;Koolstofdioxide;T151100;SBI 46/47 (per bedrijf): Detail- en groothandel;21530;Oxea Nederland BV;46120;Handelsbemiddeling in brandstoffen, ertsen, metalen en chemische producten;115320;491100;pub_1201;Energiegebruik en processen Handel, Diensten en Overheid (HDO);42673;Schoorsteen Hot Oil Heater;114286;491975;P;11.0;;;;0.57;263.0;9.0;4.89;1.576;1403083.0;114286;491974;115320;491099
302;ER Reeks 1990-2022 Definitief;2022;204;Koolstofdioxide;T100201;SBI 10-12 (per bedrijf): Voedings- & genotmiddelenindustrie;22012;CONO Kaasmakers (Middenbeemster);10510;Vervaardiging van zuivelproducten (geen consumptie-ijs);120220;507805;pub_0216;Voedings- en genotmiddelenindustrie;35586;Ketelhuis/Stoomketel;120257;507751;P;14.0;;;;0.0;;;;0.028;6699285.0;120257;507750;120220;507804
303;ER Reeks 1990-2022 Definitief;2022;204;Koolstofdioxide;T100201;SBI 10-12 (per bedrijf): Voedings- & genotmiddelenindustrie;72914;Abbott Laboratories B.V.;10860;Vervaardiging van gehomogeniseerde voedingspreparaten en dieetvoeding;201500;503488;pub_0216;Voedings- en genotmiddelenindustrie;45158;Emissiepunten Utilities;201465;503324;P;13.0;;;;0.5;56.0;3.0;1.5;0.085;9687242.0;201465;503323;201500;503487
304;ER Reeks 1990-2022 Definitief;2022;204;Koolstofdioxide;T101100;SBI 20.1 (per bedrijf): Vervaardiging van chemische basisproducten;10004;Lyondell Chemie Nederland BV;20141;Vervaardiging van petrochemische producten;76900;433220;pub_0301;Chemische Industrie basisproducten;35302;Puntbronnen fakkel;76940;433010;P;50.0;;;;0.0;;;;20.0;31835266.0;76940;433009;76900;433219
305;ER Reeks 1990-2022 Definitief;2022;204;Koolstofdioxide;T101100;SBI 20.1 (per bedrijf): Vervaardiging van chemische basisproducten;10006;Shell Nederland Chemie BV (Pernis);20141;Vervaardiging van petrochemische producten;84625;433319;pub_0301;Chemische Industrie basisproducten;44236;COD fakkel;84886;433171;P;80.0;;;;0.0;;;;5.2;10245338.000000002;84886;433170;84625;433318
306;ER Reeks 1990-2022 Definitief;2022;204;Koolstofdioxide;T101100;SBI 20.1 (per bedrijf): Vervaardiging van chemische basisproducten;10001;Nobian Industrial Chemicals BV (Botlek);20130;Vervaardiging van overige anorganische basischemicaliën;78660;432300;pub_0301;Chemische Industrie basisproducten;39653;F-3201    EVB;78650;432120;P;30.0;;;;0.0;;;;2.6;44254283.7873727;78650;432119;78660;432299
307;ER Reeks 1990-2022 Definitief;2022;204;Koolstofdioxide;T102201;SBI 19.201 (per bedrijf): Aardolieraffinage;203159;Eco Fuels Netherlands BV;19201;Aardolieraffinage;250767;608511;pub_0401;Raffinage en verwerking;18668;ketel1;250631;608266;P;9.0;;;;1.54;;;;0.5817;4270000.0;250631;608265;250767;608510
308;ER Reeks 1990-2022 Definitief;2022;204;Koolstofdioxide;T104706;SBI 24.45 (per bedrijf) Vervaardiging van overige non-ferrometalen, zink;43013;Nyrstar Budel BV;24430;Vervaardiging van lood, zink en tin;169900;361000;pub_0201;Basismetaal;38980;ontluchting logings- en zuiveringsvaten van de filterkoekbehandeling (emissiepunt 11);169900;361000;P;17.0;;;;0.28;30.0;;25.7;0.50115;2905.0;169900;360999;169900;360999
309;ER Reeks 1990-2022 Definitief;2022;204;Koolstofdioxide;T104706;SBI 24.45 (per bedrijf) Vervaardiging van overige non-ferrometalen, zink;43013;Nyrstar Budel BV;24430;Vervaardiging van lood, zink en tin;169900;361000;pub_0201;Basismetaal;38987;schoorsteen loosketel (emissiepunt 44);169900;361000;P;8.0;;;;0.4;;;;1.895;2196961.0;169900;360999;169900;360999
310;ER Reeks 1990-2022 Definitief;2022;204;Koolstofdioxide;T106200;SBI 25 (per bedrijf): Metaalproductenindustrie (exclusief machinebouw);43205;Verzinkerij West Brabant BV;25610;Oppervlaktebehandeling en bekleding van metaal;97350;400580;pub_0210;Metaalelektro;38084;schoorsteen verzinkoven;97350;400580;P;10.0;;;;0.13;;;;0.002;288000.0;97350;400579;97350;400579
311;ER Reeks 1990-2022 Definitief;2022;204;Koolstofdioxide;T101100;SBI 20.1 (per bedrijf): Vervaardiging van chemische basisproducten;101104;Dow Benelux BV (Delfzijl);20141;Vervaardiging van petrochemische producten;259700;592600;pub_0301;Chemische Industrie basisproducten;42447;Fornuis FU-610;259700;592600;P;17.0;;;;0.0;190.0;;0.27;0.062;800155.0;259700;592599;259700;592599
312;ER Reeks 1990-2022 Definitief;2022;204;Koolstofdioxide;T101100;SBI 20.1 (per bedrijf): Vervaardiging van chemische basisproducten;101104;Dow Benelux BV (Delfzijl);20141;Vervaardiging van petrochemische producten;259700;592600;pub_0301;Chemische Industrie basisproducten;42451;Stoomboiler B-740;259700;592600;P;8.0;;;;0.0;150.0;;0.29;0.051;2096788.0;259700;592599;259700;592599
313;ER Reeks 1990-2022 Definitief;2022;204;Koolstofdioxide;T101100;SBI 20.1 (per bedrijf): Vervaardiging van chemische basisproducten;101105;PQ Silicas BV (Winschoten);20130;Vervaardiging van overige anorganische basischemicaliën;266100;573750;pub_0301;Chemische Industrie basisproducten;42555;Biersilica productie;266080;573750;P;16.0;;;;0.3;;;;0.03;467980.0;266080;573749;266100;573749
314;ER Reeks 1990-2022 Definitief;2022;204;Koolstofdioxide;T101100;SBI 20.1 (per bedrijf): Vervaardiging van chemische basisproducten;101108;PPG Industries Chemicals BV;20130;Vervaardiging van overige anorganische basischemicaliën;261590;591898;pub_0301;Chemische Industrie basisproducten;35050;stoomketels;261661;591853;P;26.0;;;;0.0;;;;0.04;175000.0;261661;591852;261590;591897
315;ER Reeks 1990-2022 Definitief;2022;204;Koolstofdioxide;T101100;SBI 20.1 (per bedrijf): Vervaardiging van chemische basisproducten;101407;Zeolyst CV;20130;Vervaardiging van overige anorganische basischemicaliën;261647;592403;pub_0301;Chemische Industrie basisproducten;42476;droger 6401 & verwarming;261647;592403;P;16.0;;;;0.16;;;;0.014;28595.0;261647;592402;261647;592402
316;ER Reeks 1990-2022 Definitief;2022;204;Koolstofdioxide;T107100;SBI 08 (per bedrijf): Winning van delfstoffen (geen olie en gas);101408;Nedmag BV;8990;Winning van overige delfstoffen n.e.g.;256065;570785;pub_0802;Overig bouw;42862;Schoorsteen Calmag;256086;571115;P;24.0;;;;1.0;70.0;7.0;6.95;0.518;19573239.0;256086;571114;256065;570784
317;ER Reeks 1990-2022 Definitief;2022;204;Koolstofdioxide;T103600;SBI 20.59 (per bedrijf): Vervaardiging van overige chemische producten n.e.g.;203785;Neste Oil Netherlands B.V.;20590;Vervaardiging van overige chemische producten n.e.g.;62613;442920;pub_0304;Chemische Industrie overig;44611;CO2-absorber;62241;442811;P;25.0;;;;0.07;53.0;14.0;0.98;0.052;49658800.3;62241;442810;62613;442919
318;ER Reeks 1990-2022 Definitief;2022;204;Koolstofdioxide;T103600;SBI 20.59 (per bedrijf): Vervaardiging van overige chemische producten n.e.g.;203785;Neste Oil Netherlands B.V.;20590;Vervaardiging van overige chemische producten n.e.g.;62613;442920;pub_0304;Chemische Industrie overig;44612;Flare;62010;442860;P;80.0;;;;0.3;;;;7.17;9871930.0;62010;442859;62613;442919
319;ER Reeks 1990-2022 Definitief;2022;204;Koolstofdioxide;T108500;SBI 35 (per bedrijf): Productie en distributie van elektriciteit en gas;204361;Ecofuels BV;35113;Productie van elektriciteit door zonnecellen, warmtepompen en waterkracht;207186;397108;pub_0503;Opwekking electriciteit;45999;WKK installaties op biogas;207288;397207;P;12.0;;;;1.0;180.0;2.0;2.3;0.496;14280069.0;207288;397206;207186;397107
320;ER Reeks 1990-2022 Definitief;2022;204;Koolstofdioxide;T108500;SBI 35 (per bedrijf): Productie en distributie van elektriciteit en gas;204654;Enecogen VOF;35120;Beheer en exploitatie van transportnetten voor elektriciteit, aardgas en warm water;66120;441896;pub_0503;Opwekking electriciteit;41920;Hot Water Station;66059;441812;P;8.0;;;;1.5;40.0;1.0;1.26;0.045;703611.1;66059;441811;66120;441895
321;ER Reeks 1990-2022 Definitief;2022;204;Koolstofdioxide;T108500;SBI 35 (per bedrijf): Productie en distributie van elektriciteit en gas;204654;Enecogen VOF;35120;Beheer en exploitatie van transportnetten voor elektriciteit, aardgas en warm water;66120;441896;pub_0503;Opwekking electriciteit;41923;Noodstrrom diesel Unit 20;66018;441715;P;3.0;;;;0.5;565.0;5.0;2.5;0.01775;26022.56;66018;441714;66120;441895
322;ER Reeks 1990-2022 Definitief;2022;204;Koolstofdioxide;T108502;SBI 35.12 (per bedrijf): Transportnet voor aardgas;101515;Gasunie (Spijk);35120;Beheer en exploitatie van transportnetten voor elektriciteit, aardgas en warm water;253587;603833;pub_0502;Olie- gaswinning land;42781;2-1 DLS HVA16;253608;603899;P;14.0;;;;0.4;403.0;;3.25;1.6393;21974.0;253608;603898;253587;603832
323;ER Reeks 1990-2022 Definitief;2022;204;Koolstofdioxide;T108502;SBI 35.12 (per bedrijf): Transportnet voor aardgas;101515;Gasunie (Spijk);35120;Beheer en exploitatie van transportnetten voor elektriciteit, aardgas en warm water;253587;603833;pub_0502;Olie- gaswinning land;42782;3-1 SOLAR;253528;603814;P;9.0;;;;0.95;431.0;;9.38;5.072704;45803.0;253528;603813;253587;603832
324;ER Reeks 1990-2022 Definitief;2022;204;Koolstofdioxide;T100201;SBI 10-12 (per bedrijf): Voedings- & genotmiddelenindustrie;102001;FrieslandCampina Bedum;10510;Vervaardiging van zuivelproducten (geen consumptie-ijs);235710;592080;pub_0216;Voedings- en genotmiddelenindustrie;35491;Divers, overig, diffuus;235710;592080;P;5.0;;;;0.0;;;;0.0;1254532.0;235710;592079;235710;592079
325;ER Reeks 1990-2022 Definitief;2022;204;Koolstofdioxide;T100201;SBI 10-12 (per bedrijf): Voedings- & genotmiddelenindustrie;102001;FrieslandCampina Bedum;10510;Vervaardiging van zuivelproducten (geen consumptie-ijs);235710;592080;pub_0216;Voedings- en genotmiddelenindustrie;35492;Afvoer toren 2;235698;592069;P;29.0;;;;0.0;;;;0.335;3521440.0;235698;592068;235710;592079
326;ER Reeks 1990-2022 Definitief;2022;204;Koolstofdioxide;T100201;SBI 10-12 (per bedrijf): Voedings- & genotmiddelenindustrie;10086;NV Nutricia Zoetermeer;10510;Vervaardiging van zuivelproducten (geen consumptie-ijs);93800;451400;pub_0216;Voedings- en genotmiddelenindustrie;8336;Stoomketels;93700;451400;P;12.0;;;;0.8;125.7;3.0;2.51;0.366;10100000.0;93700;451399;93800;451399
327;ER Reeks 1990-2022 Definitief;2022;204;Koolstofdioxide;T102201;SBI 19.201 (per bedrijf): Aardolieraffinage;10057;Shell Nederland Raffinaderij BV;19201;Aardolieraffinage;82574;432924;pub_0401;Raffinage en verwerking;42219;SGHP;82600;433200;P;80.0;;;;0.2;;;;0.3;999868260.0;82600;433199;82574;432923
328;ER Reeks 1990-2022 Definitief;2022;204;Koolstofdioxide;T106200;SBI 25 (per bedrijf): Metaalproductenindustrie (exclusief machinebouw);205183;Van Merksteijn International BV;25930;Vervaardiging van artikelen van draad en van kettingen en veren;238760;487181;pub_0210;Metaalelektro;45638;Voertuigen;238804;487347;O;2.0;400.0;400.0;45.0;0.5;900.0;16.0;8.0;9.121;934780.0;238804;487346;238760;487180
329;ER Reeks 1990-2022 Definitief;2022;204;Koolstofdioxide;T108500;SBI 35 (per bedrijf): Productie en distributie van elektriciteit en gas;205186;Eneco Solar, Bio & Hydro / HWC Ypenburg;35120;Beheer en exploitatie van transportnetten voor elektriciteit, aardgas en warm water;84489;451037;pub_0503;Opwekking electriciteit;45821;Ketel1;84493;451045;P;15.0;;;;0.33;75.0;7.0;2.4;0.194;2209127.0;84493;451044;84489;451036
330;ER Reeks 1990-2022 Definitief;2022;204;Koolstofdioxide;T101702;SBI 20.5 (per bedrijf): Overige chemische producten;21101;Albemarle Catalysts Company B.V.;20590;Vervaardiging van overige chemische producten n.e.g.;124570;488620;pub_0304;Chemische Industrie overig;7557;KL-1371, eind calciner FCC;124150;488800;P;13.0;;;;0.0;500.0;0.0;0.14;0.088;1350000.0;124150;488799;124570;488619
331;ER Reeks 1990-2022 Definitief;2022;204;Koolstofdioxide;T101702;SBI 20.5 (per bedrijf): Overige chemische producten;21101;Albemarle Catalysts Company B.V.;20590;Vervaardiging van overige chemische producten n.e.g.;124570;488620;pub_0304;Chemische Industrie overig;7561;KL-3901;124230;488780;P;20.0;;;;0.0;60.0;0.0;0.042;0.003;118000.0;124230;488779;124570;488619
332;ER Reeks 1990-2022 Definitief;2022;204;Koolstofdioxide;T101702;SBI 20.5 (per bedrijf): Overige chemische producten;21101;Albemarle Catalysts Company B.V.;20590;Vervaardiging van overige chemische producten n.e.g.;124570;488620;pub_0304;Chemische Industrie overig;7562;MPC-proces;124190;488850;P;10.0;;;;0.0;130.0;;2.2;0.333;70052.0;124190;488849;124570;488619
333;ER Reeks 1990-2022 Definitief;2022;204;Koolstofdioxide;T100300;SBI 13/14 (per bedrijf): Vervaardiging van textiel en kleding;44162;Vlisco Helmond BV;13300;Textielveredeling;173650;387400;pub_0215;Textiel- en tapijtindustrie;36341;Drogen| spanramen 20&21;173650;387400;P;26.0;;;;0.0;102.0;;2.8;0.31668;573356.0;173650;387399;173650;387399
334;ER Reeks 1990-2022 Definitief;2022;204;Koolstofdioxide;T102300;SBI 24.4/24.5 (per bedrijf): Basismetaalindustrie, vervaardiging van non-ferro metalen en gieten van metalen;90;Componenta BV (Hoensbroek);24510;Gieten van ijzer;193920;324330;pub_0201;Basismetaal;41853;Divers, overig, diffuus;193920;324330;P;5.0;;;;0.0;;;;0.0;720761.0;193920;324329;193920;324329
335;ER Reeks 1990-2022 Definitief;2022;204;Koolstofdioxide;T100201;SBI 10-12 (per bedrijf): Voedings- & genotmiddelenindustrie;92004;Hochwald Nederland BV;10510;Vervaardiging van zuivelproducten (geen consumptie-ijs);163330;563820;pub_0216;Voedings- en genotmiddelenindustrie;36533;Ketel-4;163325;563814;P;50.0;;;;0.0;;;;0.306;9083394.0;163325;563813;163330;563819
336;ER Reeks 1990-2022 Definitief;2022;204;Koolstofdioxide;T100201;SBI 10-12 (per bedrijf): Voedings- & genotmiddelenindustrie;92004;Hochwald Nederland BV;10510;Vervaardiging van zuivelproducten (geen consumptie-ijs);163330;563820;pub_0216;Voedings- en genotmiddelenindustrie;45478;lakstraat;163382;563718;P;15.0;;;;0.0;485.0;;0.92;0.559;592936.0;163382;563717;163330;563819
337;ER Reeks 1990-2022 Definitief;2022;204;Koolstofdioxide;T100201;SBI 10-12 (per bedrijf): Voedings- & genotmiddelenindustrie;92008;Exploitatiemaatschappij Phoenix BV;10510;Vervaardiging van zuivelproducten (geen consumptie-ijs);181400;551120;pub_0216;Voedings- en genotmiddelenindustrie;36355;Droogtoren Egron 2;181456;551099;P;30.0;;;;0.0;;;;0.4;1876368.0;181456;551098;181400;551119
338;ER Reeks 1990-2022 Definitief;2022;204;Koolstofdioxide;T100201;SBI 10-12 (per bedrijf): Voedings- & genotmiddelenindustrie;92008;Exploitatiemaatschappij Phoenix BV;10510;Vervaardiging van zuivelproducten (geen consumptie-ijs);181400;551120;pub_0216;Voedings- en genotmiddelenindustrie;36357;Stoomconversie ketel 1;181473;551091;P;36.0;;;;0.0;;;;0.33;10800000.0;181473;551090;181400;551119
339;ER Reeks 1990-2022 Definitief;2022;204;Koolstofdioxide;T106100;SBI 22.2 (per bedrijf): Vervaardiging van producten van kunststof;24605;Forbo Flooring BV;22230;Vervaardiging van kunststofproducten voor de bouw;112868;500232;pub_0213;Rubber- en kunstofverw. Industrie;45659;ep  B5-1-3;113126;500668;P;22.0;;;;0.52;25.0;12.0;6.3;0.105;197919.2;113126;500667;112868;500231
340;ER Reeks 1990-2022 Definitief;2022;204;Koolstofdioxide;T102201;SBI 19.201 (per bedrijf): Aardolieraffinage;10061;Esso Nederland BV (Raffinaderij Rotterdam);19201;Aardolieraffinage;79871;432082;pub_0401;Raffinage en verwerking;45593;Stoomketels (SG8101A/B);79782;432360;P;90.0;;;;10.752;;;;11.991;377384119.0;79782;432359;79871;432081
341;ER Reeks 1990-2022 Definitief;2022;204;Koolstofdioxide;T102201;SBI 19.201 (per bedrijf): Aardolieraffinage;10061;Esso Nederland BV (Raffinaderij Rotterdam);19201;Aardolieraffinage;79871;432082;pub_0401;Raffinage en verwerking;45596;WKK installatie (COGEN);79802;432243;P;60.0;;;;11.341;;;;22.984;392824722.0;79802;432242;79871;432081
342;ER Reeks 1990-2022 Definitief;2022;204;Koolstofdioxide;T100201;SBI 10-12 (per bedrijf): Voedings- & genotmiddelenindustrie;22102;Loders Croklaan B.V.;10410;Vervaardiging van plantaardige en dierlijke oliën en vetten (geen margarine en andere spijsvetten);115800;499830;pub_0216;Voedings- en genotmiddelenindustrie;37039;Geka Ketel Stomer 3;115744;499662;P;25.0;;;;0.96;320.0;0.0;0.24;0.095;13444.0;115744;499661;115800;499829
343;ER Reeks 1990-2022 Definitief;2022;204;Koolstofdioxide;T107000;SBI 38.3 (per bedrijf): Voorbereiding tot recycling;93604;Nederlandse Onttinningsfabriek BV;38320;Gesorteerd materiaal voorbereiden tot recycling;180500;578200;pub_0904;Overige afvalbedrijven;42706;stookketel;180500;578200;P;9.0;;;;1.257;166.0;9.0;11.06;0.0;1157273.0;180500;578199;180500;578199
344;ER Reeks 1990-2022 Definitief;2022;204;Koolstofdioxide;T104300;SBI 23.32 (per bedrijf): Vervaardiging van bakstenen en dakpannen;94;Steenfabriek Gebroeders Klinkers BV;23320;Vervaardiging van keramische producten voor de bouw (geen tegels en plavuizen);175280;320990;pub_0203;Bouwmaterialenindustrie;37110;Totaal;175280;320990;P;15.0;;;;0.79;67.0;13.0;10.65;0.752;3091358.674;175280;320989;175280;320989
345;ER Reeks 1990-2022 Definitief;2022;204;Koolstofdioxide;T108500;SBI 35 (per bedrijf): Productie en distributie van elektriciteit en gas;94003;GDF SUEZ Centrale Bergum;35111;Productie van elektriciteit door thermische, kern- en warmtekrachtcentrales;197930;580516;pub_0503;Opwekking electriciteit;44617;BG11;197929;580540;P;48.0;;;;13.0;560.0;24.0;311.0;6.0;1199895.0;197929;580539;197930;580515
346;ER Reeks 1990-2022 Definitief;2022;204;Koolstofdioxide;T100600;SBI 17 (per bedrijf): Vervaardiging van papier, karton en papier- en kartonwaren;94301;Huhtamaki Nederland BV;17290;Vervaardiging van overige papier- en kartonwaren;165330;577300;pub_0211;Papier(waren);40769;Intern wegtransport;165384;577339;P;4.0;;;;0.0;;;;0.0;6155.6069;165384;577338;165330;577299
347;ER Reeks 1990-2022 Definitief;2022;204;Koolstofdioxide;T100600;SBI 17 (per bedrijf): Vervaardiging van papier, karton en papier- en kartonwaren;94301;Huhtamaki Nederland BV;17290;Vervaardiging van overige papier- en kartonwaren;165330;577300;pub_0211;Papier(waren);40776;M6;165404;577305;P;10.0;;;;0.0;;;;2.2;2841217.71;165404;577304;165330;577299
348;ER Reeks 1990-2022 Definitief;2022;204;Koolstofdioxide;T100600;SBI 17 (per bedrijf): Vervaardiging van papier, karton en papier- en kartonwaren;94301;Huhtamaki Nederland BV;17290;Vervaardiging van overige papier- en kartonwaren;165330;577300;pub_0211;Papier(waren);40777;M61;165415;577394;P;8.0;;;;0.0;;;;0.8;814631.26;165415;577393;165330;577299
349;ER Reeks 1990-2022 Definitief;2022;204;Koolstofdioxide;T100201;SBI 10-12 (per bedrijf): Voedings- & genotmiddelenindustrie;99011;Sonac Harlingen BV;10410;Vervaardiging van plantaardige en dierlijke oliën en vetten (geen margarine en andere spijsvetten);158248;577032;pub_0216;Voedings- en genotmiddelenindustrie;43536;Divers, overig, diffuus;158248;577032;P;5.0;;;;;;;;0.0;1460000.0;158248;577031;158248;577031
350;ER Reeks 1990-2022 Definitief;2022;204;Koolstofdioxide;T102202;SBI 24.1-24.3 (per bedrijf): Basismetaalindustrie, verwerking en vervaardiging ijzer en staal;23301;Tata Steel IJmuiden BV;24100;Vervaardiging van ijzer en staal en van ferrolegeringen;100985;499055;pub_0201;Basismetaal;44809;ENB11;101822;498965;P;40.0;;;;2.5434;;;;5.367;218270261.85921755;101822;498964;100985;499054
351;ER Reeks 1990-2022 Definitief;2022;204;Koolstofdioxide;T100201;SBI 10-12 (per bedrijf): Voedings- & genotmiddelenindustrie;10728;Cargill B.V.;10410;Vervaardiging van plantaardige en dierlijke oliën en vetten (geen margarine en andere spijsvetten);78989;433152;pub_0216;Voedings- en genotmiddelenindustrie;42528;Schoorsteen stoomketel F-520;78000;434123;P;10.0;;;;0.18;;;;1.745;720415.0;78000;434122;78989;433151
352;ER Reeks 1990-2022 Definitief;2022;204;Koolstofdioxide;T102102;SBI 23 (per bedrijf): Bouwmaterialen- en glasindustrie;10789;Monier BV (Woerden);23320;Vervaardiging van keramische producten voor de bouw (geen tegels en plavuizen);119600;455350;pub_0203;Bouwmaterialenindustrie;41729;drogerij;119600;455350;P;3.0;;;;1.0;;;;0.9;1029123.0;119600;455349;119600;455349
353;ER Reeks 1990-2022 Definitief;2022;204;Koolstofdioxide;T101100;SBI 20.1 (per bedrijf): Vervaardiging van chemische basisproducten;102008;Covestro B.V.;20160;Vervaardiging van kunststof in primaire vorm;243543;577139;pub_0301;Chemische Industrie basisproducten;40766;ruimte verwarming;243530;576750;P;10.0;;;;0.0;;;;0.021;113330.0;243530;576749;243543;577138
354;ER Reeks 1990-2022 Definitief;2022;204;Koolstofdioxide;T100201;SBI 10-12 (per bedrijf): Voedings- & genotmiddelenindustrie;102504;Rixona BV (Warffum);10310;Vervaardiging van aardappelproducten;230757;601513;pub_0216;Voedings- en genotmiddelenindustrie;46213;stoomketel 2;230815;601564;P;15.0;;;;0.7845;;;;0.065;3026133.5;230815;601563;230757;601512
355;ER Reeks 1990-2022 Definitief;2022;204;Koolstofdioxide;T100201;SBI 10-12 (per bedrijf): Voedings- & genotmiddelenindustrie;102620;Avebe u.a. (Ter Apelkanaal);10620;Vervaardiging van zetmeel en zetmeelproducten;266540;549498;pub_0216;Voedings- en genotmiddelenindustrie;43056;Schoorsteen WKK 2;266618;549537;P;16.0;;;;2.54;105.0;10.0;24.48;2.923;25000000.0;266618;549536;266540;549497
356;ER Reeks 1990-2022 Definitief;2022;204;Koolstofdioxide;T108500;SBI 35 (per bedrijf): Productie en distributie van elektriciteit en gas;104001;ENGIE Energie Nederland NV (Eemscentrale);35111;Productie van elektriciteit door thermische, kern- en warmtekrachtcentrales;254265;606627;pub_0503;Opwekking electriciteit;42515;EC5;254265;606627;P;67.0;;;;39.0;90.0;15.0;580.0;58.088;290977840.0;254265;606626;254265;606626
357;ER Reeks 1990-2022 Definitief;2022;204;Koolstofdioxide;T104201;SBI 38.2 (per bedrijf): Afvalinzameling/beh, AVI's;28091;HVC (Alkmaar);38210;Behandeling van onschadelijk afval;112698;513765;pub_0901;AVI's;42985;Divers, overig, diffuus;112698;513765;P;5.0;;;;0.0;;;;0.0;271950.0;112698;513764;112698;513764
358;ER Reeks 1990-2022 Definitief;2022;204;Koolstofdioxide;T102102;SBI 23 (per bedrijf): Bouwmaterialen- en glasindustrie;4711;Wienerberger Steenfabriek Thorn;23320;Vervaardiging van keramische producten voor de bouw (geen tegels en plavuizen);188170;352040;pub_0203;Bouwmaterialenindustrie;44228;Standaard steenbakkerij;188170;352040;P;30.0;;;;0.0;;;;1.0;11717435.6566;188170;352039;188170;352039
359;ER Reeks 1990-2022 Definitief;2022;204;Koolstofdioxide;T102102;SBI 23 (per bedrijf): Bouwmaterialen- en glasindustrie;4753;Rockwool B.V.;23990;Vervaardiging van niet-metaalhoudende minerale producten (geen schuur-, slijp- en polijstmiddelen);200915;353671;pub_0203;Bouwmaterialenindustrie;35004;Lijn 6 bouwproducten, dakplaten en teeltsubstraat;200870;353780;P;100.0;;;;0.49;199.0;17.0;9.7;2.048;32249571.15315;200870;353779;200915;353670
360;ER Reeks 1990-2022 Definitief;2022;204;Koolstofdioxide;T102102;SBI 23 (per bedrijf): Bouwmaterialen- en glasindustrie;4753;Rockwool B.V.;23990;Vervaardiging van niet-metaalhoudende minerale producten (geen schuur-, slijp- en polijstmiddelen);200915;353671;pub_0203;Bouwmaterialenindustrie;44614;Recycling en logistiek;200890;353790;P;10.0;;;;0.95;30.0;9.0;8.33;0.193;330805.530975;200890;353789;200915;353670
361;ER Reeks 1990-2022 Definitief;2022;204;Koolstofdioxide;T101100;SBI 20.1 (per bedrijf): Vervaardiging van chemische basisproducten;48002;Unipol Holland BV;20160;Vervaardiging van kunststof in primaire vorm;166312;421568;pub_0301;Chemische Industrie basisproducten;37470;stoomketels 1 en 2 en cv installaties;166302;421629;P;8.0;;;;0.34;209.0;1.0;0.172;0.044;49827.0;166302;421628;166312;421567
362;ER Reeks 1990-2022 Definitief;2022;204;Koolstofdioxide;T102102;SBI 23 (per bedrijf): Bouwmaterialen- en glasindustrie;44773;Saint Gobain Construction Products;23140;Vervaardiging van glasvezels;100624;397751;pub_0203;Bouwmaterialenindustrie;37437;Hardingsovens lijnen en Recepties Glaswol;100720;397680;P;60.0;;;;9.0;38.0;11.0;96.4;3.218;17503268.0;100720;397679;100624;397750
363;ER Reeks 1990-2022 Definitief;2022;204;Koolstofdioxide;T104201;SBI 38.2 (per bedrijf): Afvalinzameling/beh, AVI's;47001;Slibverwerking Noord-Brabant;38210;Behandeling van onschadelijk afval;99196;411514;pub_0901;AVI's;35518;Schoorsteen stookinstallatie;99196;411514;P;60.0;;;;2.5;110.0;3.0;7.4;0.931;145000000.0;99196;411513;99196;411513
364;ER Reeks 1990-2022 Definitief;2022;204;Koolstofdioxide;T101100;SBI 20.1 (per bedrijf): Vervaardiging van chemische basisproducten;104710;ESD-SIC BV;20130;Vervaardiging van overige anorganische basischemicaliën;260222;591232;pub_0301;Chemische Industrie basisproducten;42642;ETC (energietreugwinningscentrale procesgasverbranding);260250;591280;P;50.0;;;;1.43;;;;45.0;78541398.0;260250;591279;260222;591231
365;ER Reeks 1990-2022 Definitief;2022;204;Koolstofdioxide;T104300;SBI 23.32 (per bedrijf): Vervaardiging van bakstenen en dakpannen;104756;Steenindustrie Strating BV;23320;Vervaardiging van keramische producten voor de bouw (geen tegels en plavuizen);262250;568350;pub_0203;Bouwmaterialenindustrie;43266;Schoorsteen;262250;568350;P;50.0;;;;2.0;160.0;1.0;2.34;0.445;920453.251230001;262250;568349;262250;568349
366;ER Reeks 1990-2022 Definitief;2022;204;Koolstofdioxide;T103700;SBI 20.6 (per bedrijf): Vervaardiging van synthetische en kunstmatige vezels;105004;Teijin Aramid BV;20600;Vervaardiging van synthetische en kunstmatige vezels;258810;593450;pub_0304;Chemische Industrie overig;35151;Gas gestookt fornuis AF-8201C = L36;259790;593540;P;25.0;;;;0.0;;;;0.49;7571285.92077581;259790;593539;258810;593449
367;ER Reeks 1990-2022 Definitief;2022;204;Koolstofdioxide;T102500;SBI 20.13 (per bedrijf): Basischemie anorganisch;105016;Nobian Chemicals BV (Chemie Park Delfzijl);20130;Vervaardiging van overige anorganische basischemicaliën;259000;593700;pub_0301;Chemische Industrie basisproducten;42714;MCA C-2340;259000;593700;P;20.0;;;;0.19;25.0;16.0;3.04;0.051;1589560.0;259000;593699;259000;593699
368;ER Reeks 1990-2022 Definitief;2022;204;Koolstofdioxide;T100300;SBI 13/14 (per bedrijf): Vervaardiging van textiel en kleding;10621;Hunter Douglas Europe BV;13960;Vervaardiging van technisch en industrieel textiel;94850;436030;pub_0215;Textiel- en tapijtindustrie;38820;Stoomketel;94840;436000;P;8.0;;;;0.4;;;;0.001;121049.0;94840;435999;94850;436029
369;ER Reeks 1990-2022 Definitief;2022;204;Koolstofdioxide;T100201;SBI 10-12 (per bedrijf): Voedings- & genotmiddelenindustrie;48031;FrieslandCampina Den Bosch;10510;Vervaardiging van zuivelproducten (geen consumptie-ijs);151000;410600;pub_0216;Voedings- en genotmiddelenindustrie;36385;Divers, overig, diffuus;151000;410600;P;5.0;;;;0.0;;;;0.0;144849.801;151000;410599;151000;410599
370;ER Reeks 1990-2022 Definitief;2022;204;Koolstofdioxide;T104706;SBI 24.45 (per bedrijf) Vervaardiging van overige non-ferrometalen, zink;48073;Nedzink BV;24430;Vervaardiging van lood, zink en tin;169850;360930;pub_0201;Basismetaal;34995;Koudwals;169850;360930;P;30.0;;;;1.7;;;;0.001;384969.078;169850;360929;169850;360929
371;ER Reeks 1990-2022 Definitief;2022;204;Koolstofdioxide;T101100;SBI 20.1 (per bedrijf): Vervaardiging van chemische basisproducten;5727;Umicore Nederland BV;20120;Vervaardiging van kleurstoffen en pigmenten;178058;308751;pub_0301;Chemische Industrie basisproducten;36140;Schoorsteen branders;178240;308900;P;25.0;;;;0.0;;;;0.661;937285.616175;178240;308899;178058;308750
372;ER Reeks 1990-2022 Definitief;2022;204;Koolstofdioxide;T102400;SBI 20.12 (per bedrijf): Vervaardiging van kleur- en verfstoffen;5727;Umicore Nederland BV;20120;Vervaardiging van kleurstoffen en pigmenten;178058;308751;pub_0301;Chemische Industrie basisproducten;36141;Schoorsteen ovens;178160;309020;P;12.0;;;;0.0;;;;0.074;2949382.452150003;178160;309019;178058;308750
373;ER Reeks 1990-2022 Definitief;2022;204;Koolstofdioxide;T100300;SBI 13/14 (per bedrijf): Vervaardiging van textiel en kleding;74120;Ten Cate Protect BV afd Protective Fabrics;13300;Textielveredeling;228800;487380;pub_0215;Textiel- en tapijtindustrie;38929;Divers, overig, diffuus;228800;487380;P;5.0;;;;0.0;;;;0.0;2111853.0;228800;487379;228800;487379
374;ER Reeks 1990-2022 Definitief;2022;204;Koolstofdioxide;T101100;SBI 20.1 (per bedrijf): Vervaardiging van chemische basisproducten;11366;Emerald Kalama Chemical Rotterdam BV;20149;Vervaardiging van organische basischemicaliën (geen petrochemische producten);77444;433673;pub_0301;Chemische Industrie basisproducten;37478;F-6005 Stoomketel;77870;433800;P;40.0;;;;1.9;106.4;5.0;8.8;1.067;22351309.61805;77870;433799;77444;433672
375;ER Reeks 1990-2022 Definitief;2022;204;Koolstofdioxide;T106100;SBI 22.2 (per bedrijf): Vervaardiging van producten van kunststof;115066;Trespa International BV;22210;Vervaardiging van platen, folie, buizen en profielen van kunststof;173461;361310;pub_0213;Rubber- en kunstofverw. Industrie;36390;Procesemissies;173461;361310;P;30.0;;;;1.54;175.0;7.0;11.1;2.323;4539010.0;173461;361309;173461;361309
376;ER Reeks 1990-2022 Definitief;2022;204;Koolstofdioxide;T108500;SBI 35 (per bedrijf): Productie en distributie van elektriciteit en gas;115085;Enecal Energy VOF;35111;Productie van elektriciteit door thermische, kern- en warmtekrachtcentrales;77000;434000;pub_0503;Opwekking electriciteit;38344;KetelC;77000;434000;P;35.0;;;;12.0;140.0;16.0;193.5;31.802;198835583.0;77000;433999;77000;433999
377;ER Reeks 1990-2022 Definitief;2022;204;Koolstofdioxide;T100201;SBI 10-12 (per bedrijf): Voedings- & genotmiddelenindustrie;115185;DOC Kaas (Zuivelpark);10510;Vervaardiging van zuivelproducten (geen consumptie-ijs);231671;525745;pub_0216;Voedings- en genotmiddelenindustrie;35451;Nooddieselaggregaat;231455;525805;P;19.0;;;;0.54;;;;1.245;3949.0;231455;525804;231671;525744
378;ER Reeks 1990-2022 Definitief;2022;204;Koolstofdioxide;T103000;SBI 20.3 (per bedrijf): Vervaardiging van verf, lak, vernis, inkt en mastiek;61213;PPG Coatings;20300;Vervaardiging van verf, vernis e.d., drukinkt en mastiek;156750;432750;pub_0304;Chemische Industrie overig;38996;CV-ketel 2 (gebouw 60);156750;432750;P;7.0;;;;0.49;147.0;0.0;0.01722;0.003;110012.0;156750;432749;156750;432749
379;ER Reeks 1990-2022 Definitief;2022;204;Koolstofdioxide;T100201;SBI 10-12 (per bedrijf): Voedings- & genotmiddelenindustrie;61411;Sonac Vuren BV;10410;Vervaardiging van plantaardige en dierlijke oliën en vetten (geen margarine en andere spijsvetten);134570;427150;pub_0216;Voedings- en genotmiddelenindustrie;37395;Schrootdroger;134570;427150;P;62.0;;;;0.0;61.0;;6.8;0.428;3573787.0;134570;427149;134570;427149
380;ER Reeks 1990-2022 Definitief;2022;204;Koolstofdioxide;T104201;SBI 38.2 (per bedrijf): Afvalinzameling/beh, AVI's;75305;Twence BV Boeldershoek;38210;Behandeling van onschadelijk afval;250428;472719;pub_0901;AVI's;36291;Schoorsteen lijn-1;250428;472719;P;80.0;;;;2.54;140.0;19.0;47.0;7.724;152765141.0;250428;472718;250428;472718
381;ER Reeks 1990-2022 Definitief;2022;204;Koolstofdioxide;T104201;SBI 38.2 (per bedrijf): Afvalinzameling/beh, AVI's;75305;Twence BV Boeldershoek;38210;Behandeling van onschadelijk afval;250428;472719;pub_0901;AVI's;36292;Schoorsteen lijn-2;250428;472719;P;80.0;;;;2.54;140.0;19.0;47.0;7.724;152981410.0;250428;472718;250428;472718
382;ER Reeks 1990-2022 Definitief;2022;204;Koolstofdioxide;T104201;SBI 38.2 (per bedrijf): Afvalinzameling/beh, AVI's;75305;Twence BV Boeldershoek;38210;Behandeling van onschadelijk afval;250428;472719;pub_0901;AVI's;36293;Schoorsteen lijn-3;250428;472719;P;80.0;;;;5.31;140.0;16.0;83.0;13.641;264118263.0;250428;472718;250428;472718
383;ER Reeks 1990-2022 Definitief;2022;204;Koolstofdioxide;T104201;SBI 38.2 (per bedrijf): Afvalinzameling/beh, AVI's;75305;Twence BV Boeldershoek;38210;Behandeling van onschadelijk afval;250428;472719;pub_0901;AVI's;36294;Schoorsteen stortgasmotoren;250828;472570;P;12.0;;;;0.1;180.0;20.0;2.0;0.431;555895.0;250828;472569;250428;472718
384;ER Reeks 1990-2022 Definitief;2022;204;Koolstofdioxide;T103600;SBI 20.59 (per bedrijf): Vervaardiging van overige chemische producten n.e.g.;81103;Cabot Norit Activated Carbon (Klazienaveen);20590;Vervaardiging van overige chemische producten n.e.g.;263800;528000;pub_0304;Chemische Industrie overig;46767;RR1;263844;527960;P;40.0;;;;1.23;70.0;7.0;8.06;0.6;53064.0;263844;527959;263800;527999
385;ER Reeks 1990-2022 Definitief;2022;204;Koolstofdioxide;T100201;SBI 10-12 (per bedrijf): Voedings- & genotmiddelenindustrie;81104;DOC Kaas (Zuivelfabriek);10510;Vervaardiging van zuivelproducten (geen consumptie-ijs);228600;525100;pub_0216;Voedings- en genotmiddelenindustrie;41658;Luchtverhitter;228107;526120;P;21.0;;;;0.55;;;;0.165;675949.0;228107;526119;228600;525099
386;ER Reeks 1990-2022 Definitief;2022;204;Koolstofdioxide;T101100;SBI 20.1 (per bedrijf): Vervaardiging van chemische basisproducten;41103;Synthos Breda B.V.;20160;Vervaardiging van kunststof in primaire vorm;111661;402540;pub_0301;Chemische Industrie basisproducten;56944;RTO;111582;402570;P;12.0;;;;1.77;41.0;6.0;10.7;0.398;465866.588775;111582;402569;111661;402539
387;ER Reeks 1990-2022 Definitief;2022;204;Koolstofdioxide;T100201;SBI 10-12 (per bedrijf): Voedings- & genotmiddelenindustrie;72024;Lyempf Kampen BV;10510;Vervaardiging van zuivelproducten (geen consumptie-ijs);191550;507000;pub_0216;Voedings- en genotmiddelenindustrie;56925;Huurketel;191550;507030;P;8.0;;;;0.5;160.0;1.0;0.426;0.081;1860000.0;191550;507029;191550;506999
388;ER Reeks 1990-2022 Definitief;2022;204;Koolstofdioxide;T101702;SBI 20.5 (per bedrijf): Overige chemische producten;76019;BYK Netherlands B.V.;20590;Vervaardiging van overige chemische producten n.e.g.;210675;472957;pub_0304;Chemische Industrie overig;57941;Stoomketel;210619;473007;P;9.0;;;;0.03;;;;0.15;494054.37945;210619;473006;210675;472956
389;ER Reeks 1990-2022 Definitief;2022;204;Koolstofdioxide;T101702;SBI 20.5 (per bedrijf): Overige chemische producten;205493;Euro Support Advanced Materials B.V.;20590;Vervaardiging van overige chemische producten n.e.g.;172961;407060;pub_0304;Chemische Industrie overig;56960;Douche kleedruimte;173335;407067;P;11.0;;;;0.0038;;;;0.001;4545.0;173335;407066;172961;407059
390;ER Reeks 1990-2022 Definitief;2022;204;Koolstofdioxide;T102102;SBI 23 (per bedrijf): Bouwmaterialen- en glasindustrie;59;Koninklijke Mosa BV Wandtegelfabriek;23310;Vervaardiging van keramische tegels en plavuizen;177450;318650;pub_0203;Bouwmaterialenindustrie;55788;Glazuuroven SBOG2 (RG);177531;318718;P;13.0;;;;0.5;;;;0.0;2656167.0;177531;318717;177450;318649
391;ER Reeks 1990-2022 Definitief;2022;204;Koolstofdioxide;T107201;SBI 85-88 (per bedrijf): Onderwijs en gezondheids- en welzijnszorg;200019;AMC Academisch Medisch Centrum;86101;Universitair medische centra;125713;478645;pub_1201;Energiegebruik en processen Handel, Diensten en Overheid (HDO);43447;Gebouw V;125713;478645;P;60.0;;;;1.5;;;;0.0;32396994.121824197;125713;478644;125713;478644
392;ER Reeks 1990-2022 Definitief;2022;204;Koolstofdioxide;T104300;SBI 23.32 (per bedrijf): Vervaardiging van bakstenen en dakpannen;200287;Steenfabriek Engels Helden BV;23320;Vervaardiging van keramische producten voor de bouw (geen tegels en plavuizen);195744;371754;pub_0203;Bouwmaterialenindustrie;38331;schoorsteen tunnelovens;195764;371519;P;35.0;;;;1.23;140.0;9.0;10.6;1.742;4378696.393025;195764;371518;195744;371753
393;ER Reeks 1990-2022 Definitief;2022;204;Koolstofdioxide;T104300;SBI 23.32 (per bedrijf): Vervaardiging van bakstenen en dakpannen;200333;Wienerberger Steenfabriek Bemmel;23320;Vervaardiging van keramische producten voor de bouw (geen tegels en plavuizen);191377;432158;pub_0203;Bouwmaterialenindustrie;44429;Standaard steenbakkerij;191377;432158;P;35.0;;;;0.8;;;;1.0;1601835.063;191377;432157;191377;432157
394;ER Reeks 1990-2022 Definitief;2022;204;Koolstofdioxide;T108500;SBI 35 (per bedrijf): Productie en distributie van elektriciteit en gas;200508;E.on Schenkkade;35111;Productie van elektriciteit door thermische, kern- en warmtekrachtcentrales;82782;454755;pub_0503;Opwekking electriciteit;37313;HBW2;82782;454755;P;40.0;;;;0.0;176.0;;7.9;1.664;1266000.0;82782;454754;82782;454754
395;ER Reeks 1990-2022 Definitief;2022;204;Koolstofdioxide;T108500;SBI 35 (per bedrijf): Productie en distributie van elektriciteit en gas;200508;E.on Schenkkade;35111;Productie van elektriciteit door thermische, kern- en warmtekrachtcentrales;82782;454755;pub_0503;Opwekking electriciteit;37316;HBW5;82782;454755;P;40.0;;;;0.0;176.0;;7.9;1.664;1053000.0;82782;454754;82782;454754
396;ER Reeks 1990-2022 Definitief;2022;204;Koolstofdioxide;T104201;SBI 38.2 (per bedrijf): Afvalinzameling/beh, AVI's;66326;Stichting Mestverwerking Gelderland SMG (KGBI Putten);38210;Behandeling van onschadelijk afval;165512;475595;pub_0901;AVI's;35123;Divers, overig, diffuus;165512;475595;P;5.0;;;;0.0;;;;0.0;2830.0;165512;475594;165512;475594
397;ER Reeks 1990-2022 Definitief;2022;204;Koolstofdioxide;T100201;SBI 10-12 (per bedrijf): Voedings- & genotmiddelenindustrie;42410;Heineken Nederland BV (Den Bosch);11050;Vervaardiging van bier;147500;412600;pub_0216;Voedings- en genotmiddelenindustrie;42903;Stoomketel 8;147500;412600;P;14.0;;;;0.79;;;;0.1;6592388.4499212;147500;412599;147500;412599
398;ER Reeks 1990-2022 Definitief;2022;204;Koolstofdioxide;T101100;SBI 20.1 (per bedrijf): Vervaardiging van chemische basisproducten;51404;ICL-IP Terneuzen BV;20149;Vervaardiging van organische basischemicaliën (geen petrochemische producten);46867;369035;pub_0301;Chemische Industrie basisproducten;39596;Regenox;46900;369090;P;18.0;;;;0.07;;;;0.157;1345177.0;46900;369089;46867;369034
399;ER Reeks 1990-2022 Definitief;2022;204;Koolstofdioxide;T102201;SBI 19.201 (per bedrijf): Aardolieraffinage;51501;Zeeland Refinery N.V.;19201;Aardolieraffinage;39593;385373;pub_0401;Raffinage en verwerking;43472;schoorsteen 070H01;39593;385373;P;120.0;;;;10.0;;;;26.0;540127133.0;39593;385372;39593;385372
400;ER Reeks 1990-2022 Definitief;2022;204;Koolstofdioxide;T101100;SBI 20.1 (per bedrijf): Vervaardiging van chemische basisproducten;71103;Nouryon Functional Chemicals;20141;Vervaardiging van petrochemische producten;208550;472800;pub_0301;Chemische Industrie basisproducten;35580;Afvoer ketelhuis;208601;472865;P;12.0;;;;0.0;;;;0.058;1840000.0;208601;472864;208550;472799
401;ER Reeks 1990-2022 Definitief;2022;204;Koolstofdioxide;T100201;SBI 10-12 (per bedrijf): Voedings- & genotmiddelenindustrie;42834;Rendac Son BV;10910;Vervaardiging van veevoeders;159100;390650;pub_0216;Voedings- en genotmiddelenindustrie;38586;Schoorsteen Biogas WKK 3660E;159100;390650;P;12.0;;;;1.0;;;;0.76;4958620.17269671;159100;390649;159100;390649
402;ER Reeks 1990-2022 Definitief;2022;204;Koolstofdioxide;T100201;SBI 10-12 (per bedrijf): Voedings- & genotmiddelenindustrie;42834;Rendac Son BV;10910;Vervaardiging van veevoeders;159100;390650;pub_0216;Voedings- en genotmiddelenindustrie;38590;Schoorsteen Naverbrander verenmeelfabriek;159100;390650;P;12.0;;;;0.4;;;;1.6;39729.0;159100;390649;159100;390649
403;ER Reeks 1990-2022 Definitief;2022;204;Koolstofdioxide;T137300;SBI 26/27 (per bedrijf): Elektrotechnische industrie;69065;Smit Draad;27320;Vervaardiging van overige elektrische en elektronische kabel;184148;428276;pub_0210;Metaalelektro;34689;Divers, overig, diffuus;184148;428276;P;5.0;;;;;;;;0.0;366203.44;184148;428275;184148;428275
404;ER Reeks 1990-2022 Definitief;2022;204;Koolstofdioxide;T151100;SBI 46/47 (per bedrijf): Detail- en groothandel;200551;Heiploeg International BV;46382;Groothandel in vis-, schaal- en weekdieren;215899;595842;pub_1201;Energiegebruik en processen Handel, Diensten en Overheid (HDO);46136;stoomketel 1;215899;595842;P;20.0;;;;1.0;12.0;1.0;1.0;0.0;1032180.0;215899;595841;215899;595841
405;ER Reeks 1990-2022 Definitief;2022;204;Koolstofdioxide;T151100;SBI 46/47 (per bedrijf): Detail- en groothandel;200551;Heiploeg International BV;46382;Groothandel in vis-, schaal- en weekdieren;215899;595842;pub_1201;Energiegebruik en processen Handel, Diensten en Overheid (HDO);46137;stoomketel 2;215899;595842;P;20.0;;;;1.0;12.0;1.0;1.0;0.0;1032180.0;215899;595841;215899;595841
406;ER Reeks 1990-2022 Definitief;2022;204;Koolstofdioxide;T100300;SBI 13/14 (per bedrijf): Vervaardiging van textiel en kleding;44162;Vlisco Helmond BV;13300;Textielveredeling;173650;387400;pub_0215;Textiel- en tapijtindustrie;47408;Stoomketel K40;173650;387400;P;12.0;;;;0.85;60.0;;4.0;0.234;13793494.0;173650;387399;173650;387399
407;ER Reeks 1990-2022 Definitief;2022;204;Koolstofdioxide;T103700;SBI 20.6 (per bedrijf): Vervaardiging van synthetische en kunstmatige vezels;115037;Teijin Aramid BV (Arnhem);20600;Vervaardiging van synthetische en kunstmatige vezels;193000;442000;pub_0304;Chemische Industrie overig;47413;Afvoer droogoven pulp;193373;442153;P;10.0;;;;0.5027;98.0;4.0;2.0;0.221;651000.0;193373;442152;193000;441999
408;ER Reeks 1990-2022 Definitief;2022;204;Koolstofdioxide;T100201;SBI 10-12 (per bedrijf): Voedings- & genotmiddelenindustrie;114709;McCain Foods Holland BV (Lelystad);10310;Vervaardiging van aardappelproducten;164429;505923;pub_0216;Voedings- en genotmiddelenindustrie;47731;Biogasfakkel;164535;505886;P;6.0;;;;3.14;;;;0.24;645038.0;164535;505885;164429;505922
409;ER Reeks 1990-2022 Definitief;2022;204;Koolstofdioxide;T102201;SBI 19.201 (per bedrijf): Aardolieraffinage;10059;Gunvor Petroleum Europoort B.V.;19201;Aardolieraffinage;71000;439203;pub_0401;Raffinage en verwerking;47510;2201-B;71361;439043;P;90.0;;;;0.46;337.0;4.0;1.63;0.68;8551040.85;71361;439042;71000;439202
410;ER Reeks 1990-2022 Definitief;2022;204;Koolstofdioxide;T102400;SBI 20.12 (per bedrijf): Vervaardiging van kleur- en verfstoffen;10073;Tronox Pigments (Holland) BV;20120;Vervaardiging van kleurstoffen en pigmenten;78070;434900;pub_0301;Chemische Industrie basisproducten;46769;Noodstack;78142;435024;P;50.0;;;;0.257;75.0;5.0;2.0;0.162;1166563.0;78142;435023;78070;434899
411;ER Reeks 1990-2022 Definitief;2022;204;Koolstofdioxide;T101100;SBI 20.1 (per bedrijf): Vervaardiging van chemische basisproducten;10004;Lyondell Chemie Nederland BV;20141;Vervaardiging van petrochemische producten;76900;433220;pub_0301;Chemische Industrie basisproducten;47389;B14200;77197;432546;P;40.0;;;;1.0;137.0;21.0;21.0;3.37;65548288.0;77197;432545;76900;433219
412;ER Reeks 1990-2022 Definitief;2022;204;Koolstofdioxide;T103700;SBI 20.6 (per bedrijf): Vervaardiging van synthetische en kunstmatige vezels;203530;Teijin Aramid BV (Emmen);20600;Vervaardiging van synthetische en kunstmatige vezels;257552;533045;pub_0304;Chemische Industrie overig;47410;Branderemssie Y-indamper;257314;532657;P;27.0;;;;0.0177;190.0;37.0;0.6469;0.148;2152184.0;257314;532656;257552;533044
413;ER Reeks 1990-2022 Definitief;2022;204;Koolstofdioxide;T103700;SBI 20.6 (per bedrijf): Vervaardiging van synthetische en kunstmatige vezels;203530;Teijin Aramid BV (Emmen);20600;Vervaardiging van synthetische en kunstmatige vezels;257552;533045;pub_0304;Chemische Industrie overig;47409;Branderemissie Z-indamper;257373;532645;P;35.0;;;;0.0177;133.0;35.0;0.6206;0.096;1737920.0;257373;532644;257552;533044
414;ER Reeks 1990-2022 Definitief;2022;204;Koolstofdioxide;T100201;SBI 10-12 (per bedrijf): Voedings- & genotmiddelenindustrie;203417;Van Rooi Meat BV (Helmond);10110;Slachterijen (geen pluimvee-);176659;384365;pub_0216;Voedings- en genotmiddelenindustrie;47468;CV ketels - divers;176690;384300;P;1.0;;;;1.0;80.0;0.0;0.089;0.008;1139791.368075;176690;384299;176659;384364
415;ER Reeks 1990-2022 Definitief;2022;204;Koolstofdioxide;T101100;SBI 20.1 (per bedrijf): Vervaardiging van chemische basisproducten;71103;Nouryon Functional Chemicals;20141;Vervaardiging van petrochemische producten;208550;472800;pub_0301;Chemische Industrie basisproducten;47596;WKK R12;208828;472605;P;24.0;;;;0.096;107.0;31.0;3.0;0.366;808500.0;208828;472604;208550;472799
416;ER Reeks 1990-2022 Definitief;2022;204;Koolstofdioxide;T108500;SBI 35 (per bedrijf): Productie en distributie van elektriciteit en gas;203228;Nuon Power Projects 1 BV (Eemshaven);35111;Productie van elektriciteit door thermische, kern- en warmtekrachtcentrales;252795;607838;pub_0503;Opwekking electriciteit;45576;Brandblusdieselaggregaat;252995;607928;P;3.0;;;;0.2;;;;0.007;2290.0;252995;607927;252795;607837
417;ER Reeks 1990-2022 Definitief;2022;204;Koolstofdioxide;T108500;SBI 35 (per bedrijf): Productie en distributie van elektriciteit en gas;203228;Nuon Power Projects 1 BV (Eemshaven);35111;Productie van elektriciteit door thermische, kern- en warmtekrachtcentrales;252795;607838;pub_0503;Opwekking electriciteit;45580;GV1;252365;607952;P;7.0;;;;0.1;;;;0.13;2918.0;252365;607951;252795;607837
418;ER Reeks 1990-2022 Definitief;2022;204;Koolstofdioxide;T108500;SBI 35 (per bedrijf): Productie en distributie van elektriciteit en gas;203228;Nuon Power Projects 1 BV (Eemshaven);35111;Productie van elektriciteit door thermische, kern- en warmtekrachtcentrales;252795;607838;pub_0503;Opwekking electriciteit;45581;GV2;252365;607952;P;7.0;;;;0.1;;;;0.13;1349.0;252365;607951;252795;607837
419;ER Reeks 1990-2022 Definitief;2022;204;Koolstofdioxide;T108500;SBI 35 (per bedrijf): Productie en distributie van elektriciteit en gas;203228;Nuon Power Projects 1 BV (Eemshaven);35111;Productie van elektriciteit door thermische, kern- en warmtekrachtcentrales;252795;607838;pub_0503;Opwekking electriciteit;45582;GV3;252365;607952;P;7.0;;;;0.1;;;;0.13;4889.0;252365;607951;252795;607837
420;ER Reeks 1990-2022 Definitief;2022;204;Koolstofdioxide;T108500;SBI 35 (per bedrijf): Productie en distributie van elektriciteit en gas;203273;RWE Eemshaven Holding BV;35111;Productie van elektriciteit door thermische, kern- en warmtekrachtcentrales;252795;607838;pub_0503;Opwekking electriciteit;46784;Schoorsteen Hulpketels;252978;606921;P;25.0;;;;3.5;115.0;2.0;6.3;0.833;4035216.0;252978;606920;252795;607837
421;ER Reeks 1990-2022 Definitief;2022;204;Koolstofdioxide;T108500;SBI 35 (per bedrijf): Productie en distributie van elektriciteit en gas;203273;RWE Eemshaven Holding BV;35111;Productie van elektriciteit door thermische, kern- en warmtekrachtcentrales;252795;607838;pub_0503;Opwekking electriciteit;46785;Uitlaat Noodstroom Aggregaten;252978;606921;P;5.0;;;;0.5;;;;2.0;25090.0;252978;606920;252795;607837
422;ER Reeks 1990-2022 Definitief;2022;204;Koolstofdioxide;T106600;SBI 29 (per bedrijf): Auto-industrie;43403;DAF Trucks N.V.;29100;Vervaardiging van auto's;164080;382500;pub_0210;Metaalelektro;47608;Testen motoren;163905;382471;P;14.0;;;;4.0;;;;0.269;10805000.0;163905;382470;164080;382499
423;ER Reeks 1990-2022 Definitief;2022;204;Koolstofdioxide;T107000;SBI 38.3 (per bedrijf): Voorbereiding tot recycling;201043;Remondis Argentia B.V.;38320;Gesorteerd materiaal voorbereiden tot recycling;99450;409663;pub_0904;Overige afvalbedrijven;48351;EP_gehele_locatie_J2;99652;409679;P;15.0;;;;0.43;67.0;2.0;1.0;0.0;1350000.0;99652;409678;99450;409662
424;ER Reeks 1990-2022 Definitief;2022;204;Koolstofdioxide;T101100;SBI 20.1 (per bedrijf): Vervaardiging van chemische basisproducten;41003;Shell Nederland Chemie BV (Moerdijk);20141;Vervaardiging van petrochemische producten;97946;411331;pub_0301;Chemische Industrie basisproducten;48272;Gasmotor;97726;411506;P;5.0;;;;0.0;457.0;;0.018;0.01;500105.73285;97726;411505;97946;411330
425;ER Reeks 1990-2022 Definitief;2022;204;Koolstofdioxide;T102800;SBI 20.16 (per bedrijf): Vervaardiging van kunststof in primaire vorm;62;Chemelot Site Permit BV;20160;Vervaardiging van kunststof in primaire vorm;183732;332404;pub_0301;Chemische Industrie basisproducten;61167;ACN AnQore 10-D FAKKEL DAB A7301;183828;333045;P;46.0;;;;0.45;700.0;;0.11111;0.098943455;202185.0;183828;333044;183732;332403
426;ER Reeks 1990-2022 Definitief;2022;204;Koolstofdioxide;T101100;SBI 20.1 (per bedrijf): Vervaardiging van chemische basisproducten;62;Chemelot Site Permit BV;20160;Vervaardiging van kunststof in primaire vorm;183732;332404;pub_0301;Chemische Industrie basisproducten;61192;AFA OCI 3.1 REFORMER R-3101;183612;333349;P;40.0;;;;3.75;150.0;;39.83556;6.99114078;109113422.0;183612;333348;183732;332403
427;ER Reeks 1990-2022 Definitief;2022;204;Koolstofdioxide;T102501;SBI 20.141 (per bedrijf): Vervaardiging van petrochemische producten;51104;Dow Benelux BV (Hoek);20141;Vervaardiging van petrochemische producten;43193;373788;pub_0301;Chemische Industrie basisproducten;61762;Catox R&D;44008;373816;P;10.0;;;;1.0;;;;0.05;158000.0;44008;373815;43193;373787
428;ER Reeks 1990-2022 Definitief;2022;204;Koolstofdioxide;T102501;SBI 20.141 (per bedrijf): Vervaardiging van petrochemische producten;51104;Dow Benelux BV (Hoek);20141;Vervaardiging van petrochemische producten;43193;373788;pub_0301;Chemische Industrie basisproducten;61773;Overige procesemissies LDPE;43197;373733;P;5.0;;;;0.0;;;;0.001;1440781.65;43197;373732;43193;373787
429;ER Reeks 1990-2022 Definitief;2022;204;Koolstofdioxide;T104901;SBI 24.5 (per bedrijf): Gieten van metalen;63504;Gieterij Doesburg BV;24510;Gieten van ijzer;206112;447069;pub_0201;Basismetaal;60542;Smelterij 18 nieuw;206111;447069;P;17.0;;;;0.95;43.9;11.0;10.9;0.446;15622.0;206111;447068;206112;447068
430;ER Reeks 1990-2022 Definitief;2022;204;Koolstofdioxide;T100201;SBI 10-12 (per bedrijf): Voedings- & genotmiddelenindustrie;72837;Plukon Goor BV;10120;Pluimveeslachterijen;237103;473704;pub_0216;Voedings- en genotmiddelenindustrie;59629;Buderus GB402-620 Ketel 2;237098;473679;P;7.0;;;;0.041;61.0;5.0;0.195;0.012;311000.0;237098;473678;237103;473703
431;ER Reeks 1990-2022 Definitief;2022;204;Koolstofdioxide;T106300;SBI 28 (per bedrijf): Machinebouw;201151;Enrichment Technology Company Nederland;28990;Vervaardiging van overige machines, apparaten en werktuigen voor specifieke doeleinden n.e.g.;243571;484119;pub_0210;Metaalelektro;59696;NSA;243570;484119;P;3.0;;;;0.1;50.0;0.0;1e-05;0.0;3112.9565062657;243570;484118;243571;484118
432;ER Reeks 1990-2022 Definitief;2022;204;Koolstofdioxide;T103002;SBI 30 (per bedrijf): Overige transportmiddelen;202159;Fokker Aerostructures BV;30300;Vervaardiging van vliegtuigen en onderdelen daarvoor;106240;426515;pub_0210;Metaalelektro;59284;N73059;105848;426837;P;10.0;;;;0.2;65.0;0.0;0.02;0.001;129409.74;105848;426836;106240;426514
433;ER Reeks 1990-2022 Definitief;2022;204;Koolstofdioxide;T103002;SBI 30 (per bedrijf): Overige transportmiddelen;202159;Fokker Aerostructures BV;30300;Vervaardiging van vliegtuigen en onderdelen daarvoor;106240;426515;pub_0210;Metaalelektro;59599;Fac002032 G90;106019;426736;P;10.0;;;;0.1;63.5;0.0;0.029;0.002;172546.32;106019;426735;106240;426514
434;ER Reeks 1990-2022 Definitief;2022;204;Koolstofdioxide;T103002;SBI 30 (per bedrijf): Overige transportmiddelen;202159;Fokker Aerostructures BV;30300;Vervaardiging van vliegtuigen en onderdelen daarvoor;106240;426515;pub_0210;Metaalelektro;59602;N73001 G97;105770;426975;P;12.0;;;;0.07;138.9;1.0;0.054;0.009;388229.22;105770;426974;106240;426514
435;ER Reeks 1990-2022 Definitief;2022;204;Koolstofdioxide;T103002;SBI 30 (per bedrijf): Overige transportmiddelen;202159;Fokker Aerostructures BV;30300;Vervaardiging van vliegtuigen en onderdelen daarvoor;106240;426515;pub_0210;Metaalelektro;59607;N73035 G37;106163;426497;P;10.0;;;;0.2;42.6;0.0;0.029;0.001;172546.32;106163;426496;106240;426514
436;ER Reeks 1990-2022 Definitief;2022;204;Koolstofdioxide;T151100;SBI 46/47 (per bedrijf): Detail- en groothandel;204692;Technivet;46713;Groothandel in minerale olieproducten (geen brandstoffen);170591;481144;pub_1201;Energiegebruik en processen Handel, Diensten en Overheid (HDO);50072;Stoomketel;170565;481192;P;14.0;;;;0.33;123.0;6.0;1.92;0.274;2318814.0;170565;481191;170591;481143
437;ER Reeks 1990-2022 Definitief;2022;204;Koolstofdioxide;T102800;SBI 20.16 (per bedrijf): Vervaardiging van kunststof in primaire vorm;206263;Delrin Netherlands B.V.;20160;Vervaardiging van kunststof in primaire vorm;109230;425690;pub_0301;Chemische Industrie basisproducten;61824;Formaldehyde plant ECS zuid;109842;425606;P;33.0;;;;0.283;;;;0.001;3877824.075;109842;425605;109230;425689
438;ER Reeks 1990-2022 Definitief;2022;204;Koolstofdioxide;T106200;SBI 25 (per bedrijf): Metaalproductenindustrie (exclusief machinebouw);206270;CAN-PACK Netherlands B.V.;25920;Vervaardiging van verpakkingsmiddelen van licht metaal;176990;383782;pub_0210;Metaalelektro;59676;Boiler lijn 18;177079;383838;P;11.0;;;;0.628;;;;0.025;290194.941225;177079;383837;176990;383781
439;ER Reeks 1990-2022 Definitief;2022;204;Koolstofdioxide;T101100;SBI 20.1 (per bedrijf): Vervaardiging van chemische basisproducten;62;Chemelot Site Permit BV;20160;Vervaardiging van kunststof in primaire vorm;183732;332404;pub_0301;Chemische Industrie basisproducten;61485;Olefins 3 SABIC 2 REGENERATIEOVENS;183580;329630;P;15.0;;;;1.9;600.0;;3.52861;2.683507905;12453000.0;183580;329629;183732;332403
440;ER Reeks 1990-2022 Definitief;2022;204;Koolstofdioxide;T102800;SBI 20.16 (per bedrijf): Vervaardiging van kunststof in primaire vorm;62;Chemelot Site Permit BV;20160;Vervaardiging van kunststof in primaire vorm;183732;332404;pub_0301;Chemische Industrie basisproducten;61496;Olefins 4 SABIC 12 TORENFAKKEL (DISCONTINU);184250;331350;P;110.0;;;;1.4;625.0;;1e-05;7.93e-06;874000.0;184250;331349;183732;332403
441;ER Reeks 1990-2022 Definitief;2022;204;Koolstofdioxide;T101100;SBI 20.1 (per bedrijf): Vervaardiging van chemische basisproducten;19070;Indorama Ventures Europe BV;20160;Vervaardiging van kunststof in primaire vorm;66394;442175;pub_0301;Chemische Industrie basisproducten;48059;RTO;66644;442284;P;35.0;;;;4.52;39.0;7.0;31.0;1.075;180610.725;66644;442283;66394;442174
442;ER Reeks 1990-2022 Definitief;2022;204;Koolstofdioxide;T106200;SBI 25 (per bedrijf): Metaalproductenindustrie (exclusief machinebouw);205183;Van Merksteijn International BV;25930;Vervaardiging van artikelen van draad en van kettingen en veren;238760;487181;pub_0210;Metaalelektro;48071;Zinklijn 2;238954;487528;P;9.0;;;;0.28;;;;0.001;1020538.0;238954;487527;238760;487180
443;ER Reeks 1990-2022 Definitief;2022;204;Koolstofdioxide;T101100;SBI 20.1 (per bedrijf): Vervaardiging van chemische basisproducten;65;PQ Silicas BV (Eijsden);20130;Vervaardiging van overige anorganische basischemicaliën;177992;308935;pub_0301;Chemische Industrie basisproducten;48090;stookketel K-2015;177880;308940;P;8.0;;;;0.5;;;;0.104;7028668.37933789;177880;308939;177992;308934
444;ER Reeks 1990-2022 Definitief;2022;204;Koolstofdioxide;T100201;SBI 10-12 (per bedrijf): Voedings- & genotmiddelenindustrie;10097;Sime Darby Unimills B.V.;10410;Vervaardiging van plantaardige en dierlijke oliën en vetten (geen margarine en andere spijsvetten);103500;424600;pub_0216;Voedings- en genotmiddelenindustrie;48800;KH1 (Ketel);103543;424537;P;30.0;0.0;0.0;;0.0;90.0;5.0;15.8;1.582;31100000.0;103543;424536;103500;424599
445;ER Reeks 1990-2022 Definitief;2022;204;Koolstofdioxide;T100201;SBI 10-12 (per bedrijf): Voedings- & genotmiddelenindustrie;10097;Sime Darby Unimills B.V.;10410;Vervaardiging van plantaardige en dierlijke oliën en vetten (geen margarine en andere spijsvetten);103500;424600;pub_0216;Voedings- en genotmiddelenindustrie;48803;R1 (stoomketel);103360;424481;P;29.0;0.0;0.0;;0.0;312.0;2.0;0.51;0.196;583000.0;103360;424480;103500;424599
446;ER Reeks 1990-2022 Definitief;2022;204;Koolstofdioxide;T100201;SBI 10-12 (per bedrijf): Voedings- & genotmiddelenindustrie;10097;Sime Darby Unimills B.V.;10410;Vervaardiging van plantaardige en dierlijke oliën en vetten (geen margarine en andere spijsvetten);103500;424600;pub_0216;Voedings- en genotmiddelenindustrie;48805;R3 (stoomketel);103382;424452;P;29.0;0.0;0.0;;0.0;312.0;3.0;0.76;0.293;1690000.0;103382;424451;103500;424599
447;ER Reeks 1990-2022 Definitief;2022;204;Koolstofdioxide;T100600;SBI 17 (per bedrijf): Vervaardiging van papier, karton en papier- en kartonwaren;201639;Smurfit Kappa Solid Board KM4 (Oude Pekela);17121;Vervaardiging van grafisch papier en karton;262197;568546;pub_0211;Papier(waren);48660;Schoorsteen ketel 1;262100;568501;P;8.0;0.0;0.0;;0.0;;;;0.1;12577797.0;262100;568500;262197;568545
448;ER Reeks 1990-2022 Definitief;2022;204;Koolstofdioxide;T100201;SBI 10-12 (per bedrijf): Voedings- & genotmiddelenindustrie;62009;FrieslandCampina Butter (Lochem);10510;Vervaardiging van zuivelproducten (geen consumptie-ijs);226100;464540;pub_0216;Voedings- en genotmiddelenindustrie;48706;Ketel 1;226054;464573;P;23.0;0.0;0.0;;0.0;;;;0.13;7467017.0;226054;464572;226100;464539
449;ER Reeks 1990-2022 Definitief;2022;204;Koolstofdioxide;T100201;SBI 10-12 (per bedrijf): Voedings- & genotmiddelenindustrie;11105;Heineken Nederland BV (Zoeterwoude);11050;Vervaardiging van bier;97050;461400;pub_0216;Voedings- en genotmiddelenindustrie;54252;stoomketel 1;97076;461443;P;20.0;;;;0.8;;;;0.875;6021253.0;97076;461442;97050;461399
450;ER Reeks 1990-2022 Definitief;2022;204;Koolstofdioxide;T104201;SBI 38.2 (per bedrijf): Afvalinzameling/beh, AVI's;203346;Inter-Che-M BV;38220;Behandeling van schadelijk afval;178673;429681;pub_0901;AVI's;55124;Hal 1 / schoorsteen luchtverwarmers rest;178671;429759;P;7.0;;;;0.05;15.0;5.0;0.23;0.001;35100.0;178671;429758;178673;429680
451;ER Reeks 1990-2022 Definitief;2022;204;Koolstofdioxide;T104201;SBI 38.2 (per bedrijf): Afvalinzameling/beh, AVI's;203346;Inter-Che-M BV;38220;Behandeling van schadelijk afval;178673;429681;pub_0901;AVI's;55140;Kantoor SGS / schoorsteen CV;178707;429645;P;7.0;;;;0.00785;14.0;4.0;0.0284;0.0;10692.0;178707;429644;178673;429680
452;ER Reeks 1990-2022 Definitief;2022;204;Koolstofdioxide;T151100;SBI 46/47 (per bedrijf): Detail- en groothandel;205503;MRC Plating Products B.V.;46722;Groothandel in ferrometalen en -halffabrikaten;162946;485424;pub_1201;Energiegebruik en processen Handel, Diensten en Overheid (HDO);48252;brander granulaat 2;162946;485424;P;9.0;;;;0.02;24.0;3.0;0.06;0.001;22248.0;162946;485423;162946;485423
453;ER Reeks 1990-2022 Definitief;2022;204;Koolstofdioxide;T111300;SBI 37 (per bedrijf): Afvalwaterinzameling en -behandeling;205588;Van der Velden Rioleringsbeheer Buren B.V.;37000;Afvalwaterinzameling en -behandeling;141073;446275;pub_1102;Energiegebruik en processen Riolering en waterzuiveringsinstallaties;54012;Schoorsteen WKK;141073;446275;P;8.0;;;;0.3;850.0;0.0;0.008;0.009;380899.0;141073;446274;141073;446274
454;ER Reeks 1990-2022 Definitief;2022;204;Koolstofdioxide;T100201;SBI 10-12 (per bedrijf): Voedings- & genotmiddelenindustrie;205694;B.V. Esbro;10120;Pluimveeslachterijen;212574;440240;pub_0216;Voedings- en genotmiddelenindustrie;54352;Aeco FAT;212577;440360;P;14.0;;;;0.126;110.0;2.0;0.25;0.031;42076.9083201019;212577;440359;212574;440239
455;ER Reeks 1990-2022 Definitief;2022;204;Koolstofdioxide;T108400;SBI 30.1 (per bedrijf): Scheepsbouw;206132;Alblasserdam Yachtbuilding Construction B.V.;30120;Bouw van sport- en recreatievaartuigen;102049;424784;pub_0210;Metaalelektro;54932;Spuitloods;101988;424757;P;16.0;;;;5.0;18.0;3.0;13.0;0.1;1625119.209525;101988;424756;102049;424783
456;ER Reeks 1990-2022 Definitief;2022;204;Koolstofdioxide;T102202;SBI 24.1-24.3 (per bedrijf): Basismetaalindustrie, verwerking en vervaardiging ijzer en staal;43003;Tata Steel Nederland Tubes BV (Oosterhout);24200;Vervaardiging van stalen buizen, pijpen, holle profielen en fittings daarvoor;120500;404100;pub_0201;Basismetaal;54880;Zinkpanbranders KV32;120500;404100;P;14.0;;;;0.64;180.0;3.0;2.0;0.431;127000.0;120500;404099;120500;404099
457;ER Reeks 1990-2022 Definitief;2022;204;Koolstofdioxide;T100201;SBI 10-12 (per bedrijf): Voedings- & genotmiddelenindustrie;52612;Cargill Benelux BV;10620;Vervaardiging van zetmeel en zetmeelproducten;44338;361919;pub_0216;Voedings- en genotmiddelenindustrie;54255;UTILWWTP0774BB01, 2, 3;44199;362135;P;7.0;;;;2.54;;;;6.0;3217481.0;44199;362134;44338;361918
458;ER Reeks 1990-2022 Definitief;2022;204;Koolstofdioxide;T100600;SBI 17 (per bedrijf): Vervaardiging van papier, karton en papier- en kartonwaren;64335;Stora Enso De Hoop B.V.;17212;Vervaardiging van golfpapier en -karton;200743;456801;pub_0211;Papier(waren);49879;Schoorsteen BU8;200743;456801;P;4.0;;;;0.8;;;;1.4;1041366.0;200743;456800;200743;456800
459;ER Reeks 1990-2022 Definitief;2022;204;Koolstofdioxide;T102100;SBI 17.1 (per bedrijf): Vervaardiging van papierpulp, papier en karton;66248;Loparex BV;17129;Vervaardiging van papier en karton (geen grafisch en niet voor verpakking);193050;467151;pub_0211;Papier(waren);48592;Naverbrander CM4 per 1-7-2017;193136;467354;P;17.0;;;;1.33;135.0;7.0;9.8;1.548;1316029.196988;193136;467353;193050;467150
460;ER Reeks 1990-2022 Definitief;2022;204;Koolstofdioxide;T106200;SBI 25 (per bedrijf): Metaalproductenindustrie (exclusief machinebouw);83071;Zincoat BV;25610;Oppervlaktebehandeling en bekleding van metaal;253450;526950;pub_0210;Metaalelektro;55033;Schoorsteen zinkoven;253442;527136;P;12.0;;;;0.5;610.0;1.0;0.555;0.426;949243.47675;253442;527135;253450;526949
461;ER Reeks 1990-2022 Definitief;2022;204;Koolstofdioxide;T100201;SBI 10-12 (per bedrijf): Voedings- & genotmiddelenindustrie;9013;DIS BV;11070;Vervaardiging van frisdranken, productie van mineraalwater en overig gebotteld water;189088;336292;pub_0216;Voedings- en genotmiddelenindustrie;54893;Stoomketel 6;188919;336017;P;12.0;;;;0.5;157.0;17936.0;8968.0;0.459859111111111;2828650.0;188919;336016;189088;336291
462;ER Reeks 1990-2022 Definitief;2022;204;Koolstofdioxide;T100201;SBI 10-12 (per bedrijf): Voedings- & genotmiddelenindustrie;95000;BRF B.V.;10130;Vleesverwerking (niet tot maaltijden);216400;555550;pub_0216;Voedings- en genotmiddelenindustrie;53972;Schoorsteen THOK3;216728;555535;P;8.0;;;;0.4;;;;0.17;579000.0;216728;555534;216400;555549
463;ER Reeks 1990-2022 Definitief;2022;204;Koolstofdioxide;T108500;SBI 35 (per bedrijf): Productie en distributie van elektriciteit en gas;202825;Eneco (Lage Weide);35120;Beheer en exploitatie van transportnetten voor elektriciteit, aardgas en warm water;133424;457245;pub_0503;Opwekking electriciteit;55809;Biowarmte Installatie 2;133477;457074;P;65.0;;;;113.0;74.6;10.0;11.46;0.921;79573909.0;133477;457073;133424;457244
464;ER Reeks 1990-2022 Definitief;2022;204;Koolstofdioxide;T100201;SBI 10-12 (per bedrijf): Voedings- & genotmiddelenindustrie;203887;Noblesse Proteins BV;10130;Vleesverwerking (niet tot maaltijden);230460;533980;pub_0216;Voedings- en genotmiddelenindustrie;48920;Biofilter;230497;533871;O;2.0;50.0;15.0;45.0;750.0;35.0;0.0;30.55;0.902;3034465.0;230497;533870;230460;533979
465;ER Reeks 1990-2022 Definitief;2022;204;Koolstofdioxide;T106200;SBI 25 (per bedrijf): Metaalproductenindustrie (exclusief machinebouw);205183;Van Merksteijn International BV;25930;Vervaardiging van artikelen van draad en van kettingen en veren;238760;487181;pub_0210;Metaalelektro;55934;Ontlak installatie;238779;487465;P;10.0;;;;78.0;200.0;0.0;0.2;0.048;468917.0;238779;487464;238760;487180
466;ER Reeks 1990-2022 Definitief;2022;204;Koolstofdioxide;T101702;SBI 20.5 (per bedrijf): Overige chemische producten;206149;Stinoil Holding B.V.;20590;Vervaardiging van overige chemische producten n.e.g.;255779;569070;pub_0304;Chemische Industrie overig;56096;Demeterlaan 30 CV-inst;255704;569000;P;6.0;;;;35.0;150.0;1.0;0.02;0.004;71680.23999999999;255704;568999;255779;569069
467;ER Reeks 1990-2022 Definitief;2022;204;Koolstofdioxide;T107100;SBI 08 (per bedrijf): Winning van delfstoffen (geen olie en gas);206160;Greenergy Biofuels Amsterdam B.V.;9900;Dienstverlening voor de winning van delfstoffen (geen olie en gas);113182;490290;pub_0802;Overig bouw;55932;chimney steam boiler;113166;490295;P;5.0;;;;5.0;135.0;6.0;3.2;0.505;5741913.581325;113166;490294;113182;490289
468;ER Reeks 1990-2022 Definitief;2022;204;Koolstofdioxide;T101100;SBI 20.1 (per bedrijf): Vervaardiging van chemische basisproducten;61405;Niacet B.V.;20149;Vervaardiging van organische basischemicaliën (geen petrochemische producten);156970;432760;pub_0301;Chemische Industrie basisproducten;55892;Emissie stoomketels;157012;432721;P;12.0;;;;2.0;115.0;11.0;2.11;0.279;5337751.0;157012;432720;156970;432759
469;ER Reeks 1990-2022 Definitief;2022;204;Koolstofdioxide;T163100;SBI 63 (per bedrijf) - Gegevensverwerking, webhosting en aanverwante activiteiten;205844;Green Box Computing B.V.;63110;Gegevensverwerking, webhosting en aanverwante activiteiten;252893;605299;pub_1201;Energiegebruik en processen Handel, Diensten en Overheid (HDO);48477;Divers, overig, diffuus;252893;605299;P;5.0;;;;;;;;0.0;1447788.924;252893;605298;252893;605298
470;ER Reeks 1990-2022 Definitief;2022;204;Koolstofdioxide;T107200;SBI 41-43 (per bedrijf): Bouwnijverheid;205876;Hartog Containers B.V.;42111;Wegenbouw;152417;464834;pub_0802;Overig bouw;48495;Divers, overig, diffuus;152417;464834;P;5.0;;;;;;;;0.0;201119.00000000032;152417;464833;152417;464833
471;ER Reeks 1990-2022 Definitief;2022;204;Koolstofdioxide;T100201;SBI 10-12 (per bedrijf): Voedings- & genotmiddelenindustrie;62928;Cêlavita B.V.;10310;Vervaardiging van aardappelproducten;196282;496234;pub_0216;Voedings- en genotmiddelenindustrie;49053;stoomketel 5;196214;496229;P;12.0;;;;0.38;135.0;3.0;1.0;0.158;3176191.0;196214;496228;196282;496233
472;ER Reeks 1990-2022 Definitief;2022;204;Koolstofdioxide;T106000;SBI 22.1 (per bedrijf): Vervaardiging van producten van rubber;114772;Dunlop Conveyor Belting;22190;Vervaardiging van overige producten van rubber;202128;569157;pub_0213;Rubber- en kunstofverw. Industrie;50012;CV installatie;199673;564155;P;5.0;0.0;0.0;0.0;0.05;;;;0.002;283000.0;199673;564154;202128;569156
473;ER Reeks 1990-2022 Definitief;2022;204;Koolstofdioxide;T151100;SBI 46/47 (per bedrijf): Detail- en groothandel;202990;Alco Energy Rotterdam;46712;Groothandel in vloeibare en gasvormige brandstoffen;72210;438230;pub_1201;Energiegebruik en processen Handel, Diensten en Overheid (HDO);49414;RTO2;72007;438115;P;11.0;0.0;0.0;0.0;2.8;80.0;8.0;22.8;1.991;3908730.0;72007;438114;72210;438229
474;ER Reeks 1990-2022 Definitief;2022;204;Koolstofdioxide;T108500;SBI 35 (per bedrijf): Productie en distributie van elektriciteit en gas;204654;Enecogen VOF;35120;Beheer en exploitatie van transportnetten voor elektriciteit, aardgas en warm water;66120;441896;pub_0503;Opwekking electriciteit;49522;Noodstroom diesel blackstart;65970;441653;P;2.0;0.0;0.0;0.0;0.024;461.0;72.0;1.72;0.992;4604.04;65970;441652;66120;441895
475;ER Reeks 1990-2022 Definitief;2022;204;Koolstofdioxide;T101100;SBI 20.1 (per bedrijf): Vervaardiging van chemische basisproducten;51104;Dow Benelux BV (Hoek);20141;Vervaardiging van petrochemische producten;43193;373788;pub_0301;Chemische Industrie basisproducten;38510;STACK BA-2000 LE3;43223;374005;P;26.0;;;;1.0;;;;0.019;549139.0;43223;374004;43193;373787
476;ER Reeks 1990-2022 Definitief;2022;204;Koolstofdioxide;T101100;SBI 20.1 (per bedrijf): Vervaardiging van chemische basisproducten;51104;Dow Benelux BV (Hoek);20141;Vervaardiging van petrochemische producten;43193;373788;pub_0301;Chemische Industrie basisproducten;38514;STACK BA-98+BA-99 (KTI) LE2;42683;373986;P;60.0;;;;1.0;;;;0.293;73430990.0;42683;373985;43193;373787
477;ER Reeks 1990-2022 Definitief;2022;204;Koolstofdioxide;T101100;SBI 20.1 (per bedrijf): Vervaardiging van chemische basisproducten;12175;Air Liquide Nederland BV;20110;Vervaardiging van industriële gassen;77139;433574;pub_0301;Chemische Industrie basisproducten;39449;ATR Fired Heater;77139;433574;P;50.0;;;;1.3;150.0;3.0;3.4;0.602;6471737.0;77139;433573;77139;433573
478;ER Reeks 1990-2022 Definitief;2022;204;Koolstofdioxide;T101100;SBI 20.1 (per bedrijf): Vervaardiging van chemische basisproducten;12175;Air Liquide Nederland BV;20110;Vervaardiging van industriële gassen;77139;433574;pub_0301;Chemische Industrie basisproducten;39451;SMR-II fornuis;77139;433574;P;35.0;;;;7.1;167.0;7.0;50.0;9.951;61493780.0;77139;433573;77139;433573
479;ER Reeks 1990-2022 Definitief;2022;204;Koolstofdioxide;T102102;SBI 23 (per bedrijf): Bouwmaterialen- en glasindustrie;151;O-I Manufacturing Netherlands BV (Maastricht);23130;Vervaardiging van holglas;177322;318844;pub_0203;Bouwmaterialenindustrie;34832;Schoorsteen glasoven M3;177350;318800;P;45.0;;;;2.0;166.0;2.0;3.75;0.742;16730209.290675;177350;318799;177322;318843
480;ER Reeks 1990-2022 Definitief;2022;204;Koolstofdioxide;T102102;SBI 23 (per bedrijf): Bouwmaterialen- en glasindustrie;64759;Wienerberger Steenfabriek Zennewijnen;23320;Vervaardiging van keramische producten voor de bouw (geen tegels en plavuizen);157100;430620;pub_0203;Bouwmaterialenindustrie;44391;Standaard steenbakkerij;157100;430620;P;33.0;;;;0.5;;;;1.0;11017615.4;157100;430619;157100;430619
481;ER Reeks 1990-2022 Definitief;2022;204;Koolstofdioxide;T104704;SBI 24.45 (per bedrijf) Vervaardiging van overige non-ferrometalen, koper;63012;Aurubis Netherlands B.V.;24440;Vervaardiging van koper;211100;463650;pub_0201;Basismetaal;49433;Beitsafzuiging bandoven 2;211007;463645;P;40.0;0.0;0.0;0.0;0.7;30.0;1.0;0.83;0.019;334262.0;211007;463644;211100;463649
482;ER Reeks 1990-2022 Definitief;2022;204;Koolstofdioxide;T102201;SBI 19.201 (per bedrijf): Aardolieraffinage;12177;VPR Energy B.V.;19201;Aardolieraffinage;74500;436400;pub_0401;Raffinage en verwerking;59902;Tijdelijke stoomketel;74482;436443;P;11.0;;;;0.0;240.0;;2.8;0.82;5838785.0;74482;436442;74500;436399
483;ER Reeks 1990-2022 Definitief;2022;204;Koolstofdioxide;T100201;SBI 10-12 (per bedrijf): Voedings- & genotmiddelenindustrie;10546;Bel Leerdammer BV (Schoonrewoerd);10510;Vervaardiging van zuivelproducten (geen consumptie-ijs);136450;437100;pub_0216;Voedings- en genotmiddelenindustrie;56461;Ketel 7;136410;437111;P;14.0;;;;0.817;;;;0.12;6130000.0;136410;437110;136450;437099
484;ER Reeks 1990-2022 Definitief;2022;204;Koolstofdioxide;T100201;SBI 10-12 (per bedrijf): Voedings- & genotmiddelenindustrie;10546;Bel Leerdammer BV (Schoonrewoerd);10510;Vervaardiging van zuivelproducten (geen consumptie-ijs);136450;437100;pub_0216;Voedings- en genotmiddelenindustrie;56462;Lijn 3;136445;437244;P;10.0;;;;0.005;56.0;12.0;0.0596;0.003;74600.0;136445;437243;136450;437099
485;ER Reeks 1990-2022 Definitief;2022;204;Koolstofdioxide;T106100;SBI 22.2 (per bedrijf): Vervaardiging van producten van kunststof;10998;Draka Interfoam BV;22210;Vervaardiging van platen, folie, buizen en profielen van kunststof;99700;478740;pub_0213;Rubber- en kunstofverw. Industrie;57880;Schuimproductie-MP1;99676;478793;P;15.0;;;;0.25;;;;0.055;115102.12;99676;478792;99700;478739
486;ER Reeks 1990-2022 Definitief;2022;204;Koolstofdioxide;T103100;SBI 21.1 (per bedrijf): Vervaardiging van farmaceutische producten;21302;Abbott Healthcare Products BV;21200;Vervaardiging van farmaceutische producten (geen grondstoffen);130940;479560;pub_0304;Chemische Industrie overig;56681;WND ketelhuis ketel 13;130650;479630;P;22.0;;;;0.5;;;;0.534;1823950.0;130650;479629;130940;479559
487;ER Reeks 1990-2022 Definitief;2022;204;Koolstofdioxide;T100201;SBI 10-12 (per bedrijf): Voedings- & genotmiddelenindustrie;11658;Farm Frites BV;10310;Vervaardiging van aardappelproducten;70714;426770;pub_0216;Voedings- en genotmiddelenindustrie;38887;Ketel met naverbrander, Prokal;70645;426740;P;10.0;;;;1.99;140.0;3.0;6.944;1.141;11945614.0;70645;426739;70714;426769
488;ER Reeks 1990-2022 Definitief;2022;204;Koolstofdioxide;T101100;SBI 20.1 (per bedrijf): Vervaardiging van chemische basisproducten;12135;ExxonMobil Chemical Holland BV (ROP van RPI);20141;Vervaardiging van petrochemische producten;72300;438500;pub_0301;Chemische Industrie basisproducten;8000;Schoorsteen SG-1301 en SG-1302;72469;438544;P;31.0;;;;0.0;;;;4.636;43175377.0;72469;438543;72300;438499
489;ER Reeks 1990-2022 Definitief;2022;204;Koolstofdioxide;T101100;SBI 20.1 (per bedrijf): Vervaardiging van chemische basisproducten;33414;BASF Nederland BV Catalysts;20160;Vervaardiging van kunststof in primaire vorm;132150;454100;pub_0301;Chemische Industrie basisproducten;46751;Denox BM;132173;454086;P;30.0;;;;0.03;380.0;10.0;0.3;0.142;26642.764275;132173;454085;132150;454099
490;ER Reeks 1990-2022 Definitief;2022;204;Koolstofdioxide;T101100;SBI 20.1 (per bedrijf): Vervaardiging van chemische basisproducten;33414;BASF Nederland BV Catalysts;20160;Vervaardiging van kunststof in primaire vorm;132150;454100;pub_0301;Chemische Industrie basisproducten;46753;Productie BM;132173;454088;P;30.0;;;;1.0;25.0;41.0;40.7;0.679;2758097.44035;132173;454087;132150;454099
491;ER Reeks 1990-2022 Definitief;2022;204;Koolstofdioxide;T101100;SBI 20.1 (per bedrijf): Vervaardiging van chemische basisproducten;33414;BASF Nederland BV Catalysts;20160;Vervaardiging van kunststof in primaire vorm;132150;454100;pub_0301;Chemische Industrie basisproducten;46754;Productie FT;132157;454177;P;30.0;;;;1.0;25.0;1.0;1.3;0.022;626363.358975;132157;454176;132150;454099
492;ER Reeks 1990-2022 Definitief;2022;204;Koolstofdioxide;T101100;SBI 20.1 (per bedrijf): Vervaardiging van chemische basisproducten;49010;Basell Benelux BV;20160;Vervaardiging van kunststof in primaire vorm;98743;409159;pub_0301;Chemische Industrie basisproducten;38758;Divers, overig, diffuus;98743;409159;P;100.0;;;;0.0;;;;0.39642789193;75000.2408137594;98743;409158;98743;409158
493;ER Reeks 1990-2022 Definitief;2022;204;Koolstofdioxide;T100201;SBI 10-12 (per bedrijf): Voedings- & genotmiddelenindustrie;49033;Agristo NV;10310;Vervaardiging van aardappelproducten;129323;400477;pub_0216;Voedings- en genotmiddelenindustrie;38698;naverbrander;129358;400360;P;11.0;;;;0.78;270.0;0.0;0.222;0.074;16624251.78;129358;400359;129323;400476
494;ER Reeks 1990-2022 Definitief;2022;204;Koolstofdioxide;T100201;SBI 10-12 (per bedrijf): Voedings- & genotmiddelenindustrie;49033;Agristo NV;10310;Vervaardiging van aardappelproducten;129323;400477;pub_0216;Voedings- en genotmiddelenindustrie;45477;Stoomketel Callens;129358;400360;P;11.0;;;;7857.0;;;;0.419216;7374554.17;129358;400359;129323;400476
495;ER Reeks 1990-2022 Definitief;2022;204;Koolstofdioxide;T101100;SBI 20.1 (per bedrijf): Vervaardiging van chemische basisproducten;51101;Eastman Chemical Middelburg BV;20160;Vervaardiging van kunststof in primaire vorm;33940;390952;pub_0301;Chemische Industrie basisproducten;38043;Hotoil units 2 (B-1915);34190;391065;P;10.0;;;;0.2;50.0;50.0;10.0;0.488;2850000.0;34190;391064;33940;390951
496;ER Reeks 1990-2022 Definitief;2022;204;Koolstofdioxide;T100201;SBI 10-12 (per bedrijf): Voedings- & genotmiddelenindustrie;62009;FrieslandCampina Butter (Lochem);10510;Vervaardiging van zuivelproducten (geen consumptie-ijs);226100;464540;pub_0216;Voedings- en genotmiddelenindustrie;46809;Gaskachel toren 4;225994;464518;P;12.0;;;;1.0;;;;0.23;2243861.0;225994;464517;226100;464539
497;ER Reeks 1990-2022 Definitief;2022;204;Koolstofdioxide;T104702;SBI 24.45 (per bedrijf) Vervaardiging van overige non-ferrometalen, aluminium;43856;Sapa Profiles NL BV (Drunen);24420;Vervaardiging van aluminium;138700;411500;pub_0201;Basismetaal;38315;Cometals (EX6 + EX7);138700;411500;P;12.0;;;;0.02;300.0;9500.0;190.0;0.0195541666666667;73800.0;138700;411499;138700;411499
498;ER Reeks 1990-2022 Definitief;2022;204;Koolstofdioxide;T104201;SBI 38.2 (per bedrijf): Afvalinzameling/beh, AVI's;44009;Attero BV (Moerdijk);38210;Behandeling van onschadelijk afval;99289;410805;pub_0901;AVI's;41712;Lijn 1;99293;410804;P;80.0;;;;3.94;120.0;12.0;49.0;6.795;255244027.52;99293;410803;99289;410804
499;ER Reeks 1990-2022 Definitief;2022;204;Koolstofdioxide;T101100;SBI 20.1 (per bedrijf): Vervaardiging van chemische basisproducten;81202;Aliancys Nederland B.V.;20160;Vervaardiging van kunststof in primaire vorm;255180;523500;pub_0301;Chemische Industrie basisproducten;38599;Overigen (klimaatinstallatie, portier etc);255180;523500;P;5.0;;;;0.0;140.0;1.0;0.028;0.005;127557.6657;255180;523499;255180;523499
500;ER Reeks 1990-2022 Definitief;2022;204;Koolstofdioxide;T101100;SBI 20.1 (per bedrijf): Vervaardiging van chemische basisproducten;81202;Aliancys Nederland B.V.;20160;Vervaardiging van kunststof in primaire vorm;255180;523500;pub_0301;Chemische Industrie basisproducten;38600;Stoomketel Snb II;255160;523500;P;10.0;;;;0.0;200.0;0.0;0.079;0.019;417000.0;255160;523499;255180;523499
501;ER Reeks 1990-2022 Definitief;2022;204;Koolstofdioxide;T101100;SBI 20.1 (per bedrijf): Vervaardiging van chemische basisproducten;81202;Aliancys Nederland B.V.;20160;Vervaardiging van kunststof in primaire vorm;255180;523500;pub_0301;Chemische Industrie basisproducten;38601;Stoomketel Snb III;255180;523500;P;12.0;;;;0.0;200.0;0.0;0.073;0.018;234000.0;255180;523499;255180;523499
502;ER Reeks 1990-2022 Definitief;2022;204;Koolstofdioxide;T101100;SBI 20.1 (per bedrijf): Vervaardiging van chemische basisproducten;81202;Aliancys Nederland B.V.;20160;Vervaardiging van kunststof in primaire vorm;255180;523500;pub_0301;Chemische Industrie basisproducten;38602;Thermisch oliefornuis Snb III;255180;523500;P;17.0;;;;0.5;250.0;1.0;0.5;0.153;2330000.0;255180;523499;255180;523499
503;ER Reeks 1990-2022 Definitief;2022;204;Koolstofdioxide;T108500;SBI 35 (per bedrijf): Productie en distributie van elektriciteit en gas;24002;Nuon Power Generation BV (Diemen);35111;Productie van elektriciteit door thermische, kern- en warmtekrachtcentrales;130055;483500;pub_0503;Opwekking electriciteit;43339;Divers, overig, diffuus;130055;483500;P;5.0;;;;0.0;;;;0.0;16379.0;130055;483499;130055;483499
504;ER Reeks 1990-2022 Definitief;2022;204;Koolstofdioxide;T108500;SBI 35 (per bedrijf): Productie en distributie van elektriciteit en gas;24002;Nuon Power Generation BV (Diemen);35111;Productie van elektriciteit door thermische, kern- en warmtekrachtcentrales;130055;483500;pub_0503;Opwekking electriciteit;45575;Hulpketel DM 34;130057;483504;P;60.0;;;;1.6;196.0;1.0;1.0;0.236;476390.0;130057;483503;130055;483499
505;ER Reeks 1990-2022 Definitief;2022;204;Koolstofdioxide;T108502;SBI 35.12 (per bedrijf): Transportnet voor aardgas;114747;Gasunie LNG;35120;Beheer en exploitatie van transportnetten voor elektriciteit, aardgas en warm water;64259;440368;pub_0502;Olie- gaswinning land;39531;Divers, overig, diffuus;64259;440368;P;5.0;;;;;;;;0.0;9861.0;64259;440367;64259;440367
506;ER Reeks 1990-2022 Definitief;2022;204;Koolstofdioxide;T108502;SBI 35.12 (per bedrijf): Transportnet voor aardgas;114747;Gasunie LNG;35120;Beheer en exploitatie van transportnetten voor elektriciteit, aardgas en warm water;64259;440368;pub_0502;Olie- gaswinning land;44606;Flare K202;64369;440218;P;1.0;;;;0.05;;;;0.001;423155.0;64369;440217;64259;440367
507;ER Reeks 1990-2022 Definitief;2022;204;Koolstofdioxide;T108502;SBI 35.12 (per bedrijf): Transportnet voor aardgas;114747;Gasunie LNG;35120;Beheer en exploitatie van transportnetten voor elektriciteit, aardgas en warm water;64259;440368;pub_0502;Olie- gaswinning land;45121;verwarmingsketels;64291;440381;P;19.0;;;;1.0;;;;0.01;234000.0;64291;440380;64259;440367
508;ER Reeks 1990-2022 Definitief;2022;204;Koolstofdioxide;T108500;SBI 35 (per bedrijf): Productie en distributie van elektriciteit en gas;114757;Eurogen CV;35111;Productie van elektriciteit door thermische, kern- en warmtekrachtcentrales;77212;433504;pub_0503;Opwekking electriciteit;34879;KETELB;77212;433504;P;35.0;;;;12.0;140.0;16.0;193.5;31.802;176311258.0;77212;433503;77212;433503
509;ER Reeks 1990-2022 Definitief;2022;204;Koolstofdioxide;T100201;SBI 10-12 (per bedrijf): Voedings- & genotmiddelenindustrie;114758;Farm Dairy;10510;Vervaardiging van zuivelproducten (geen consumptie-ijs);158900;501300;pub_0216;Voedings- en genotmiddelenindustrie;45018;schoorsteen;158900;501299;P;12.0;;;;2.826;192.0;0.0;1.18;0.0;1860000.0;158900;501298;158900;501299
510;ER Reeks 1990-2022 Definitief;2022;204;Koolstofdioxide;T107000;SBI 38.3 (per bedrijf): Voorbereiding tot recycling;114814;Recycling Kombinatie Bouw- en Sloopafval Rotterdam;38320;Gesorteerd materiaal voorbereiden tot recycling;82415;433874;pub_0904;Overige afvalbedrijven;38848;Schoorsteen TR1;82415;433874;P;40.0;;;;3.8;60.49;11.0;40.63;2.53;20601263.0;82415;433873;82415;433873
511;ER Reeks 1990-2022 Definitief;2022;204;Koolstofdioxide;T101100;SBI 20.1 (per bedrijf): Vervaardiging van chemische basisproducten;1104;Solvay Chemie BV;20149;Vervaardiging van organische basischemicaliën (geen petrochemische producten);194887;353181;pub_0301;Chemische Industrie basisproducten;35287;Schoorsteen stoomketel 9;194710;353150;P;12.0;;;;0.39;;;;0.171;2204496.0;194710;353149;194887;353180
512;ER Reeks 1990-2022 Definitief;2022;204;Koolstofdioxide;T105100;SBI 10.3 (per bedrijf): Groente- en fruitverwerking;62925;Aviko BV;10310;Vervaardiging van aardappelproducten;210103;453484;pub_0216;Voedings- en genotmiddelenindustrie;37474;emissie punt koelinstallatie's;210103;453484;P;0.0;;;;0.0;;;;0.0;1350.0;210103;453483;210103;453483
513;ER Reeks 1990-2022 Definitief;2022;204;Koolstofdioxide;T102300;SBI 24.4/24.5 (per bedrijf): Basismetaalindustrie, vervaardiging van non-ferro metalen en gieten van metalen;3513;MGG Netherlands BV;24530;Gieten van lichte metalen;207290;372300;pub_0201;Basismetaal;44227;Gehele bedrijf;207290;372300;P;14.0;;;;0.0;;;;0.1;1096826.0;207290;372299;207290;372299
514;ER Reeks 1990-2022 Definitief;2022;204;Koolstofdioxide;T108500;SBI 35 (per bedrijf): Productie en distributie van elektriciteit en gas;4001;RWE Generation NL B.V.;35111;Productie van elektriciteit door thermische, kern- en warmtekrachtcentrales;191379;351797;pub_0503;Opwekking electriciteit;44571;Schoorsteen Claus C3;191673;351798;P;75.0;;;;38.5;80.0;14.0;520.0;45.402;383000000.0;191673;351797;191379;351796
515;ER Reeks 1990-2022 Definitief;2022;204;Koolstofdioxide;T102700;SBI 20.15 (per bedrijf): Vervaardiging van kunstmeststoffen en stikstofverbindingen;51102;Rosier Nederland B.V.;20150;Vervaardiging van kunstmeststoffen en stikstofverbindingen;44106;360296;pub_0303;Chemische Industrie kunstmeststoffen;38834;Stoomketel (bron 1.1);44106;360296;P;16.0;;;;0.64;;;;0.2;4429322.0;44106;360295;44106;360295
516;ER Reeks 1990-2022 Definitief;2022;204;Koolstofdioxide;T100201;SBI 10-12 (per bedrijf): Voedings- & genotmiddelenindustrie;62925;Aviko BV;10310;Vervaardiging van aardappelproducten;210103;453484;pub_0216;Voedings- en genotmiddelenindustrie;44587;ketel 6;210125;453550;P;16.0;;;;0.5;130.0;66.0;33.0;5.0;4790000.0;210125;453549;210103;453483
517;ER Reeks 1990-2022 Definitief;2022;204;Koolstofdioxide;T100201;SBI 10-12 (per bedrijf): Voedings- & genotmiddelenindustrie;62925;Aviko BV;10310;Vervaardiging van aardappelproducten;210103;453484;pub_0216;Voedings- en genotmiddelenindustrie;44588;ketel 7;210117;453560;P;16.0;;;;0.5;230.0;2.0;1.0;0.28;920000.0;210117;453559;210103;453483
518;ER Reeks 1990-2022 Definitief;2022;204;Koolstofdioxide;T102300;SBI 24.4/24.5 (per bedrijf): Basismetaalindustrie, vervaardiging van non-ferro metalen en gieten van metalen;63504;Gieterij Doesburg BV;24510;Gieten van ijzer;206112;447069;pub_0201;Basismetaal;41903;Divers, overig, diffuus;206112;447069;P;5.0;;;;0.0;;;;0.0;84051.0;206112;447068;206112;447068
519;ER Reeks 1990-2022 Definitief;2022;204;Koolstofdioxide;T102300;SBI 24.4/24.5 (per bedrijf): Basismetaalindustrie, vervaardiging van non-ferro metalen en gieten van metalen;63504;Gieterij Doesburg BV;24510;Gieten van ijzer;206112;447069;pub_0201;Basismetaal;41908;Kernmakerij droogstoof 7;206112;447069;P;9.0;;;;0.05;80.0;9.0;0.45;0.039;26590.0;206112;447068;206112;447068
520;ER Reeks 1990-2022 Definitief;2022;204;Koolstofdioxide;T103900;SBI 49-53 (per bedrijf): Transport, communicatie;11090;Odfjell Terminals (Rotterdam) BV;52101;Opslag in tanks;81505;432967;pub_1201;Energiegebruik en processen Handel, Diensten en Overheid (HDO);45070;Gebouw AWZI;80910;433370;P;4.0;;;;1.0;80.0;0.0;0.02;0.002;9330.0;80910;433369;81505;432966
521;ER Reeks 1990-2022 Definitief;2022;204;Koolstofdioxide;T108500;SBI 35 (per bedrijf): Productie en distributie van elektriciteit en gas;201986;Eneco (Kanaalweg);35120;Beheer en exploitatie van transportnetten voor elektriciteit, aardgas en warm water;135834;454542;pub_0503;Opwekking electriciteit;44443;Gehele bedrijf;135834;454542;P;40.0;;;;5.3;;;;0.001;93.5;135834;454541;135834;454541
522;ER Reeks 1990-2022 Definitief;2022;204;Koolstofdioxide;T106200;SBI 25 (per bedrijf): Metaalproductenindustrie (exclusief machinebouw);63643;Veco B.V.;25620;Algemene metaalbewerking;200200;456300;pub_0210;Metaalelektro;45059;Stookinstallatie;200279;456311;P;9.0;;;;0.6;200.0;4167.0;2500.0;603.474;1030000.0;200279;456310;200200;456299
523;ER Reeks 1990-2022 Definitief;2022;204;Koolstofdioxide;T106200;SBI 25 (per bedrijf): Metaalproductenindustrie (exclusief machinebouw);63669;Coatinc Anox BV;25610;Oppervlaktebehandeling en bekleding van metaal;161100;455000;pub_0210;Metaalelektro;43931;Divers, overig, diffuus;161100;455000;P;5.0;;;;;;;;0.0;155815.1972;161100;454999;161100;454999
524;ER Reeks 1990-2022 Definitief;2022;204;Koolstofdioxide;T101100;SBI 20.1 (per bedrijf): Vervaardiging van chemische basisproducten;41102;Allnex Netherlands B.V.;20160;Vervaardiging van kunststof in primaire vorm;77249;391375;pub_0301;Chemische Industrie basisproducten;37462;AVI;77300;391350;P;20.0;;;;0.1;;;;0.429;3491387.0;77300;391349;77249;391374
525;ER Reeks 1990-2022 Definitief;2022;204;Koolstofdioxide;T101100;SBI 20.1 (per bedrijf): Vervaardiging van chemische basisproducten;51104;Dow Benelux BV (Hoek);20141;Vervaardiging van petrochemische producten;43193;373788;pub_0301;Chemische Industrie basisproducten;38445;DTF 530 EPE;43478;373650;P;30.0;;;;3.24;;;;0.021;21461951.575;43478;373649;43193;373787
526;ER Reeks 1990-2022 Definitief;2022;204;Koolstofdioxide;T104201;SBI 38.2 (per bedrijf): Afvalinzameling/beh, AVI's;64004;AVR Afvalverwerking BV (Duiven);38210;Behandeling van onschadelijk afval;197134;442636;pub_0901;AVI's;38075;AVI-3;197134;442636;P;90.0;;;;2.54;70.9;12.0;30.5;2.307;157249472.0;197134;442635;197134;442635
527;ER Reeks 1990-2022 Definitief;2022;204;Koolstofdioxide;T102100;SBI 17.1 (per bedrijf): Vervaardiging van papierpulp, papier en karton;64360;Parenco B.V.;17121;Vervaardiging van grafisch papier en karton;178450;442450;pub_0211;Papier(waren);34768;Divers, overig, diffuus;178450;442450;P;5.0;;;;0.0;;;;0.0;4481922.341;178450;442449;178450;442449
528;ER Reeks 1990-2022 Definitief;2022;204;Koolstofdioxide;T108400;SBI 30.1 (per bedrijf): Scheepsbouw;202935;Alblasserdam Yachtbuilding B.V. (Oceanco);30120;Bouw van sport- en recreatievaartuigen;104638;430413;pub_0210;Metaalelektro;46805;Spuitloods;104870;430211;P;10.0;;;;0.2;14.0;5.0;1.0;0.003;122000.0;104870;430210;104638;430412
529;ER Reeks 1990-2022 Definitief;2022;204;Koolstofdioxide;T102201;SBI 19.201 (per bedrijf): Aardolieraffinage;202992;Biopetrol Rotterdam BV;19201;Aardolieraffinage;80191;433416;pub_0401;Raffinage en verwerking;38682;Thermische olieverhitters;80191;433416;P;22.0;;;;0.13;;;;1.0;2817604.0;80191;433415;80191;433415
530;ER Reeks 1990-2022 Definitief;2022;204;Koolstofdioxide;T108500;SBI 35 (per bedrijf): Productie en distributie van elektriciteit en gas;12149;Uniper Centrale Maasvlakte;35111;Productie van elektriciteit door thermische, kern- en warmtekrachtcentrales;61481;442057;pub_0503;Opwekking electriciteit;8790;Stack MPP3;61340;442505;P;175.0;;;;73.9;46.02;9.0;634.0;27.694;3922903552.999996;61340;442504;61481;442056
531;ER Reeks 1990-2022 Definitief;2022;204;Koolstofdioxide;T108500;SBI 35 (per bedrijf): Productie en distributie van elektriciteit en gas;12151;Uniper HWC Blekerstraat;35111;Productie van elektriciteit door thermische, kern- en warmtekrachtcentrales;92648;436763;pub_0503;Opwekking electriciteit;38432;HK1/HK2;92648;436763;P;40.0;;;;2.2;200.0;12.0;25.3;6.107;26308.8;92648;436762;92648;436762
532;ER Reeks 1990-2022 Definitief;2022;204;Koolstofdioxide;T108502;SBI 35.12 (per bedrijf): Transportnet voor aardgas;41502;Gasunie (Ravenstein);35120;Beheer en exploitatie van transportnetten voor elektriciteit, aardgas en warm water;173928;421577;pub_0502;Olie- gaswinning land;37184;2-4 DLS-HVA16;173928;421577;P;15.0;;;;0.2;398.0;21.0;4.12;2.042;33147.0;173928;421576;173928;421576
533;ER Reeks 1990-2022 Definitief;2022;204;Koolstofdioxide;T104201;SBI 38.2 (per bedrijf): Afvalinzameling/beh, AVI's;41521;Afvalstoffen Terminal Moerdijk BV (ATM);38220;Behandeling van schadelijk afval;100541;411967;pub_0901;AVI's;41918;Divers, overig, diffuus;100541;411967;P;30.0;;;;;;;;0.0;4200870.0;100541;411966;100541;411966
534;ER Reeks 1990-2022 Definitief;2022;204;Koolstofdioxide;T102501;SBI 20.141 (per bedrijf): Vervaardiging van petrochemische producten;51104;Dow Benelux BV (Hoek);20141;Vervaardiging van petrochemische producten;43193;373788;pub_0301;Chemische Industrie basisproducten;38469;OPEN TERREIN ETHYLEEN-1;43030;374080;P;5.0;;;;0.0;;;;0.001;12484854.5;43030;374079;43193;373787
535;ER Reeks 1990-2022 Definitief;2022;204;Koolstofdioxide;T101100;SBI 20.1 (per bedrijf): Vervaardiging van chemische basisproducten;51104;Dow Benelux BV (Hoek);20141;Vervaardiging van petrochemische producten;43193;373788;pub_0301;Chemische Industrie basisproducten;38483;STACK BA-101 T/M BA-102 LE1;42966;373982;P;62.0;;;;2.0;;;;0.138;41553240.0;42966;373981;43193;373787
536;ER Reeks 1990-2022 Definitief;2022;204;Koolstofdioxide;T101100;SBI 20.1 (per bedrijf): Vervaardiging van chemische basisproducten;51104;Dow Benelux BV (Hoek);20141;Vervaardiging van petrochemische producten;43193;373788;pub_0301;Chemische Industrie basisproducten;38495;STACK BA109 LE3;42619;373957;P;62.0;;;;3.24;;;;0.293;58343581.0;42619;373956;43193;373787
537;ER Reeks 1990-2022 Definitief;2022;204;Koolstofdioxide;T101702;SBI 20.5 (per bedrijf): Overige chemische producten;200664;Smit & Zoon BV;20590;Vervaardiging van overige chemische producten n.e.g.;152700;465019;pub_0304;Chemische Industrie overig;39468;Schoorsteen droger SD42;152700;465019;P;21.0;;;;0.44;70.0;5.0;2.24658;0.0;362656.32;152700;465018;152700;465018
538;ER Reeks 1990-2022 Definitief;2022;204;Koolstofdioxide;T101702;SBI 20.5 (per bedrijf): Overige chemische producten;201172;Smit & Zoon;20590;Vervaardiging van overige chemische producten n.e.g.;132205;480475;pub_0304;Chemische Industrie overig;45570;Heetwaterketel;132266;480425;P;10.0;;;;0.0314;141.0;8.0;0.239;0.0;378879.0;132266;480424;132205;480474
539;ER Reeks 1990-2022 Definitief;2022;204;Koolstofdioxide;T108500;SBI 35 (per bedrijf): Productie en distributie van elektriciteit en gas;201304;Biomassacentrale Moerdijk;35113;Productie van elektriciteit door zonnecellen, warmtepompen en waterkracht;99292;411125;pub_0503;Opwekking electriciteit;35317;Schoorsteen rookgasreinigingsinstallatie;99047;411333;P;50.0;;;;5.7;128.1;11.0;62.77;9.357;325913224.0;99047;411332;99292;411124
540;ER Reeks 1990-2022 Definitief;2022;204;Koolstofdioxide;T101702;SBI 20.5 (per bedrijf): Overige chemische producten;21304;Givaudan Nederland BV (Naarden);20530;Vervaardiging van etherische oliën;141030;478690;pub_0304;Chemische Industrie overig;8103;Overige stookinstallaties;141019;478549;P;10.0;;;;0.02;;;;0.001;1500000.0;141019;478548;141030;478689
541;ER Reeks 1990-2022 Definitief;2022;204;Koolstofdioxide;T101702;SBI 20.5 (per bedrijf): Overige chemische producten;21304;Givaudan Nederland BV (Naarden);20530;Vervaardiging van etherische oliën;141030;478690;pub_0304;Chemische Industrie overig;35583;Schoorsteen stoomketels;141030;478690;P;22.0;;;;0.45;;;;1.0;2890000.0;141030;478689;141030;478689
542;ER Reeks 1990-2022 Definitief;2022;204;Koolstofdioxide;T102202;SBI 24.1-24.3 (per bedrijf): Basismetaalindustrie, verwerking en vervaardiging ijzer en staal;43002;Salzgitter Mannesmann Seamless Tubes BV;24200;Vervaardiging van stalen buizen, pijpen, holle profielen en fittings daarvoor;174950;386900;pub_0201;Basismetaal;43025;UITLAAT ROOKGASSEN STOOMKETEL;174950;386900;P;12.0;;;;0.16;185.0;1.0;0.23001;0.051;473000.0;174950;386899;174950;386899
543;ER Reeks 1990-2022 Definitief;2022;204;Koolstofdioxide;T100201;SBI 10-12 (per bedrijf): Voedings- & genotmiddelenindustrie;52612;Cargill Benelux BV;10620;Vervaardiging van zetmeel en zetmeelproducten;44338;361919;pub_0216;Voedings- en genotmiddelenindustrie;38352;emissiepunt 102;44338;361919;P;23.0;;;;3.0;;;;2.9;33224960.84973;44338;361918;44338;361918
544;ER Reeks 1990-2022 Definitief;2022;204;Koolstofdioxide;T100201;SBI 10-12 (per bedrijf): Voedings- & genotmiddelenindustrie;52612;Cargill Benelux BV;10620;Vervaardiging van zetmeel en zetmeelproducten;44338;361919;pub_0216;Voedings- en genotmiddelenindustrie;38363;emmissiepunt 104;44338;361919;P;6.0;;;;2.0;;;;3.3;931339.76805;44338;361918;44338;361918
545;ER Reeks 1990-2022 Definitief;2022;204;Koolstofdioxide;T108502;SBI 35.12 (per bedrijf): Transportnet voor aardgas;71514;Gasunie Vilsteren/Ommen;35120;Beheer en exploitatie van transportnetten voor elektriciteit, aardgas en warm water;221116;501184;pub_0502;Olie- gaswinning land;38932;1-C-002 RR-RB211;221116;501184;P;13.0;;;;15.75;334.0;1.0;20.47;8.463;7779.0;221116;501183;221116;501183
546;ER Reeks 1990-2022 Definitief;2022;204;Koolstofdioxide;T108502;SBI 35.12 (per bedrijf): Transportnet voor aardgas;71514;Gasunie Vilsteren/Ommen;35120;Beheer en exploitatie van transportnetten voor elektriciteit, aardgas en warm water;221116;501184;pub_0502;Olie- gaswinning land;38941;2-C-011 GE-FRS3;221116;501184;P;17.0;;;;9.0;376.0;;40.98;19.231914;275985.0;221116;501183;221116;501183
547;ER Reeks 1990-2022 Definitief;2022;204;Koolstofdioxide;T100600;SBI 17 (per bedrijf): Vervaardiging van papier, karton en papier- en kartonwaren;4301;Smurfit Kappa Roermond Papier BV;17122;Vervaardiging van papier en karton voor verpakking;198000;357600;pub_0211;Papier(waren);35029;Schoorsteen ketel 8;198000;357600;P;25.0;;;;1.0;;;;1.0;14156101.0;198000;357599;198000;357599
548;ER Reeks 1990-2022 Definitief;2022;204;Koolstofdioxide;T108502;SBI 35.12 (per bedrijf): Transportnet voor aardgas;21529;Gasunie (Beverwijk);35120;Beheer en exploitatie van transportnetten voor elektriciteit, aardgas en warm water;108327;500235;pub_0502;Olie- gaswinning land;35639;2-4 SOLAR;108415;500241;P;12.0;;;;0.79;343.0;12.0;9.09;3.863;89356.0;108415;500240;108327;500234
549;ER Reeks 1990-2022 Definitief;2022;204;Koolstofdioxide;T151100;SBI 46/47 (per bedrijf): Detail- en groothandel;21530;Oxea Nederland BV;46120;Handelsbemiddeling in brandstoffen, ertsen, metalen en chemische producten;115320;491100;pub_1201;Energiegebruik en processen Handel, Diensten en Overheid (HDO);44609;Schoorsteen Stoomketel;114282;491986;P;10.0;;;;0.24;140.0;1.0;0.35;0.058;974277.0;114282;491985;115320;491099
550;ER Reeks 1990-2022 Definitief;2022;204;Koolstofdioxide;T100201;SBI 10-12 (per bedrijf): Voedings- & genotmiddelenindustrie;22012;CONO Kaasmakers (Middenbeemster);10510;Vervaardiging van zuivelproducten (geen consumptie-ijs);120220;507805;pub_0216;Voedings- en genotmiddelenindustrie;35587;Luchtverhitter poederfabriek;120281;507741;P;22.0;;;;0.0;;;;3.8;2619053.0;120281;507740;120220;507804
551;ER Reeks 1990-2022 Definitief;2022;204;Koolstofdioxide;T101100;SBI 20.1 (per bedrijf): Vervaardiging van chemische basisproducten;56118;Invista Polyester BV;20160;Vervaardiging van kunststof in primaire vorm;27500;389974;pub_0301;Chemische Industrie basisproducten;38731;Santotherminstallatie;36420;386070;P;32.0;;;;1.04;;;;0.249;4052214.0;36420;386069;27500;389973
552;ER Reeks 1990-2022 Definitief;2022;204;Koolstofdioxide;T101100;SBI 20.1 (per bedrijf): Vervaardiging van chemische basisproducten;10004;Lyondell Chemie Nederland BV;20141;Vervaardiging van petrochemische producten;76900;433220;pub_0301;Chemische Industrie basisproducten;35295;B-2310 Proces Fornuis;76900;433220;P;15.0;;;;1.0;;;;0.4;67852.0;76900;433219;76900;433219
553;ER Reeks 1990-2022 Definitief;2022;204;Koolstofdioxide;T103600;SBI 20.59 (per bedrijf): Vervaardiging van overige chemische producten n.e.g.;21403;Cabot Norit Nederland B.V.;20590;Vervaardiging van overige chemische producten n.e.g.;116710;492900;pub_0304;Chemische Industrie overig;35259;EO 1 + EO 2 + Naverb;116701;492857;P;23.0;;;;0.13;;;;0.319;617530.0;116701;492856;116710;492899
554;ER Reeks 1990-2022 Definitief;2022;204;Koolstofdioxide;T104706;SBI 24.45 (per bedrijf) Vervaardiging van overige non-ferrometalen, zink;43013;Nyrstar Budel BV;24430;Vervaardiging van lood, zink en tin;169900;361000;pub_0201;Basismetaal;38972;branders (200 stuks) giethal zinkfabriek (emissiepunt 16);169900;361000;P;4.0;;;;30.0;33.0;0.0;0.33;0.009;1327783.0;169900;360999;169900;360999
555;ER Reeks 1990-2022 Definitief;2022;204;Koolstofdioxide;T106200;SBI 25 (per bedrijf): Metaalproductenindustrie (exclusief machinebouw);43024;Nedschroef Helmond BV;25940;Vervaardiging van bouten, schroeven en moeren;173329;388200;pub_0210;Metaalelektro;29587;Veredelingsinstallaties;173329;388200;P;12.0;;;;1.0;120.0;0.0;0.21668;0.03;5260612.0105;173329;388199;173329;388199
556;ER Reeks 1990-2022 Definitief;2022;204;Koolstofdioxide;T101100;SBI 20.1 (per bedrijf): Vervaardiging van chemische basisproducten;10003;DSM Resins BV;20160;Vervaardiging van kunststof in primaire vorm;70183;442535;pub_0301;Chemische Industrie basisproducten;38951;Ketelhuis 1 procesfornuis F803;70210;442560;P;17.0;;;;0.17;;;;0.08725;1102413.0;70210;442559;70183;442534
557;ER Reeks 1990-2022 Definitief;2022;204;Koolstofdioxide;T101100;SBI 20.1 (per bedrijf): Vervaardiging van chemische basisproducten;10073;Tronox Pigments (Holland) BV;20120;Vervaardiging van kleurstoffen en pigmenten;78070;434900;pub_0301;Chemische Industrie basisproducten;38839;Wervelbed drogers;78088;434742;P;21.0;;;;2.0;95.0;3.0;6.3;0.671;6057275.54355;78088;434741;78070;434899
558;ER Reeks 1990-2022 Definitief;2022;204;Koolstofdioxide;T102400;SBI 20.12 (per bedrijf): Vervaardiging van kleur- en verfstoffen;10073;Tronox Pigments (Holland) BV;20120;Vervaardiging van kleurstoffen en pigmenten;78070;434900;pub_0301;Chemische Industrie basisproducten;45878;flare;78143;435034;P;20.0;;;;0.6;900.0;33.0;2.0;2.28;5551207.0;78143;435033;78070;434899
559;ER Reeks 1990-2022 Definitief;2022;204;Koolstofdioxide;T100201;SBI 10-12 (per bedrijf): Voedings- & genotmiddelenindustrie;10097;Sime Darby Unimills B.V.;10410;Vervaardiging van plantaardige en dierlijke oliën en vetten (geen margarine en andere spijsvetten);103500;424600;pub_0216;Voedings- en genotmiddelenindustrie;41693;EMFA (Kerry);103521;424504;P;15.0;;;;0.0;150.0;;0.33;0.058;533000.0;103521;424503;103500;424599
560;ER Reeks 1990-2022 Definitief;2022;204;Koolstofdioxide;T102501;SBI 20.141 (per bedrijf): Vervaardiging van petrochemische producten;101104;Dow Benelux BV (Delfzijl);20141;Vervaardiging van petrochemische producten;259700;592600;pub_0301;Chemische Industrie basisproducten;42446;Divers, overig, diffuus;259700;592600;P;5.0;;;;0.0;;;;0.0;73639.0;259700;592599;259700;592599
561;ER Reeks 1990-2022 Definitief;2022;204;Koolstofdioxide;T102500;SBI 20.13 (per bedrijf): Basischemie anorganisch;101105;PQ Silicas BV (Winschoten);20130;Vervaardiging van overige anorganische basischemicaliën;266100;573750;pub_0301;Chemische Industrie basisproducten;8093;Waterglasoven FU 4;266080;573750;P;35.0;;;;0.5;;;;0.33;5451665.9248;266080;573749;266100;573749
562;ER Reeks 1990-2022 Definitief;2022;204;Koolstofdioxide;T102102;SBI 23 (per bedrijf): Bouwmaterialen- en glasindustrie;101405;Electric Glass Fiber NL BV;23140;Vervaardiging van glasvezels;241450;577380;pub_0203;Bouwmaterialenindustrie;8928;Novutherm ketels;241432;577484;P;19.0;;;;0.0;;;;0.048;2038388.0;241432;577483;241450;577379
563;ER Reeks 1990-2022 Definitief;2022;204;Koolstofdioxide;T101100;SBI 20.1 (per bedrijf): Vervaardiging van chemische basisproducten;101407;Zeolyst CV;20130;Vervaardiging van overige anorganische basischemicaliën;261647;592403;pub_0301;Chemische Industrie basisproducten;46977;calcineertrommel 6702;261647;592403;P;20.0;;;;0.1232;;;;0.09;165424.0;261647;592402;261647;592402
564;ER Reeks 1990-2022 Definitief;2022;204;Koolstofdioxide;T107100;SBI 08 (per bedrijf): Winning van delfstoffen (geen olie en gas);101408;Nedmag BV;8990;Winning van overige delfstoffen n.e.g.;256065;570785;pub_0802;Overig bouw;42860;Schoorsteen A3001 (calcineerovens);256050;570781;P;50.0;;;;1.0;190.0;6.0;6.4;1.463;9970458.8;256050;570780;256065;570784
565;ER Reeks 1990-2022 Definitief;2022;204;Koolstofdioxide;T101100;SBI 20.1 (per bedrijf): Vervaardiging van chemische basisproducten;203825;Linde Gas Benelux BV;20110;Vervaardiging van industriële gassen;204514;451908;pub_0301;Chemische Industrie basisproducten;39740;CV installatie;204514;451908;P;10.0;;;;0.2;;;;0.01;86069.0;204514;451907;204514;451907
566;ER Reeks 1990-2022 Definitief;2022;204;Koolstofdioxide;T108500;SBI 35 (per bedrijf): Productie en distributie van elektriciteit en gas;204363;Nuon HWC Schuytgraaf;35111;Productie van elektriciteit door thermische, kern- en warmtekrachtcentrales;186213;439706;pub_0503;Opwekking electriciteit;38434;NHA10;186213;439706;P;21.0;;;;1.3;180.0;2.0;2.2;0.475;257800.50000000035;186213;439705;186213;439705
567;ER Reeks 1990-2022 Definitief;2022;204;Koolstofdioxide;T108502;SBI 35.12 (per bedrijf): Transportnet voor aardgas;204522;Ondergrondse aardgasopslag Zuidwending;35120;Beheer en exploitatie van transportnetten voor elektriciteit, aardgas en warm water;258576;567374;pub_0502;Olie- gaswinning land;37173;water heaters;258576;567374;P;10.0;;;;0.0;;;;0.22;2967074.82843484;258576;567373;258576;567373
568;ER Reeks 1990-2022 Definitief;2022;204;Koolstofdioxide;T100201;SBI 10-12 (per bedrijf): Voedings- & genotmiddelenindustrie;204763;KH Dairy Sourcing BV;10510;Vervaardiging van zuivelproducten (geen consumptie-ijs);253097;520062;pub_0216;Voedings- en genotmiddelenindustrie;45277;Stoomketel;253097;520062;P;5.0;;;;0.0;170.0;;2.0;0.406;1709368.0;253097;520061;253097;520061
569;ER Reeks 1990-2022 Definitief;2022;204;Koolstofdioxide;T101100;SBI 20.1 (per bedrijf): Vervaardiging van chemische basisproducten;204851;Air Products Nederland BV (Pernis);20110;Vervaardiging van industriële gassen;79259;431845;pub_0301;Chemische Industrie basisproducten;44583;SMR;79259;431845;P;50.0;;;;71.0;130.0;1.0;62.7;9.5;502072860.0;79259;431844;79259;431844
570;ER Reeks 1990-2022 Definitief;2022;204;Koolstofdioxide;T104702;SBI 24.45 (per bedrijf) Vervaardiging van overige non-ferrometalen, aluminium;43856;Sapa Profiles NL BV (Drunen);24420;Vervaardiging van aluminium;138700;411500;pub_0201;Basismetaal;38312;Divers, overig, diffuus;138700;411500;P;5.0;;;;0.0;;;;0.0;1647000.0;138700;411499;138700;411499
571;ER Reeks 1990-2022 Definitief;2022;204;Koolstofdioxide;T108502;SBI 35.12 (per bedrijf): Transportnet voor aardgas;101515;Gasunie (Spijk);35120;Beheer en exploitatie van transportnetten voor elektriciteit, aardgas en warm water;253587;603833;pub_0502;Olie- gaswinning land;42785;3-4 SOLAR;253514;603833;P;9.0;;;;0.95;441.0;8.0;7.41;4.082;33990.0;253514;603832;253587;603832
572;ER Reeks 1990-2022 Definitief;2022;204;Koolstofdioxide;T108502;SBI 35.12 (per bedrijf): Transportnet voor aardgas;101515;Gasunie (Spijk);35120;Beheer en exploitatie van transportnetten voor elektriciteit, aardgas en warm water;253587;603833;pub_0502;Olie- gaswinning land;45524;Noodgenerator A409H-24-78-002 725kW;253646;603845;P;4.0;;;;0.0385;293.0;0.0;0.01;0.004;233.772264935452;253646;603844;253587;603832
573;ER Reeks 1990-2022 Definitief;2022;204;Koolstofdioxide;T101100;SBI 20.1 (per bedrijf): Vervaardiging van chemische basisproducten;10079;Chemours Netherlands BV;20160;Vervaardiging van kunststof in primaire vorm;109500;425710;pub_0301;Chemische Industrie basisproducten;44625;Teflon FEP;109817;425858;P;25.0;;;;0.0;;;;0.001;40856.2017525123;109817;425857;109500;425709
574;ER Reeks 1990-2022 Definitief;2022;204;Koolstofdioxide;T101100;SBI 20.1 (per bedrijf): Vervaardiging van chemische basisproducten;10079;Chemours Netherlands BV;20160;Vervaardiging van kunststof in primaire vorm;109500;425710;pub_0301;Chemische Industrie basisproducten;45991;Diesel aggregaat FLCHem CK;109694;425890;P;6.0;;;;0.0;;;;0.001;14000.0;109694;425889;109500;425709
575;ER Reeks 1990-2022 Definitief;2022;204;Koolstofdioxide;T101100;SBI 20.1 (per bedrijf): Vervaardiging van chemische basisproducten;10079;Chemours Netherlands BV;20160;Vervaardiging van kunststof in primaire vorm;109500;425710;pub_0301;Chemische Industrie basisproducten;46788;Verwarming brandweergarage;109669;425659;P;5.0;;;;0.3;;;;0.001;41400.0;109669;425658;109500;425709
576;ER Reeks 1990-2022 Definitief;2022;204;Koolstofdioxide;T102201;SBI 19.201 (per bedrijf): Aardolieraffinage;10057;Shell Nederland Raffinaderij BV;19201;Aardolieraffinage;82574;432924;pub_0401;Raffinage en verwerking;42213;Hoge schoorsteen 2;82574;432924;P;213.0;;;;9.0;176.0;11.0;145.14;30.563;919552718.4;82574;432923;82574;432923
577;ER Reeks 1990-2022 Definitief;2022;204;Koolstofdioxide;T102201;SBI 19.201 (per bedrijf): Aardolieraffinage;10057;Shell Nederland Raffinaderij BV;19201;Aardolieraffinage;82574;432924;pub_0401;Raffinage en verwerking;46766;kws fakkel ABC terrein;83060;433139;P;130.0;;;;0.0;;;;22.0;59020382.0;83060;433138;82574;432923
578;ER Reeks 1990-2022 Definitief;2022;204;Koolstofdioxide;T108500;SBI 35 (per bedrijf): Productie en distributie van elektriciteit en gas;204957;Eneco Solar, Bio & Hydro BV, WKC Ypenburg;35120;Beheer en exploitatie van transportnetten voor elektriciteit, aardgas en warm water;85471;452540;pub_0503;Opwekking electriciteit;45536;WKK 4 schoorsteen;85455;452580;P;20.0;;;;0.28;110.0;;2.4;0.2964;5406276.0;85455;452579;85471;452539
579;ER Reeks 1990-2022 Definitief;2022;204;Koolstofdioxide;T108500;SBI 35 (per bedrijf): Productie en distributie van elektriciteit en gas;205186;Eneco Solar, Bio & Hydro / HWC Ypenburg;35120;Beheer en exploitatie van transportnetten voor elektriciteit, aardgas en warm water;84489;451037;pub_0503;Opwekking electriciteit;45823;Ketel3;84493;451045;P;15.0;;;;0.33;75.0;7.0;2.4;0.194;2540954.0;84493;451044;84489;451036
580;ER Reeks 1990-2022 Definitief;2022;204;Koolstofdioxide;T101702;SBI 20.5 (per bedrijf): Overige chemische producten;205276;Diffutherm BV;20520;Vervaardiging van lijm en bereide kleefmiddelen;147092;374329;pub_0304;Chemische Industrie overig;47096;verzamelpunt;147092;374328;P;11.0;;;;0.4;80.0;1.0;0.212;0.019;702270.0;147092;374327;147092;374328
581;ER Reeks 1990-2022 Definitief;2022;204;Koolstofdioxide;T101702;SBI 20.5 (per bedrijf): Overige chemische producten;21101;Albemarle Catalysts Company B.V.;20590;Vervaardiging van overige chemische producten n.e.g.;124570;488620;pub_0304;Chemische Industrie overig;7559;KL-1901;124230;488780;P;20.0;;;;0.0;200.0;0.0;0.037;0.009;287000.0;124230;488779;124570;488619
582;ER Reeks 1990-2022 Definitief;2022;204;Koolstofdioxide;T101702;SBI 20.5 (per bedrijf): Overige chemische producten;21101;Albemarle Catalysts Company B.V.;20590;Vervaardiging van overige chemische producten n.e.g.;124570;488620;pub_0304;Chemische Industrie overig;7564;Service en onderzoeksafdelingen;124230;488780;P;20.0;;;;0.0;;;;0.032;339158.0;124230;488779;124570;488619
583;ER Reeks 1990-2022 Definitief;2022;204;Koolstofdioxide;T100300;SBI 13/14 (per bedrijf): Vervaardiging van textiel en kleding;44162;Vlisco Helmond BV;13300;Textielveredeling;173650;387400;pub_0215;Textiel- en tapijtindustrie;36337;Drogen| G1-machine;173650;387400;P;14.0;;;;0.0;65.0;;4.2;0.273;274250.0;173650;387399;173650;387399
584;ER Reeks 1990-2022 Definitief;2022;204;Koolstofdioxide;T100300;SBI 13/14 (per bedrijf): Vervaardiging van textiel en kleding;44162;Vlisco Helmond BV;13300;Textielveredeling;173650;387400;pub_0215;Textiel- en tapijtindustrie;44674;Drogen|G4-machine gaswasser;173585;387497;P;16.0;;;;1.5;55.0;;5.5;0.286;274250.0;173585;387496;173650;387399
585;ER Reeks 1990-2022 Definitief;2022;204;Koolstofdioxide;T111201;SBI 38.2 (per bedrijf): Behandeling van afval;85002;Attero Noord BV;38210;Behandeling van onschadelijk afval;231073;534370;pub_0901;AVI's;36088;Storten van afval;230850;533510;O;40.0;500.0;500.0;;250000.0;;;;0.001;937930.0;230850;533509;231073;534369
586;ER Reeks 1990-2022 Definitief;2022;204;Koolstofdioxide;T100201;SBI 10-12 (per bedrijf): Voedings- & genotmiddelenindustrie;92001;FrieslandCampina Cheese (Gerkesklooster);10510;Vervaardiging van zuivelproducten (geen consumptie-ijs);209300;583850;pub_0216;Voedings- en genotmiddelenindustrie;35262;Divers, overig, diffuus;209300;583850;P;5.0;;;;0.0;;;;0.0;543060.0;209300;583849;209300;583849
587;ER Reeks 1990-2022 Definitief;2022;204;Koolstofdioxide;T100201;SBI 10-12 (per bedrijf): Voedings- & genotmiddelenindustrie;92008;Exploitatiemaatschappij Phoenix BV;10510;Vervaardiging van zuivelproducten (geen consumptie-ijs);181400;551120;pub_0216;Voedings- en genotmiddelenindustrie;36356;Droogtoren Egron 3;181453;551076;P;30.0;;;;0.0;;;;0.7;3921374.0;181453;551075;181400;551119
588;ER Reeks 1990-2022 Definitief;2022;204;Koolstofdioxide;T106100;SBI 22.2 (per bedrijf): Vervaardiging van producten van kunststof;24605;Forbo Flooring BV;22230;Vervaardiging van kunststofproducten voor de bouw;112868;500232;pub_0213;Rubber- en kunstofverw. Industrie;42913;Stoomketel 6;113174;500627;P;20.0;;;;2.0;;;;0.271;6228402.0;113174;500626;112868;500231
589;ER Reeks 1990-2022 Definitief;2022;204;Koolstofdioxide;T106100;SBI 22.2 (per bedrijf): Vervaardiging van producten van kunststof;24605;Forbo Flooring BV;22230;Vervaardiging van kunststofproducten voor de bouw;112868;500232;pub_0213;Rubber- en kunstofverw. Industrie;42914;Stoomketel 7;113174;500691;P;21.0;;;;2.5;;;;0.452;499144.0;113174;500690;112868;500231
590;ER Reeks 1990-2022 Definitief;2022;204;Koolstofdioxide;T100600;SBI 17 (per bedrijf): Vervaardiging van papier, karton en papier- en kartonwaren;24606;BN International BV;17240;Vervaardiging van behangselpapier;145000;479450;pub_0211;Papier(waren);35415;Stoomketel;145030;479400;P;15.0;;;;0.13;;;;0.125;45946.0;145030;479399;145000;479449
591;ER Reeks 1990-2022 Definitief;2022;204;Koolstofdioxide;T101100;SBI 20.1 (per bedrijf): Vervaardiging van chemische basisproducten;10698;Croda;20149;Vervaardiging van organische basischemicaliën (geen petrochemische producten);108400;446500;pub_0301;Chemische Industrie basisproducten;38704;791 HTO-oven VD/ARD;108428;446640;P;22.0;;;;0.05;254.0;4.0;0.18;0.056;292692.0;108428;446639;108400;446499
592;ER Reeks 1990-2022 Definitief;2022;204;Koolstofdioxide;T101100;SBI 20.1 (per bedrijf): Vervaardiging van chemische basisproducten;10698;Croda;20149;Vervaardiging van organische basischemicaliën (geen petrochemische producten);108400;446500;pub_0301;Chemische Industrie basisproducten;38708;mobiele diesel gestookte stoomketels;108363;446573;P;4.0;;;;0.125;350.0;2.0;0.2;0.087;15906.0;108363;446572;108400;446499
593;ER Reeks 1990-2022 Definitief;2022;204;Koolstofdioxide;T100201;SBI 10-12 (per bedrijf): Voedings- & genotmiddelenindustrie;22102;Loders Croklaan B.V.;10410;Vervaardiging van plantaardige en dierlijke oliën en vetten (geen margarine en andere spijsvetten);115800;499830;pub_0216;Voedings- en genotmiddelenindustrie;37037;Geka Ketel EFP;115776;499855;P;15.0;;;;0.049;298.0;2.0;0.12;0.044;52418.0;115776;499854;115800;499829
594;ER Reeks 1990-2022 Definitief;2022;204;Koolstofdioxide;T100201;SBI 10-12 (per bedrijf): Voedings- & genotmiddelenindustrie;22102;Loders Croklaan B.V.;10410;Vervaardiging van plantaardige en dierlijke oliën en vetten (geen margarine en andere spijsvetten);115800;499830;pub_0216;Voedings- en genotmiddelenindustrie;37040;Ketel 8;115797;499833;P;25.0;;;;1.32;237.0;2.0;2.65;0.766;15537404.0;115797;499832;115800;499829
595;ER Reeks 1990-2022 Definitief;2022;204;Koolstofdioxide;T100201;SBI 10-12 (per bedrijf): Voedings- & genotmiddelenindustrie;22201;Olam Cocoa BV;10821;Verwerking van cacao;115668;498195;pub_0216;Voedings- en genotmiddelenindustrie;37336;schoorsteen BMO;115790;498230;P;60.0;;;;2.0;107.0;8.0;16.91;2.063;8246962.8;115790;498229;115668;498194
596;ER Reeks 1990-2022 Definitief;2022;204;Koolstofdioxide;T108500;SBI 35 (per bedrijf): Productie en distributie van elektriciteit en gas;94003;GDF SUEZ Centrale Bergum;35111;Productie van elektriciteit door thermische, kern- en warmtekrachtcentrales;197930;580516;pub_0503;Opwekking electriciteit;44619;BG21;197929;580540;P;48.0;;;;13.0;560.0;23.0;296.0;6.0;806047.0;197929;580539;197930;580515
597;ER Reeks 1990-2022 Definitief;2022;204;Koolstofdioxide;T100600;SBI 17 (per bedrijf): Vervaardiging van papier, karton en papier- en kartonwaren;94301;Huhtamaki Nederland BV;17290;Vervaardiging van overige papier- en kartonwaren;165330;577300;pub_0211;Papier(waren);40771;M5;165383;577324;P;9.0;;;;0.0;;;;3.8;2924030.41;165383;577323;165330;577299
598;ER Reeks 1990-2022 Definitief;2022;204;Koolstofdioxide;T100600;SBI 17 (per bedrijf): Vervaardiging van papier, karton en papier- en kartonwaren;94301;Huhtamaki Nederland BV;17290;Vervaardiging van overige papier- en kartonwaren;165330;577300;pub_0211;Papier(waren);40773;M53;165347;577329;P;7.0;;;;0.0;;;;0.3;132076.51;165347;577328;165330;577299
599;ER Reeks 1990-2022 Definitief;2022;204;Koolstofdioxide;T102800;SBI 20.16 (per bedrijf): Vervaardiging van kunststof in primaire vorm;94706;BASF Nederland B.V. (Nijehaske);20160;Vervaardiging van kunststof in primaire vorm;188750;553750;pub_0301;Chemische Industrie basisproducten;40751;Heet olie installatie;188720;553775;P;22.0;;;;0.2;240.0;3.0;0.606;0.177;1937484.468425;188720;553774;188750;553749
600;ER Reeks 1990-2022 Definitief;2022;204;Koolstofdioxide;T100201;SBI 10-12 (per bedrijf): Voedings- & genotmiddelenindustrie;95003;Lamb Weston / Meyer VOF (Klooster Lidlum);10310;Vervaardiging van aardappelproducten;163915;582995;pub_0216;Voedings- en genotmiddelenindustrie;37046;Hr-ketel;163915;582995;P;12.0;;;;0.71;24.0;4.0;2.609;0.04;12160739.52;163915;582994;163915;582994
601;ER Reeks 1990-2022 Definitief;2022;204;Koolstofdioxide;T102202;SBI 24.1-24.3 (per bedrijf): Basismetaalindustrie, verwerking en vervaardiging ijzer en staal;23301;Tata Steel IJmuiden BV;24100;Vervaardiging van ijzer en staal en van ferrolegeringen;100985;499055;pub_0201;Basismetaal;44765;ENB10;101835;498955;P;40.0;;;;2.5434;;;;4.718;158002784.15346146;101835;498954;100985;499054
602;ER Reeks 1990-2022 Definitief;2022;204;Koolstofdioxide;T102102;SBI 23 (per bedrijf): Bouwmaterialen- en glasindustrie;10723;O-I Manufacturing Netherlands BV (Leerdam);23130;Vervaardiging van holglas;134256;433341;pub_0203;Bouwmaterialenindustrie;35126;SCHOORSTEEN GLASOVEN L 3;134240;433320;P;25.0;;;;1.0;;;;1.0;3941652.03885;134240;433319;134256;433340
603;ER Reeks 1990-2022 Definitief;2022;204;Koolstofdioxide;T100201;SBI 10-12 (per bedrijf): Voedings- & genotmiddelenindustrie;10728;Cargill B.V.;10410;Vervaardiging van plantaardige en dierlijke oliën en vetten (geen margarine en andere spijsvetten);78989;433152;pub_0216;Voedings- en genotmiddelenindustrie;42525;Schoorsteen stoomketel F-112;78005;434125;P;10.0;;;;0.34;;;;4.38;661606.0;78005;434124;78989;433151
604;ER Reeks 1990-2022 Definitief;2022;204;Koolstofdioxide;T100201;SBI 10-12 (per bedrijf): Voedings- & genotmiddelenindustrie;102001;FrieslandCampina Bedum;10510;Vervaardiging van zuivelproducten (geen consumptie-ijs);235710;592080;pub_0216;Voedings- en genotmiddelenindustrie;35494;Stoomketel 1;235710;592080;P;26.0;;;;0.0;;;;0.32;154135.0;235710;592079;235710;592079
605;ER Reeks 1990-2022 Definitief;2022;204;Koolstofdioxide;T100201;SBI 10-12 (per bedrijf): Voedings- & genotmiddelenindustrie;102001;FrieslandCampina Bedum;10510;Vervaardiging van zuivelproducten (geen consumptie-ijs);235710;592080;pub_0216;Voedings- en genotmiddelenindustrie;35495;Stoomketel 2;235710;592080;P;26.0;;;;0.0;;;;0.916;3958565.0;235710;592079;235710;592079
606;ER Reeks 1990-2022 Definitief;2022;204;Koolstofdioxide;T100201;SBI 10-12 (per bedrijf): Voedings- & genotmiddelenindustrie;102302;Suiker Unie Vierverlaten;10810;Vervaardiging van suiker;229011;581366;pub_0216;Voedings- en genotmiddelenindustrie;42850;Bronswerketel;229000;581420;P;30.0;;;;0.0;150.0;10.0;25.4;4.501;55966080.0;229000;581419;229011;581365
607;ER Reeks 1990-2022 Definitief;2022;204;Koolstofdioxide;T100201;SBI 10-12 (per bedrijf): Voedings- & genotmiddelenindustrie;102504;Rixona BV (Warffum);10310;Vervaardiging van aardappelproducten;230757;601513;pub_0216;Voedings- en genotmiddelenindustrie;46210;Lijn A;230756;601542;P;19.0;;;;9.42;;;;0.33;7840000.0;230756;601541;230757;601512
608;ER Reeks 1990-2022 Definitief;2022;204;Koolstofdioxide;T100201;SBI 10-12 (per bedrijf): Voedings- & genotmiddelenindustrie;102620;Avebe u.a. (Ter Apelkanaal);10620;Vervaardiging van zetmeel en zetmeelproducten;266540;549498;pub_0216;Voedings- en genotmiddelenindustrie;43059;Stoomketel 6;266660;549552;P;30.0;;;;0.79;100.0;2.0;1.19;0.134;4960000.0;266660;549551;266540;549497
609;ER Reeks 1990-2022 Definitief;2022;204;Koolstofdioxide;T100201;SBI 10-12 (per bedrijf): Voedings- & genotmiddelenindustrie;102620;Avebe u.a. (Ter Apelkanaal);10620;Vervaardiging van zetmeel en zetmeelproducten;266540;549498;pub_0216;Voedings- en genotmiddelenindustrie;44664;Huurketel 1;266657;549557;P;8.0;;;;0.3;140.0;3.0;0.91;0.15;4060000.0;266657;549556;266540;549497
610;ER Reeks 1990-2022 Definitief;2022;204;Koolstofdioxide;T108500;SBI 35 (per bedrijf): Productie en distributie van elektriciteit en gas;104001;ENGIE Energie Nederland NV (Eemscentrale);35111;Productie van elektriciteit door thermische, kern- en warmtekrachtcentrales;254265;606627;pub_0503;Opwekking electriciteit;42514;EC4;254265;606627;P;67.0;;;;39.0;90.0;17.0;665.0;66.6;231803747.0;254265;606626;254265;606626
611;ER Reeks 1990-2022 Definitief;2022;204;Koolstofdioxide;T100600;SBI 17 (per bedrijf): Vervaardiging van papier, karton en papier- en kartonwaren;104304;ESKA Graphic Board BV (Hoogezand);17122;Vervaardiging van papier en karton voor verpakking;246200;575950;pub_0211;Papier(waren);42498;Schoorsteen ketel 7;246380;575780;P;12.0;;;;3.0;;;;1.0;994453.3812;246380;575779;246200;575949
612;ER Reeks 1990-2022 Definitief;2022;204;Koolstofdioxide;T100600;SBI 17 (per bedrijf): Vervaardiging van papier, karton en papier- en kartonwaren;104304;ESKA Graphic Board BV (Hoogezand);17122;Vervaardiging van papier en karton voor verpakking;246200;575950;pub_0211;Papier(waren);42499;Schoorsteen WKK1;246380;575780;P;12.0;;;;3.0;;;;2.0;13461208.814925;246380;575779;246200;575949
613;ER Reeks 1990-2022 Definitief;2022;204;Koolstofdioxide;T100600;SBI 17 (per bedrijf): Vervaardiging van papier, karton en papier- en kartonwaren;104304;ESKA Graphic Board BV (Hoogezand);17122;Vervaardiging van papier en karton voor verpakking;246200;575950;pub_0211;Papier(waren);42500;Schoorsteen WKK2;246380;575780;P;12.0;;;;3.0;;;;2.0;15474167.203575;246380;575779;246200;575949
614;ER Reeks 1990-2022 Definitief;2022;204;Koolstofdioxide;T101702;SBI 20.5 (per bedrijf): Overige chemische producten;48018;FUJIFILM Manufacturing Europe BV;20590;Vervaardiging van overige chemische producten n.e.g.;129000;401000;pub_0304;Chemische Industrie overig;38391;Productie van offsetplaten P3;129650;400770;P;15.0;;;;0.0;119.9;;8.89;1.232;15237682.0;129650;400769;129000;400999
615;ER Reeks 1990-2022 Definitief;2022;204;Koolstofdioxide;T102500;SBI 20.13 (per bedrijf): Basischemie anorganisch;105016;Nobian Chemicals BV (Chemie Park Delfzijl);20130;Vervaardiging van overige anorganische basischemicaliën;259000;593700;pub_0301;Chemische Industrie basisproducten;42713;MCA C-1606;259000;593700;P;23.0;;;;0.0023;25.0;17.0;0.0391;0.001;21086.0;259000;593699;259000;593699
616;ER Reeks 1990-2022 Definitief;2022;204;Koolstofdioxide;T100201;SBI 10-12 (per bedrijf): Voedings- & genotmiddelenindustrie;10590;FrieslandCampina Rotterdam;10510;Vervaardiging van zuivelproducten (geen consumptie-ijs);88200;438400;pub_0216;Voedings- en genotmiddelenindustrie;35175;Heetwaterketel;88200;438400;P;26.0;;;;0.0;;;;3.5;2320466.0;88200;438399;88200;438399
617;ER Reeks 1990-2022 Definitief;2022;204;Koolstofdioxide;T101100;SBI 20.1 (per bedrijf): Vervaardiging van chemische basisproducten;325;Lawter Maastricht BV;20149;Vervaardiging van organische basischemicaliën (geen petrochemische producten);177690;321395;pub_0301;Chemische Industrie basisproducten;38717;Thermische olieketels (4 stuks);177580;321120;P;20.0;;;;0.31;;;;1.0;348000.0;177580;321119;177690;321394
618;ER Reeks 1990-2022 Definitief;2022;204;Koolstofdioxide;T103200;SBI 20.4 (per bedrijf): Vervaardiging was- en schoonmaakmiddelen, parfums en cosmetica;48022;Dr. W. Kolb Nederland BV;20410;Vervaardiging van zeep en wasmiddelen, poets- en reinigingsmiddelen;97724;409683;pub_0304;Chemische Industrie overig;42159;Schoorsteen stoomketel;97816;409804;P;8.0;;;;1.96;;;;0.18;2370490.0;97816;409803;97724;409682
619;ER Reeks 1990-2022 Definitief;2022;204;Koolstofdioxide;T100201;SBI 10-12 (per bedrijf): Voedings- & genotmiddelenindustrie;48031;FrieslandCampina Den Bosch;10510;Vervaardiging van zuivelproducten (geen consumptie-ijs);151000;410600;pub_0216;Voedings- en genotmiddelenindustrie;36386;Schoorsteen stoomketel;150960;410740;P;35.0;;;;0.0;;;;0.353;2551843.56885;150960;410739;151000;410599
620;ER Reeks 1990-2022 Definitief;2022;204;Koolstofdioxide;T106200;SBI 25 (per bedrijf): Metaalproductenindustrie (exclusief machinebouw);43210;AHC Benelux B.V.;25610;Oppervlaktebehandeling en bekleding van metaal;158280;382800;pub_0210;Metaalelektro;46776;LT-ketel 3;158280;382800;P;5.0;;;;0.008;;;;0.001;52123.54;158280;382799;158280;382799
621;ER Reeks 1990-2022 Definitief;2022;204;Koolstofdioxide;T106200;SBI 25 (per bedrijf): Metaalproductenindustrie (exclusief machinebouw);43210;AHC Benelux B.V.;25610;Oppervlaktebehandeling en bekleding van metaal;158280;382800;pub_0210;Metaalelektro;46777;LT-ketel 4;158280;382800;P;5.0;;;;0.008;;;;0.001;52123.54;158280;382799;158280;382799
622;ER Reeks 1990-2022 Definitief;2022;204;Koolstofdioxide;T108500;SBI 35 (per bedrijf): Productie en distributie van elektriciteit en gas;74005;WKC Enschede;35140;Handel in elektriciteit en in gas via leidingen;253462;470526;pub_0503;Opwekking electriciteit;37306;Hulpketel 4;253550;470500;P;25.0;;;;3.14;;;;0.12;62439.0;253550;470499;253462;470525
623;ER Reeks 1990-2022 Definitief;2022;204;Koolstofdioxide;T104201;SBI 38.2 (per bedrijf): Afvalinzameling/beh, AVI's;74321;Sita Ecoservices Almelo BV;38210;Behandeling van onschadelijk afval;238772;486907;pub_0901;AVI's;45001;stoomketel;238878;486948;P;7.0;;;;0.07;;;;0.01;976759.93;238878;486947;238772;486906
624;ER Reeks 1990-2022 Definitief;2022;204;Koolstofdioxide;T100201;SBI 10-12 (per bedrijf): Voedings- & genotmiddelenindustrie;10687;DSM Delft Permit BV;10890;Vervaardiging van overige voedingsmiddelen n.e.g.;83500;448300;pub_0216;Voedings- en genotmiddelenindustrie;38393;Divers, overig, diffuus;83500;448300;P;5.0;;;;0.0;;;;0.0;868939.0;83500;448299;83500;448299
625;ER Reeks 1990-2022 Definitief;2022;204;Koolstofdioxide;T100201;SBI 10-12 (per bedrijf): Voedings- & genotmiddelenindustrie;10687;DSM Delft Permit BV;10890;Vervaardiging van overige voedingsmiddelen n.e.g.;83500;448300;pub_0216;Voedings- en genotmiddelenindustrie;38394;Gasturbine GT7 met bijgestookte afgas(stoom)ketel K33 (bouwjaar 1986);83710;448210;P;49.0;;;;1.24;;;;5.0;12644923.0;83710;448209;83500;448299
626;ER Reeks 1990-2022 Definitief;2022;204;Koolstofdioxide;T106600;SBI 29 (per bedrijf): Auto-industrie;113;VDL Nedcar BV;29100;Vervaardiging van auto's;186200;339300;pub_0210;Metaalelektro;36248;EDC2 ketels;187015;339145;P;15.0;;;;1.0;;;;0.026;241135.406595468;187015;339144;186200;339299
627;ER Reeks 1990-2022 Definitief;2022;204;Koolstofdioxide;T101100;SBI 20.1 (per bedrijf): Vervaardiging van chemische basisproducten;11366;Emerald Kalama Chemical Rotterdam BV;20149;Vervaardiging van organische basischemicaliën (geen petrochemische producten);77444;433673;pub_0301;Chemische Industrie basisproducten;37476;Afvoer Fornuizen thermische olie;77870;433750;P;40.0;;;;2.1;101.0;1.0;2.6;0.297;12226922.203604;77870;433749;77444;433672
628;ER Reeks 1990-2022 Definitief;2022;204;Koolstofdioxide;T102601;SBI 20.149 (per bedrijf): Basischemie organisch (geen petrochemische producten);11366;Emerald Kalama Chemical Rotterdam BV;20149;Vervaardiging van organische basischemicaliën (geen petrochemische producten);77444;433673;pub_0301;Chemische Industrie basisproducten;45569;ANZI / BAZI;77750;433870;O;10.0;140.0;100.0;90.0;14.0;16.0;0.0;0.09;0.0;11420.0;77750;433869;77444;433672
629;ER Reeks 1990-2022 Definitief;2022;204;Koolstofdioxide;T108500;SBI 35 (per bedrijf): Productie en distributie van elektriciteit en gas;114001;Maxima-centrale;35111;Productie van elektriciteit door thermische, kern- en warmtekrachtcentrales;164694;509969;pub_0503;Opwekking electriciteit;46749;Gas pre-heaters FL4/5;164555;509982;P;6.0;;;;0.18;110.0;21.0;3.8;0.478;381409.0;164555;509981;164694;509968
630;ER Reeks 1990-2022 Definitief;2022;204;Koolstofdioxide;T102501;SBI 20.141 (per bedrijf): Vervaardiging van petrochemische producten;115036;Lyondell Chemie Nederland B.V.;20141;Vervaardiging van petrochemische producten;61001;443044;pub_0301;Chemische Industrie basisproducten;38571;F-10950B (catalytic converter);60808;443098;P;25.0;;;;3.1;108.0;3.0;9.9;1.22;1023569.5492;60808;443097;61001;443043
631;ER Reeks 1990-2022 Definitief;2022;204;Koolstofdioxide;T102501;SBI 20.141 (per bedrijf): Vervaardiging van petrochemische producten;115036;Lyondell Chemie Nederland B.V.;20141;Vervaardiging van petrochemische producten;61001;443044;pub_0301;Chemische Industrie basisproducten;38572;Puntbronnen (fakkel);60813;442780;P;40.0;;;;0.0;;;;0.3;286681.3708;60813;442779;61001;443043
632;ER Reeks 1990-2022 Definitief;2022;204;Koolstofdioxide;T104200;SBI 23.2-23.4 (per bedrijf): Vervaardiging van keramische producten;59;Koninklijke Mosa BV Wandtegelfabriek;23310;Vervaardiging van keramische tegels en plavuizen;177450;318650;pub_0203;Bouwmaterialenindustrie;41703;Divers, overig, diffuus;177450;318650;P;5.0;;;;;;;;0.0;2908470.0;177450;318649;177450;318649
633;ER Reeks 1990-2022 Definitief;2022;204;Koolstofdioxide;T101100;SBI 20.1 (per bedrijf): Vervaardiging van chemische basisproducten;41103;Synthos Breda B.V.;20160;Vervaardiging van kunststof in primaire vorm;111661;402540;pub_0301;Chemische Industrie basisproducten;56942;APK;111810;402669;P;8.0;;;;0.02;;;;0.001;716.0;111810;402668;111661;402539
634;ER Reeks 1990-2022 Definitief;2022;204;Koolstofdioxide;T100201;SBI 10-12 (per bedrijf): Voedings- & genotmiddelenindustrie;200557;Holland Malt (Bavaria);11060;Mouterijen;250261;608613;pub_0216;Voedings- en genotmiddelenindustrie;56599;Schoorsteen 3-4;250712;608402;P;55.0;;;;41.0;;;;0.08;15210000.0;250712;608401;250261;608612
635;ER Reeks 1990-2022 Definitief;2022;204;Koolstofdioxide;T100201;SBI 10-12 (per bedrijf): Voedings- & genotmiddelenindustrie;200557;Holland Malt (Bavaria);11060;Mouterijen;250261;608613;pub_0216;Voedings- en genotmiddelenindustrie;56602;Schoorsteen toren 1-2;250679;608287;P;55.0;;;;41.0;;;;0.08;15820000.0;250679;608286;250261;608612
636;ER Reeks 1990-2022 Definitief;2022;204;Koolstofdioxide;T101702;SBI 20.5 (per bedrijf): Overige chemische producten;205493;Euro Support Advanced Materials B.V.;20590;Vervaardiging van overige chemische producten n.e.g.;172961;407060;pub_0304;Chemische Industrie overig;56962;Stoomgenerator 2;173349;406972;P;14.0;;;;0.047;151.0;1.0;0.05;0.009;30514.0;173349;406971;172961;407059
637;ER Reeks 1990-2022 Definitief;2022;204;Koolstofdioxide;T102700;SBI 20.15 (per bedrijf): Vervaardiging van kunstmeststoffen en stikstofverbindingen;51105;YARA Sluiskil BV;20150;Vervaardiging van kunstmeststoffen en stikstofverbindingen;47750;366500;pub_0303;Chemische Industrie kunstmeststoffen;39686;Ketel 7;47750;366500;P;40.0;;;;2.0;150.0;5.0;20.83;3.691;41662066.0;47750;366499;47750;366499
638;ER Reeks 1990-2022 Definitief;2022;204;Koolstofdioxide;T101100;SBI 20.1 (per bedrijf): Vervaardiging van chemische basisproducten;65;PQ Silicas BV (Eijsden);20130;Vervaardiging van overige anorganische basischemicaliën;177992;308935;pub_0301;Chemische Industrie basisproducten;41386;campagne;178020;308920;P;17.0;;;;0.38;;;;0.09;1085802.0;178020;308919;177992;308934
639;ER Reeks 1990-2022 Definitief;2022;204;Koolstofdioxide;T102102;SBI 23 (per bedrijf): Bouwmaterialen- en glasindustrie;200141;BV Steenfabriek Hedikhuizen;23320;Vervaardiging van keramische producten voor de bouw (geen tegels en plavuizen);142565;416517;pub_0203;Bouwmaterialenindustrie;36557;Schoorsteen oven;142565;416517;P;30.0;;;;1.5;110.0;4.0;5.43;0.683;12595269.72245;142565;416516;142565;416516
640;ER Reeks 1990-2022 Definitief;2022;204;Koolstofdioxide;T106200;SBI 25 (per bedrijf): Metaalproductenindustrie (exclusief machinebouw);200188;Kriek Lakspuit- en Moffelinrichting BV;25610;Oppervlaktebehandeling en bekleding van metaal;103924;460682;pub_0210;Metaalelektro;37225;CV ketel badenreeks (kleine ketel);103924;460682;P;8.0;;;;0.005;;;;0.002;4840.0;103924;460681;103924;460681
641;ER Reeks 1990-2022 Definitief;2022;204;Koolstofdioxide;T102102;SBI 23 (per bedrijf): Bouwmaterialen- en glasindustrie;200228;Gouda Refractories BV;23200;Vervaardiging van vuurvaste keramische producten;107135;447577;pub_0203;Bouwmaterialenindustrie;41635;Schoorsteen tunneloven 1;107092;447475;P;30.0;;;;0.25;261.0;5.0;1.3;0.416;86247.736917;107092;447474;107135;447576
642;ER Reeks 1990-2022 Definitief;2022;204;Koolstofdioxide;T102102;SBI 23 (per bedrijf): Bouwmaterialen- en glasindustrie;200286;Steenfabriek De Nijverheid BV;23320;Vervaardiging van keramische producten voor de bouw (geen tegels en plavuizen);218250;434896;pub_0203;Bouwmaterialenindustrie;46737;Oven 1;218296;434844;P;25.0;;;;1.23;;;;1.0;4020189.0;218296;434843;218250;434895
643;ER Reeks 1990-2022 Definitief;2022;204;Koolstofdioxide;T104200;SBI 23.2-23.4 (per bedrijf): Vervaardiging van keramische producten;200312;Vloertegelfabriek Koninklijke Mosa BV;23310;Vervaardiging van keramische tegels en plavuizen;177474;319133;pub_0203;Bouwmaterialenindustrie;39552;Vloertegelfabriek;177314;319048;P;16.0;;;;12.0;;;;0.5;115530.0;177314;319047;177474;319132
644;ER Reeks 1990-2022 Definitief;2022;204;Koolstofdioxide;T104300;SBI 23.32 (per bedrijf): Vervaardiging van bakstenen en dakpannen;200376;Wienerberger Dakpanfabriek Janssen-Dings;23320;Vervaardiging van keramische producten voor de bouw (geen tegels en plavuizen);208132;372710;pub_0203;Bouwmaterialenindustrie;38096;productie dakpannen;208132;372710;P;35.0;;;;0.0;;;;1.0;473660.82;208132;372709;208132;372709
645;ER Reeks 1990-2022 Definitief;2022;204;Koolstofdioxide;T101100;SBI 20.1 (per bedrijf): Vervaardiging van chemische basisproducten;200407;COATEX Netherlands BV;20160;Vervaardiging van kunststof in primaire vorm;99473;411511;pub_0301;Chemische Industrie basisproducten;35290;Stoomketel;99473;411511;P;12.0;;;;0.28;135.0;1.0;0.30153;0.048;583000.0;99473;411510;99473;411510
646;ER Reeks 1990-2022 Definitief;2022;204;Koolstofdioxide;T106200;SBI 25 (per bedrijf): Metaalproductenindustrie (exclusief machinebouw);200490;Deege Coating Moerdijk BV;25610;Oppervlaktebehandeling en bekleding van metaal;97660;408705;pub_0210;Metaalelektro;37332;Divers, overig, diffuus;97660;408705;P;5.0;;;;;;;;0.0;385958.0;97660;408704;97660;408704
647;ER Reeks 1990-2022 Definitief;2022;204;Koolstofdioxide;T107100;SBI 08 (per bedrijf): Winning van delfstoffen (geen olie en gas);66001;Sibelco Winterswijk;8990;Winning van overige delfstoffen n.e.g.;250500;442990;pub_0802;Overig bouw;36488;Ankerpoort Winterswijk;250500;442990;P;25.0;;;;3.0;;;;1.933;3260450.000000001;250500;442989;250500;442989
648;ER Reeks 1990-2022 Definitief;2022;204;Koolstofdioxide;T101702;SBI 20.5 (per bedrijf): Overige chemische producten;66206;TANATEX Chemicals BV;20590;Vervaardiging van overige chemische producten n.e.g.;172680;448950;pub_0304;Chemische Industrie overig;25146;AFVOER GEHELE BEDRIJF;172680;448950;P;8.0;;;;0.4;;;;1.6;832932.0;172680;448949;172680;448949
649;ER Reeks 1990-2022 Definitief;2022;204;Koolstofdioxide;T102200;SBI 17.2 (per bedrijf): Vervaardiging van papier- en kartonwaren;66220;Solidpack BV;17211;Vervaardiging van verpakkingsmiddelen van papier en karton;199900;460500;pub_0211;Papier(waren);36414;Divers, overig, diffuus;199900;460500;P;5.0;;;;0.0;;;;0.0;816460.0;199900;460499;199900;460499
650;ER Reeks 1990-2022 Definitief;2022;204;Koolstofdioxide;T100201;SBI 10-12 (per bedrijf): Voedings- & genotmiddelenindustrie;42410;Heineken Nederland BV (Den Bosch);11050;Vervaardiging van bier;147500;412600;pub_0216;Voedings- en genotmiddelenindustrie;42900;Stoomketel 10;147500;412600;P;14.0;;;;0.79;;;;0.1;6592388.4499212;147500;412599;147500;412599
651;ER Reeks 1990-2022 Definitief;2022;204;Koolstofdioxide;T102201;SBI 19.201 (per bedrijf): Aardolieraffinage;51501;Zeeland Refinery N.V.;19201;Aardolieraffinage;39593;385373;pub_0401;Raffinage en verwerking;43470;fakkel 070G01;39593;385373;P;120.0;;;;5.0;;;;0.8;9927221.5;39593;385372;39593;385372
652;ER Reeks 1990-2022 Definitief;2022;204;Koolstofdioxide;T101702;SBI 20.5 (per bedrijf): Overige chemische producten;71102;Elementis Specialties Netherlands B.V.;20590;Vervaardiging van overige chemische producten n.e.g.;243200;475120;pub_0304;Chemische Industrie overig;42521;Stoomketels + CV Ketel;243180;475160;P;11.0;;;;0.0;;;;0.433;5638549.0;243180;475159;243200;475119
653;ER Reeks 1990-2022 Definitief;2022;204;Koolstofdioxide;T106100;SBI 22.2 (per bedrijf): Vervaardiging van producten van kunststof;200540;Goglio North Europe BV;22220;Vervaardiging van verpakkingsmiddelen van kunststof;115871;495305;pub_0213;Rubber- en kunstofverw. Industrie;13627;Naverbrander;115885;495304;P;10.0;;;;154.0;120.0;9.0;6.7;0.929;2605076.313675;115885;495303;115871;495304
654;ER Reeks 1990-2022 Definitief;2022;204;Koolstofdioxide;T104702;SBI 24.45 (per bedrijf) Vervaardiging van overige non-ferrometalen, aluminium;103010;Klesch Aluminium Delfzijl;24420;Vervaardiging van aluminium;261063;592961;pub_0201;Basismetaal;42330;Divers, overig, diffuus;261063;592961;P;5.0;;;;0.0;;;;0.0;708952.0;261063;592960;261063;592960
655;ER Reeks 1990-2022 Definitief;2022;204;Koolstofdioxide;T102201;SBI 19.201 (per bedrijf): Aardolieraffinage;10059;Gunvor Petroleum Europoort B.V.;19201;Aardolieraffinage;71000;439203;pub_0401;Raffinage en verwerking;47514;5002-B;71373;439087;P;153.0;;;;16.6;142.0;2.0;38.19;6.375;189322487.02000004;71373;439086;71000;439202
656;ER Reeks 1990-2022 Definitief;2022;204;Koolstofdioxide;T100201;SBI 10-12 (per bedrijf): Voedings- & genotmiddelenindustrie;42834;Rendac Son BV;10910;Vervaardiging van veevoeders;159100;390650;pub_0216;Voedings- en genotmiddelenindustrie;47073;Fakkel Biogas GBR3720E;159100;390650;P;12.0;;;;2.0;;;;15.0;2017583.0;159100;390649;159100;390649
657;ER Reeks 1990-2022 Definitief;2022;204;Koolstofdioxide;T100201;SBI 10-12 (per bedrijf): Voedings- & genotmiddelenindustrie;12134;Archer Daniels Midland Europoort BV (ADM);10410;Vervaardiging van plantaardige en dierlijke oliën en vetten (geen margarine en andere spijsvetten);68067;441593;pub_0216;Voedings- en genotmiddelenindustrie;46835;Gasturbine 3 (26.9);68200;442200;P;30.0;;;;1.91;88.0;14.0;26.0;2.537;47900000.0;68200;442199;68067;441592
658;ER Reeks 1990-2022 Definitief;2022;204;Koolstofdioxide;T106200;SBI 25 (per bedrijf): Metaalproductenindustrie (exclusief machinebouw);63505;Nannoka Vulcanus Industries BV;25620;Algemene metaalbewerking;214700;444350;pub_0210;Metaalelektro;41824;Beth-koepeloven;214700;444350;P;40.0;;;;1.13;56.8;13.0;14.67;0.844;4383576.0;214700;444349;214700;444349
659;ER Reeks 1990-2022 Definitief;2022;204;Koolstofdioxide;T100201;SBI 10-12 (per bedrijf): Voedings- & genotmiddelenindustrie;72914;Abbott Laboratories B.V.;10860;Vervaardiging van gehomogeniseerde voedingspreparaten en dieetvoeding;201500;503488;pub_0216;Voedings- en genotmiddelenindustrie;47589;Overige installaties Rieteweg 21;201455;503421;P;15.0;;;;1.0;130.0;2.0;1.5;0.227;1510484.0;201455;503420;201500;503487
660;ER Reeks 1990-2022 Definitief;2022;204;Koolstofdioxide;T108500;SBI 35 (per bedrijf): Productie en distributie van elektriciteit en gas;203228;Nuon Power Projects 1 BV (Eemshaven);35111;Productie van elektriciteit door thermische, kern- en warmtekrachtcentrales;252795;607838;pub_0503;Opwekking electriciteit;45579;EH30;252533;608000;P;85.0;;;;37.4;93.0;5.0;181.0;18.825;386242787.0;252533;607999;252795;607837
661;ER Reeks 1990-2022 Definitief;2022;204;Koolstofdioxide;T103000;SBI 20.3 (per bedrijf): Vervaardiging van verf, lak, vernis, inkt en mastiek;205256;DCC Maastricht B.V.;20300;Vervaardiging van verf, vernis e.d., drukinkt en mastiek;175625;319556;pub_0304;Chemische Industrie overig;47489;Drogen G56;175739;319885;P;10.0;;;;2.0;;;;0.001;637709.0;175739;319884;175625;319555
662;ER Reeks 1990-2022 Definitief;2022;204;Koolstofdioxide;T104201;SBI 38.2 (per bedrijf): Afvalinzameling/beh, AVI's;201425;Vink Afvalverwerking BV;38210;Behandeling van onschadelijk afval;170948;464159;pub_0901;AVI's;1;Schoorsteen WKK;170948;464159;P;5.0;;;;;;;;0.0;11458626.0;170948;464158;170948;464158
663;ER Reeks 1990-2022 Definitief;2022;204;Koolstofdioxide;T108400;SBI 30.1 (per bedrijf): Scheepsbouw;10983;IHC Smit BV;30110;Bouw van schepen en drijvend materieel (geen sport- en recreatievaartuigen);102750;433250;pub_0210;Metaalelektro;48392;cv installaties;102750;433250;P;8.0;;;;2.0;12.0;1.0;1.0;0.0;1451957.76;102750;433249;102750;433249
664;ER Reeks 1990-2022 Definitief;2022;204;Koolstofdioxide;T103900;SBI 49-53 (per bedrijf): Transport, communicatie;11090;Odfjell Terminals (Rotterdam) BV;52101;Opslag in tanks;81505;432967;pub_1201;Energiegebruik en processen Handel, Diensten en Overheid (HDO);48062;Ketel 14;81218;433272;P;20.0;;;;0.0;;;;0.28;9438632.0;81218;433271;81505;432966
665;ER Reeks 1990-2022 Definitief;2022;204;Koolstofdioxide;T111300;SBI 37 (per bedrijf): Afvalwaterinzameling en -behandeling;66322;Industriewater Eerbeek BV;37000;Afvalwaterinzameling en -behandeling;202500;458250;pub_1102;Energiegebruik en processen Riolering en waterzuiveringsinstallaties;55734;waterlijn;202500;458250;O;0.0;42.0;42.0;;0.0;;;;0.0;3310084.0;202500;458249;202500;458249
666;ER Reeks 1990-2022 Definitief;2022;204;Koolstofdioxide;T102501;SBI 20.141 (per bedrijf): Vervaardiging van petrochemische producten;51104;Dow Benelux BV (Hoek);20141;Vervaardiging van petrochemische producten;43193;373788;pub_0301;Chemische Industrie basisproducten;61777;Overige procesemissies SLHC;42448;374186;P;5.0;;;;0.0;;;;0.001;140460.32;42448;374185;43193;373787
667;ER Reeks 1990-2022 Definitief;2022;204;Koolstofdioxide;T100201;SBI 10-12 (per bedrijf): Voedings- & genotmiddelenindustrie;56102;Lamb Weston / Meijer Potatoes;10310;Vervaardiging van aardappelproducten;61150;386950;pub_0216;Voedings- en genotmiddelenindustrie;59636;Ketel 11;60979;386964;P;17.0;;;;0.785;;;;0.82175;15600000.0;60979;386963;61150;386949
668;ER Reeks 1990-2022 Definitief;2022;204;Koolstofdioxide;T100201;SBI 10-12 (per bedrijf): Voedings- & genotmiddelenindustrie;56102;Lamb Weston / Meijer Potatoes;10310;Vervaardiging van aardappelproducten;61150;386950;pub_0216;Voedings- en genotmiddelenindustrie;59637;Ketel 12;60979;386964;P;17.0;;;;0.785;;;;0.82175;16000000.0;60979;386963;61150;386949
669;ER Reeks 1990-2022 Definitief;2022;204;Koolstofdioxide;T100201;SBI 10-12 (per bedrijf): Voedings- & genotmiddelenindustrie;56102;Lamb Weston / Meijer Potatoes;10310;Vervaardiging van aardappelproducten;61150;386950;pub_0216;Voedings- en genotmiddelenindustrie;59639;Ketel 9;60979;386964;P;8.0;;;;1.13;;;;0.38;6510000.0;60979;386963;61150;386949
670;ER Reeks 1990-2022 Definitief;2022;204;Koolstofdioxide;T102102;SBI 23 (per bedrijf): Bouwmaterialen- en glasindustrie;66225;Steenbakkerij Randwijk BV;23320;Vervaardiging van keramische producten voor de bouw (geen tegels en plavuizen);178550;441990;pub_0203;Bouwmaterialenindustrie;61899;Ovens;178550;441990;P;11.0;;;;5.0;;;;0.2;718912.0;178550;441989;178550;441989
671;ER Reeks 1990-2022 Definitief;2022;204;Koolstofdioxide;T102102;SBI 23 (per bedrijf): Bouwmaterialen- en glasindustrie;101405;Electric Glass Fiber NL BV;23140;Vervaardiging van glasvezels;241450;577380;pub_0203;Bouwmaterialenindustrie;59266;609 Refiner;241441;577516;P;24.0;;;;0.38;;;;0.532;3240882.783495;241441;577515;241450;577379
672;ER Reeks 1990-2022 Definitief;2022;204;Koolstofdioxide;T103002;SBI 30 (per bedrijf): Overige transportmiddelen;202159;Fokker Aerostructures BV;30300;Vervaardiging van vliegtuigen en onderdelen daarvoor;106240;426515;pub_0210;Metaalelektro;59295;N73009;105940;426799;P;10.0;;;;0.1;65.0;1.0;0.07;0.005;431365.8;105940;426798;106240;426514
673;ER Reeks 1990-2022 Definitief;2022;204;Koolstofdioxide;T103002;SBI 30 (per bedrijf): Overige transportmiddelen;202159;Fokker Aerostructures BV;30300;Vervaardiging van vliegtuigen en onderdelen daarvoor;106240;426515;pub_0210;Metaalelektro;59334;Fac000281 G90;106019;426736;P;10.0;;;;0.1;95.0;0.0;0.029;0.003;172546.32;106019;426735;106240;426514
674;ER Reeks 1990-2022 Definitief;2022;204;Koolstofdioxide;T103002;SBI 30 (per bedrijf): Overige transportmiddelen;202159;Fokker Aerostructures BV;30300;Vervaardiging van vliegtuigen en onderdelen daarvoor;106240;426515;pub_0210;Metaalelektro;59603;N73004 G93;105940;426799;P;10.0;;;;0.1;65.0;1.0;0.07;0.005;431365.8;105940;426798;106240;426514
675;ER Reeks 1990-2022 Definitief;2022;204;Koolstofdioxide;T103002;SBI 30 (per bedrijf): Overige transportmiddelen;202159;Fokker Aerostructures BV;30300;Vervaardiging van vliegtuigen en onderdelen daarvoor;106240;426515;pub_0210;Metaalelektro;59604;N73027 G95;105842;426824;P;10.0;;;;0.2;107.2;0.0;0.054;0.007;345092.64;105842;426823;106240;426514
676;ER Reeks 1990-2022 Definitief;2022;204;Koolstofdioxide;T151100;SBI 46/47 (per bedrijf): Detail- en groothandel;205351;Westfort Vleesproducten;46320;Groothandel in vlees en vleesproducten en in wild en gevogelte (niet levend);156349;467407;pub_1201;Energiegebruik en processen Handel, Diensten en Overheid (HDO);58660;Stookinstallaties (vlamoven e.d);156349;467407;P;25.0;;;;2.324;90.0;2.0;3.7;0.371;4109747.0;156349;467406;156349;467406
677;ER Reeks 1990-2022 Definitief;2022;204;Koolstofdioxide;T106200;SBI 25 (per bedrijf): Metaalproductenindustrie (exclusief machinebouw);206270;CAN-PACK Netherlands B.V.;25920;Vervaardiging van verpakkingsmiddelen van licht metaal;176990;383782;pub_0210;Metaalelektro;59330;Divers, overig, diffuus;176990;383782;P;5.0;;;;0.0;;;;0.0;1450000.0;176990;383781;176990;383781
678;ER Reeks 1990-2022 Definitief;2022;204;Koolstofdioxide;T106200;SBI 25 (per bedrijf): Metaalproductenindustrie (exclusief machinebouw);206270;CAN-PACK Netherlands B.V.;25920;Vervaardiging van verpakkingsmiddelen van licht metaal;176990;383782;pub_0210;Metaalelektro;59651;RTO 18/19;177084;383914;P;14.0;;;;1.77;152.0;4.0;6.4;1.15;2598205.0;177084;383913;176990;383781
679;ER Reeks 1990-2022 Definitief;2022;204;Koolstofdioxide;T102800;SBI 20.16 (per bedrijf): Vervaardiging van kunststof in primaire vorm;62;Chemelot Site Permit BV;20160;Vervaardiging van kunststof in primaire vorm;183732;332404;pub_0301;Chemische Industrie basisproducten;61263;CAP Fibrant 61 NOX-VERWIJDERING HYAM-BEREIDIN;183545;332275;P;60.0;;;;1.0;240.0;;8.775;2.5666875;1463321.0;183545;332274;183732;332403
680;ER Reeks 1990-2022 Definitief;2022;204;Koolstofdioxide;T102800;SBI 20.16 (per bedrijf): Vervaardiging van kunststof in primaire vorm;62;Chemelot Site Permit BV;20160;Vervaardiging van kunststof in primaire vorm;183732;332404;pub_0301;Chemische Industrie basisproducten;61275;CAP Fibrant 83 CVU;183553;332286;P;25.0;;;;0.6;400.0;;0.52528;0.26290264;561151.0;183553;332285;183732;332403
681;ER Reeks 1990-2022 Definitief;2022;204;Koolstofdioxide;T101100;SBI 20.1 (per bedrijf): Vervaardiging van chemische basisproducten;62;Chemelot Site Permit BV;20160;Vervaardiging van kunststof in primaire vorm;183732;332404;pub_0301;Chemische Industrie basisproducten;61283;CENTRA USG 12 SCHOORSTEEN KETEL F3600;183635;330080;P;40.0;;;;1.8;145.0;;17.44333;2.94792277;36498740.0;183635;330079;183732;332403
682;ER Reeks 1990-2022 Definitief;2022;204;Koolstofdioxide;T102800;SBI 20.16 (per bedrijf): Vervaardiging van kunststof in primaire vorm;62;Chemelot Site Permit BV;20160;Vervaardiging van kunststof in primaire vorm;183732;332404;pub_0301;Chemische Industrie basisproducten;61286;CENTRA USG 3 STOOMKETEL F-3400;184140;332970;P;126.0;;;;2.9;105.0;;41.40806;4.84474302;28825191.0;184140;332969;183732;332403
683;ER Reeks 1990-2022 Definitief;2022;204;Koolstofdioxide;T102800;SBI 20.16 (per bedrijf): Vervaardiging van kunststof in primaire vorm;62;Chemelot Site Permit BV;20160;Vervaardiging van kunststof in primaire vorm;183732;332404;pub_0301;Chemische Industrie basisproducten;61300;HS-A SABIC 2 Incinerator TP1;181184;332075;P;12.0;;;;1.0;1112.0;;1.57028;2.239376308;1464882.0;181184;332074;183732;332403
684;ER Reeks 1990-2022 Definitief;2022;204;Koolstofdioxide;T106200;SBI 25 (per bedrijf): Metaalproductenindustrie (exclusief machinebouw);206270;CAN-PACK Netherlands B.V.;25920;Vervaardiging van verpakkingsmiddelen van licht metaal;176990;383782;pub_0210;Metaalelektro;59675;Washer lijn 28;177208;383913;P;11.0;;;;0.2;105.0;5.0;0.97;0.116;559537.0;177208;383912;176990;383781
685;ER Reeks 1990-2022 Definitief;2022;204;Koolstofdioxide;T101100;SBI 20.1 (per bedrijf): Vervaardiging van chemische basisproducten;62;Chemelot Site Permit BV;20160;Vervaardiging van kunststof in primaire vorm;183732;332404;pub_0301;Chemische Industrie basisproducten;61416;NF2 OCI 1b DROOGTROMMEL STRAAT 2;183739;332236;P;36.0;;;;1.1;93.0;;20.50472;2.079178608;214000.0;183739;332235;183732;332403
686;ER Reeks 1990-2022 Definitief;2022;204;Koolstofdioxide;T102800;SBI 20.16 (per bedrijf): Vervaardiging van kunststof in primaire vorm;62;Chemelot Site Permit BV;20160;Vervaardiging van kunststof in primaire vorm;183732;332404;pub_0301;Chemische Industrie basisproducten;61482;Olefins 3 SABIC 15 Noodstroomaggregaat;183674;329570;P;10.0;;;;0.1;20.0;;1e-05;6.5e-08;7519.0;183674;329569;183732;332403
687;ER Reeks 1990-2022 Definitief;2022;204;Koolstofdioxide;T102800;SBI 20.16 (per bedrijf): Vervaardiging van kunststof in primaire vorm;62;Chemelot Site Permit BV;20160;Vervaardiging van kunststof in primaire vorm;183732;332404;pub_0301;Chemische Industrie basisproducten;61483;Olefins 3 SABIC 16 R601 A / B;183595;329679;P;19.0;;;;0.4;400.0;;0.00528;0.00264264;1000.0;183595;329678;183732;332403
688;ER Reeks 1990-2022 Definitief;2022;204;Koolstofdioxide;T102800;SBI 20.16 (per bedrijf): Vervaardiging van kunststof in primaire vorm;62;Chemelot Site Permit BV;20160;Vervaardiging van kunststof in primaire vorm;183732;332404;pub_0301;Chemische Industrie basisproducten;61577;Sabic LOG SABIC 2 INCINERATOR TP3;184557;330618;P;10.0;;;;0.71;1000.0;1.0;0.60583;0.775765315;658383.0;184557;330617;183732;332403
689;ER Reeks 1990-2022 Definitief;2022;204;Koolstofdioxide;T100201;SBI 10-12 (per bedrijf): Voedings- & genotmiddelenindustrie;82603;Avebe u.a. (Gasselternijveen);10620;Vervaardiging van zetmeel en zetmeelproducten;254450;556800;pub_0216;Voedings- en genotmiddelenindustrie;48085;Huurketel 1;254450;556800;P;7.0;;;;0.0;140.0;;0.53;0.087;496000.0;254450;556799;254450;556799
690;ER Reeks 1990-2022 Definitief;2022;204;Koolstofdioxide;T101702;SBI 20.5 (per bedrijf): Overige chemische producten;205493;Euro Support Advanced Materials B.V.;20590;Vervaardiging van overige chemische producten n.e.g.;172961;407060;pub_0304;Chemische Industrie overig;48109;Scrubber sproeidroger SD007;173331;407027;P;9.0;;;;0.5;;;;0.013;78605.0;173331;407026;172961;407059
691;ER Reeks 1990-2022 Definitief;2022;204;Koolstofdioxide;T101100;SBI 20.1 (per bedrijf): Vervaardiging van chemische basisproducten;101407;Zeolyst CV;20130;Vervaardiging van overige anorganische basischemicaliën;261647;592403;pub_0301;Chemische Industrie basisproducten;48677;ringdroger 6704;261647;592393;P;20.0;0.0;0.0;;0.0;;;;0.014;42072.0;261647;592392;261647;592402
692;ER Reeks 1990-2022 Definitief;2022;204;Koolstofdioxide;T100201;SBI 10-12 (per bedrijf): Voedings- & genotmiddelenindustrie;114785;Romi Smilfood BV (Heerenveen);10420;Vervaardiging van margarine en overige spijsvetten;193000;549500;pub_0216;Voedings- en genotmiddelenindustrie;48895;Stoomketel;193000;549499;P;8.0;0.0;0.0;;0.0;;;;0.007;123000.0;193000;549498;193000;549499
693;ER Reeks 1990-2022 Definitief;2022;204;Koolstofdioxide;T107201;SBI 85-88 (per bedrijf): Onderwijs en gezondheids- en welzijnszorg;200610;UMC St Radboud & Radboud Universiteit Nijmegen;86101;Universitair medische centra;187976;425797;pub_1201;Energiegebruik en processen Handel, Diensten en Overheid (HDO);48975;Campus rest;187724;426204;P;21.0;0.0;0.0;;0.0;;;;0.0411111111111111;2754097.181025;187724;426203;187976;425796
694;ER Reeks 1990-2022 Definitief;2022;204;Koolstofdioxide;T107201;SBI 85-88 (per bedrijf): Onderwijs en gezondheids- en welzijnszorg;200610;UMC St Radboud & Radboud Universiteit Nijmegen;86101;Universitair medische centra;187976;425797;pub_1201;Energiegebruik en processen Handel, Diensten en Overheid (HDO);48978;K13;187709;426402;P;38.0;0.0;0.0;;0.0;;;;0.0433333333333333;3020000.0;187709;426401;187976;425796
695;ER Reeks 1990-2022 Definitief;2022;204;Koolstofdioxide;T107201;SBI 85-88 (per bedrijf): Onderwijs en gezondheids- en welzijnszorg;200610;UMC St Radboud & Radboud Universiteit Nijmegen;86101;Universitair medische centra;187976;425797;pub_1201;Energiegebruik en processen Handel, Diensten en Overheid (HDO);48981;K16;187709;426402;P;38.0;0.0;0.0;;0.0;;;;0.0116666666666667;586000.0;187709;426401;187976;425796
696;ER Reeks 1990-2022 Definitief;2022;204;Koolstofdioxide;T102300;SBI 24.4/24.5 (per bedrijf): Basismetaalindustrie, vervaardiging van non-ferro metalen en gieten van metalen;73502;Nefit Industrial BV;24510;Gieten van ijzer;209050;473150;pub_0201;Basismetaal;48698;Afzuiging koepeloven;208594;473195;P;25.0;0.0;0.0;;0.0;46.7;9.0;8.9;0.397;4653937.43308;208594;473194;209050;473149
697;ER Reeks 1990-2022 Definitief;2022;204;Koolstofdioxide;T100201;SBI 10-12 (per bedrijf): Voedings- & genotmiddelenindustrie;42629;Cargill BV;10620;Vervaardiging van zetmeel en zetmeelproducten;76778;391435;pub_0216;Voedings- en genotmiddelenindustrie;48680;Stoomketel 1;76839;391461;P;9.0;0.0;0.0;;0.0;;;;0.7125;8841450.0;76839;391460;76778;391434
698;ER Reeks 1990-2022 Definitief;2022;204;Koolstofdioxide;T100201;SBI 10-12 (per bedrijf): Voedings- & genotmiddelenindustrie;92001;FrieslandCampina Cheese (Gerkesklooster);10510;Vervaardiging van zuivelproducten (geen consumptie-ijs);209300;583850;pub_0216;Voedings- en genotmiddelenindustrie;49393;Nieuwe stoomketel 2;209030;583850;P;18.0;0.0;0.0;0.0;0.0;;;;0.5;4598331.0;209030;583849;209300;583849
699;ER Reeks 1990-2022 Definitief;2022;204;Koolstofdioxide;T102201;SBI 19.201 (per bedrijf): Aardolieraffinage;10058;BP Rotterdam Refinery;19201;Aardolieraffinage;67036;440390;pub_0401;Raffinage en verwerking;54221;Stack 05  GTB;67050;440350;P;155.0;;;;7.0;;;;7.3;129380173.2238572;67050;440349;67036;440389
700;ER Reeks 1990-2022 Definitief;2022;204;Koolstofdioxide;T102201;SBI 19.201 (per bedrijf): Aardolieraffinage;10058;BP Rotterdam Refinery;19201;Aardolieraffinage;67036;440390;pub_0401;Raffinage en verwerking;54223;Stack 07  FCCU mainstack;67050;440350;P;155.0;;;;3.0;;;;8.25;104189818.404608;67050;440349;67036;440389
701;ER Reeks 1990-2022 Definitief;2022;204;Koolstofdioxide;T102201;SBI 19.201 (per bedrijf): Aardolieraffinage;10058;BP Rotterdam Refinery;19201;Aardolieraffinage;67036;440390;pub_0401;Raffinage en verwerking;54224;Stack 08  29F1;66945;440099;P;35.0;;;;2.0;;;;3.2;80383600.1606603;66945;440098;67036;440389
702;ER Reeks 1990-2022 Definitief;2022;204;Koolstofdioxide;T102201;SBI 19.201 (per bedrijf): Aardolieraffinage;10058;BP Rotterdam Refinery;19201;Aardolieraffinage;67036;440390;pub_0401;Raffinage en verwerking;54227;Stack 11  SRU C + H1903;66940;439902;P;55.0;;;;0.2;;;;0.165;3957255.27407551;66940;439901;67036;440389
703;ER Reeks 1990-2022 Definitief;2022;204;Koolstofdioxide;T101100;SBI 20.1 (per bedrijf): Vervaardiging van chemische basisproducten;101407;Zeolyst CV;20130;Vervaardiging van overige anorganische basischemicaliën;261647;592403;pub_0301;Chemische Industrie basisproducten;55153;flashdroger 6603;261647;592403;P;15.0;;;;0.25;;;;0.001;363837.0;261647;592402;261647;592402
704;ER Reeks 1990-2022 Definitief;2022;204;Koolstofdioxide;T108500;SBI 35 (per bedrijf): Productie en distributie van elektriciteit en gas;202825;Eneco (Lage Weide);35120;Beheer en exploitatie van transportnetten voor elektriciteit, aardgas en warm water;133424;457245;pub_0503;Opwekking electriciteit;54260;Biowarmte Installatie;133477;457081;P;65.0;;;;1.13;51.7;11.0;11.884;0.606;72747000.0;133477;457080;133424;457244
705;ER Reeks 1990-2022 Definitief;2022;204;Koolstofdioxide;T106200;SBI 25 (per bedrijf): Metaalproductenindustrie (exclusief machinebouw);205183;Van Merksteijn International BV;25930;Vervaardiging van artikelen van draad en van kettingen en veren;238760;487181;pub_0210;Metaalelektro;54572;Poedercoat 2;239048;487334;P;10.0;;;;0.56;;;;0.001;1588605.0;239048;487333;238760;487180
706;ER Reeks 1990-2022 Definitief;2022;204;Koolstofdioxide;T103100;SBI 21.1 (per bedrijf): Vervaardiging van farmaceutische producten;205500;Aspen Oss B.V. (locatie Moleneind);21200;Vervaardiging van farmaceutische producten (geen grondstoffen);165005;419461;pub_0304;Chemische Industrie overig;54233;Schoorsteen TK;165052;419455;P;17.0;;;;1.5;150.0;1.0;1.5;0.266;7500000.0;165052;419454;165005;419460
707;ER Reeks 1990-2022 Definitief;2022;204;Koolstofdioxide;T102700;SBI 20.15 (per bedrijf): Vervaardiging van kunstmeststoffen en stikstofverbindingen;21102;ICL Fertilizers Europe CV;20150;Vervaardiging van kunstmeststoffen en stikstofverbindingen;120040;490970;pub_0303;Chemische Industrie kunstmeststoffen;54775;Schoorsteen stoomketel SA101;119992;491017;P;41.0;;;;0.28;100.0;5.0;1.48;0.167;3710000.0;119992;491016;120040;490969
708;ER Reeks 1990-2022 Definitief;2022;204;Koolstofdioxide;T100201;SBI 10-12 (per bedrijf): Voedings- & genotmiddelenindustrie;42629;Cargill BV;10620;Vervaardiging van zetmeel en zetmeelproducten;76778;391435;pub_0216;Voedings- en genotmiddelenindustrie;55032;RWZI biogas flare;76916;391345;P;5.0;;;;0.14314;;;;0.001;6617153.0;76916;391344;76778;391434
709;ER Reeks 1990-2022 Definitief;2022;204;Koolstofdioxide;T102202;SBI 24.1-24.3 (per bedrijf): Basismetaalindustrie, verwerking en vervaardiging ijzer en staal;43003;Tata Steel Nederland Tubes BV (Oosterhout);24200;Vervaardiging van stalen buizen, pijpen, holle profielen en fittings daarvoor;120500;404100;pub_0201;Basismetaal;54879;Zinkpanbranders KV30;120500;404100;P;14.0;;;;0.64;180.0;3.0;2.0;0.431;97400.0;120500;404099;120500;404099
710;ER Reeks 1990-2022 Definitief;2022;204;Koolstofdioxide;T102102;SBI 23 (per bedrijf): Bouwmaterialen- en glasindustrie;4753;Rockwool B.V.;23990;Vervaardiging van niet-metaalhoudende minerale producten (geen schuur-, slijp- en polijstmiddelen);200915;353671;pub_0203;Bouwmaterialenindustrie;54992;RockPanel;200972;353349;P;15.0;;;;1.42;32.0;3.0;3.61;0.093;2759694.325275;200972;353348;200915;353670
711;ER Reeks 1990-2022 Definitief;2022;204;Koolstofdioxide;T100600;SBI 17 (per bedrijf): Vervaardiging van papier, karton en papier- en kartonwaren;64335;Stora Enso De Hoop B.V.;17212;Vervaardiging van golfpapier en -karton;200743;456801;pub_0211;Papier(waren);49877;Schoorsteen BU6;200743;456801;P;4.0;;;;0.8;;;;0.7;1041367.0;200743;456800;200743;456800
712;ER Reeks 1990-2022 Definitief;2022;204;Koolstofdioxide;T107500;SBI 45 (per bedrijf): Handel en reparatie van auto's en motorfietsen;204497;Coöperatieve Pelsdierenfokkers Centrale Flevo;46320;Groothandel in vlees en vleesproducten en in wild en gevogelte (niet levend);168183;475406;pub_1201;Energiegebruik en processen Handel, Diensten en Overheid (HDO);48943;Koeling;168160;475441;P;9.0;;;;7.0;;;;0.0;900.0;168160;475440;168183;475405
713;ER Reeks 1990-2022 Definitief;2022;204;Koolstofdioxide;T101702;SBI 20.5 (per bedrijf): Overige chemische producten;206149;Stinoil Holding B.V.;20590;Vervaardiging van overige chemische producten n.e.g.;255779;569070;pub_0304;Chemische Industrie overig;56093;B130 Stoomketel 1100 kWth;255693;568990;P;7.0;;;;9.0;178.0;0.0;0.02;0.004;609282.04;255693;568989;255779;569069
714;ER Reeks 1990-2022 Definitief;2022;204;Koolstofdioxide;T101702;SBI 20.5 (per bedrijf): Overige chemische producten;206149;Stinoil Holding B.V.;20590;Vervaardiging van overige chemische producten n.e.g.;255779;569070;pub_0304;Chemische Industrie overig;56094;B290 Stoomketel 868 kWth;255772;569007;P;6.0;;;;13.0;190.0;0.0;0.02;0.005;125440.42;255772;569006;255779;569069
715;ER Reeks 1990-2022 Definitief;2022;204;Koolstofdioxide;T100201;SBI 10-12 (per bedrijf): Voedings- & genotmiddelenindustrie;62031;Arla Foods BV;10510;Vervaardiging van zuivelproducten (geen consumptie-ijs);161240;472064;pub_0216;Voedings- en genotmiddelenindustrie;55810;Stoomketel 1/2;161219;471953;P;10.0;;;;0.0;;;;6.2;7641240.0;161219;471952;161240;472063
716;ER Reeks 1990-2022 Definitief;2022;204;Koolstofdioxide;T100300;SBI 13/14 (per bedrijf): Vervaardiging van textiel en kleding;74154;Ten Cate Technical Fabrics BV (PC Stamstraat);13300;Textielveredeling;229380;485900;pub_0215;Textiel- en tapijtindustrie;55833;Stoomgenerator;229412;486090;P;13.0;;;;38.0;132.0;2.0;0.66;0.102;202500.0;229412;486089;229380;485899
717;ER Reeks 1990-2022 Definitief;2022;204;Koolstofdioxide;T100201;SBI 10-12 (per bedrijf): Voedings- & genotmiddelenindustrie;200537;Cargill BV - Cargill Cocoa (Aurora);10821;Verwerking van cacao;116327;497520;pub_0216;Voedings- en genotmiddelenindustrie;48729;Schoorsteen ketelhuis;116377;497539;P;10.0;;;;0.07;;;;0.176;3330000.0;116377;497538;116327;497519
718;ER Reeks 1990-2022 Definitief;2022;204;Koolstofdioxide;T100201;SBI 10-12 (per bedrijf): Voedings- & genotmiddelenindustrie;200537;Cargill BV - Cargill Cocoa (Aurora);10821;Verwerking van cacao;116327;497520;pub_0216;Voedings- en genotmiddelenindustrie;48730;Schoorsteen lijn 1 en 2;116472;497594;P;65.0;;;;4.15;;;;2.707;9493266.0;116472;497593;116327;497519
719;ER Reeks 1990-2022 Definitief;2022;204;Koolstofdioxide;T102201;SBI 19.201 (per bedrijf): Aardolieraffinage;10061;Esso Nederland BV (Raffinaderij Rotterdam);19201;Aardolieraffinage;79871;432082;pub_0401;Raffinage en verwerking;49449;SK-7901;79682;432392;P;71.0;0.0;0.0;0.0;6.578;;;;5.521;121672225.06127675;79682;432391;79871;432081
720;ER Reeks 1990-2022 Definitief;2022;204;Koolstofdioxide;T101702;SBI 20.5 (per bedrijf): Overige chemische producten;205493;Euro Support Advanced Materials B.V.;20590;Vervaardiging van overige chemische producten n.e.g.;172961;407060;pub_0304;Chemische Industrie overig;49428;Scrubber sproeidroger SD010 (box 6);173329;407048;P;9.0;0.0;0.0;0.0;0.5;;;;0.013;306243.0;173329;407047;172961;407059
721;ER Reeks 1990-2022 Definitief;2022;204;Koolstofdioxide;T100600;SBI 17 (per bedrijf): Vervaardiging van papier, karton en papier- en kartonwaren;24302;Crown van Gelder N.V.;17121;Vervaardiging van grafisch papier en karton;103980;497960;pub_0211;Papier(waren);49894;Thermische olieketel softcalander PM1 vanaf 2018;103980;497960;P;20.0;0.0;0.0;0.0;0.0;;;;0.02;40410.0;103980;497959;103980;497959
722;ER Reeks 1990-2022 Definitief;2022;204;Koolstofdioxide;T101100;SBI 20.1 (per bedrijf): Vervaardiging van chemische basisproducten;41102;Allnex Netherlands B.V.;20160;Vervaardiging van kunststof in primaire vorm;77249;391375;pub_0301;Chemische Industrie basisproducten;49520;Stoomketel 1;77372;391296;P;20.0;0.0;0.0;0.0;0.2;;;;0.002;13204.0;77372;391295;77249;391374
723;ER Reeks 1990-2022 Definitief;2022;204;Koolstofdioxide;T101100;SBI 20.1 (per bedrijf): Vervaardiging van chemische basisproducten;51104;Dow Benelux BV (Hoek);20141;Vervaardiging van petrochemische producten;43193;373788;pub_0301;Chemische Industrie basisproducten;38505;STACK BA115 LE2;42661;373987;P;62.0;;;;3.24;;;;0.241;45659230.0;42661;373986;43193;373787
724;ER Reeks 1990-2022 Definitief;2022;204;Koolstofdioxide;T101100;SBI 20.1 (per bedrijf): Vervaardiging van chemische basisproducten;51104;Dow Benelux BV (Hoek);20141;Vervaardiging van petrochemische producten;43193;373788;pub_0301;Chemische Industrie basisproducten;38506;STACK BA116 LE2;42661;373983;P;62.0;;;;3.24;;;;0.241;52614521.0;42661;373982;43193;373787
725;ER Reeks 1990-2022 Definitief;2022;204;Koolstofdioxide;T101100;SBI 20.1 (per bedrijf): Vervaardiging van chemische basisproducten;51104;Dow Benelux BV (Hoek);20141;Vervaardiging van petrochemische producten;43193;373788;pub_0301;Chemische Industrie basisproducten;38508;STACK BA117 LE2;42661;373956;P;62.0;;;;3.24;;;;0.241;38996133.0;42661;373955;43193;373787
726;ER Reeks 1990-2022 Definitief;2022;204;Koolstofdioxide;T101100;SBI 20.1 (per bedrijf): Vervaardiging van chemische basisproducten;51104;Dow Benelux BV (Hoek);20141;Vervaardiging van petrochemische producten;43193;373788;pub_0301;Chemische Industrie basisproducten;38509;STACK BA118 LE2;42661;373962;P;62.0;;;;3.24;;;;0.241;43228672.0;42661;373961;43193;373787
727;ER Reeks 1990-2022 Definitief;2022;204;Koolstofdioxide;T101100;SBI 20.1 (per bedrijf): Vervaardiging van chemische basisproducten;51104;Dow Benelux BV (Hoek);20141;Vervaardiging van petrochemische producten;43193;373788;pub_0301;Chemische Industrie basisproducten;38522;STACK GASTURBINE LE2;42591;374132;P;30.0;;;;3.0;;;;1.207;106703070.0;42591;374131;43193;373787
728;ER Reeks 1990-2022 Definitief;2022;204;Koolstofdioxide;T101100;SBI 20.1 (per bedrijf): Vervaardiging van chemische basisproducten;51104;Dow Benelux BV (Hoek);20141;Vervaardiging van petrochemische producten;43193;373788;pub_0301;Chemische Industrie basisproducten;38527;TT-2100 Polyurethaan;43611;374030;P;10.0;;;;1.39;;;;0.055;3672000.0;43611;374029;43193;373787
729;ER Reeks 1990-2022 Definitief;2022;204;Koolstofdioxide;T106100;SBI 22.2 (per bedrijf): Vervaardiging van producten van kunststof;64633;Recticel  BV (Kesteren);22210;Vervaardiging van platen, folie, buizen en profielen van kunststof;168800;438250;pub_0213;Rubber- en kunstofverw. Industrie;36214;Divers, overig, diffuus;168800;438250;P;5.0;;;;0.0;;;;0.0;589392.0;168800;438249;168800;438249
730;ER Reeks 1990-2022 Definitief;2022;204;Koolstofdioxide;T102102;SBI 23 (per bedrijf): Bouwmaterialen- en glasindustrie;64703;B.V. Steenfabriek Huissenswaard;23320;Vervaardiging van keramische producten voor de bouw (geen tegels en plavuizen);196100;436150;pub_0203;Bouwmaterialenindustrie;43388;Schoorsteen;196100;436150;P;30.0;;;;2.01;120.0;4.0;8.9;1.234;16314005.2866;196100;436149;196100;436149
731;ER Reeks 1990-2022 Definitief;2022;204;Koolstofdioxide;T104300;SBI 23.32 (per bedrijf): Vervaardiging van bakstenen en dakpannen;64703;B.V. Steenfabriek Huissenswaard;23320;Vervaardiging van keramische producten voor de bouw (geen tegels en plavuizen);196100;436150;pub_0203;Bouwmaterialenindustrie;43388;Schoorsteen;196100;436150;P;30.0;;;;2.01;120.0;4.0;8.9;1.234;8551994.7134;196100;436149;196100;436149
732;ER Reeks 1990-2022 Definitief;2022;204;Koolstofdioxide;T104700;SBI 20.11 (per bedrijf): Vervaardiging van industriële gassen;12175;Air Liquide Nederland BV;20110;Vervaardiging van industriële gassen;77139;433574;pub_0301;Chemische Industrie basisproducten;47058;ATR CO2 ontluchter;77139;433574;P;25.0;;;;0.12;25.0;35.0;4.2;0.07;68647262.0;77139;433573;77139;433573
733;ER Reeks 1990-2022 Definitief;2022;204;Koolstofdioxide;T102202;SBI 24.1-24.3 (per bedrijf): Basismetaalindustrie, verwerking en vervaardiging ijzer en staal;174;Tata Steel Nederland Tubes BV (Maastricht);24200;Vervaardiging van stalen buizen, pijpen, holle profielen en fittings daarvoor;178000;321520;pub_0201;Basismetaal;39646;Brandstof rijdend materieel;178000;321500;P;4.0;;;;0.0;20.0;;0.01;0.0;35900.0;178000;321499;178000;321519
734;ER Reeks 1990-2022 Definitief;2022;204;Koolstofdioxide;T101100;SBI 20.1 (per bedrijf): Vervaardiging van chemische basisproducten;19004;ExxonMobil Chemical Holland BV (RPP van RPI);20141;Vervaardiging van petrochemische producten;79333;433167;pub_0301;Chemische Industrie basisproducten;45061;hot oil fornuis;79148;431824;P;33.0;;;;0.48;;;;0.314;3588520.0;79148;431823;79333;433166
735;ER Reeks 1990-2022 Definitief;2022;204;Koolstofdioxide;T103100;SBI 21.1 (per bedrijf): Vervaardiging van farmaceutische producten;19032;Janssen Biologics BV;21200;Vervaardiging van farmaceutische producten (geen grondstoffen);91223;464748;pub_0304;Chemische Industrie overig;37527;CUP-gebouw;91223;464748;P;15.0;;;;9.0;80.0;0.0;0.06;0.005;4360000.0;91223;464747;91223;464747
736;ER Reeks 1990-2022 Definitief;2022;204;Koolstofdioxide;T104300;SBI 23.32 (per bedrijf): Vervaardiging van bakstenen en dakpannen;64744;Rodruza Steenfabriek Rossum BV;23320;Vervaardiging van keramische producten voor de bouw (geen tegels en plavuizen);151750;422810;pub_0203;Bouwmaterialenindustrie;44388;Standaard steenbakkerij;151750;422810;P;32.0;;;;0.0;160.0;;6.67;1.268;3805490.0;151750;422809;151750;422809
737;ER Reeks 1990-2022 Definitief;2022;204;Koolstofdioxide;T104300;SBI 23.32 (per bedrijf): Vervaardiging van bakstenen en dakpannen;64756;Steenfabriek De Vlijt BV;23320;Vervaardiging van keramische producten voor de bouw (geen tegels en plavuizen);244590;442300;pub_0203;Bouwmaterialenindustrie;46739;Oven;244670;442225;P;50.0;;;;0.724;;;;1.0;807700.84;244670;442224;244590;442299
738;ER Reeks 1990-2022 Definitief;2022;204;Koolstofdioxide;T100201;SBI 10-12 (per bedrijf): Voedings- & genotmiddelenindustrie;42034;FrieslandCampina Veghel (DMV International);10510;Vervaardiging van zuivelproducten (geen consumptie-ijs);164550;402920;pub_0216;Voedings- en genotmiddelenindustrie;36126;E36;164650;403000;P;19.0;;;;0.0;78.0;;19.7;1.669;2007728.0;164650;402999;164550;402919
739;ER Reeks 1990-2022 Definitief;2022;204;Koolstofdioxide;T108500;SBI 35 (per bedrijf): Productie en distributie van elektriciteit en gas;49016;BECC B.V.;35111;Productie van elektriciteit door thermische, kern- en warmtekrachtcentrales;187107;418453;pub_0503;Opwekking electriciteit;49653;Hulpketel warmtenet;187169;418500;P;5.0;0.0;0.0;0.0;0.292;275.0;1.0;0.291;0.098;128666.0;187169;418499;187107;418452
740;ER Reeks 1990-2022 Definitief;2022;204;Koolstofdioxide;T104704;SBI 24.45 (per bedrijf) Vervaardiging van overige non-ferrometalen, koper;63012;Aurubis Netherlands B.V.;24440;Vervaardiging van koper;211100;463650;pub_0201;Basismetaal;49434;Beitsbad bandoven 1;211073;463641;P;40.0;0.0;0.0;0.0;0.48;29.8;2.0;1.19;0.027;222034.0;211073;463640;211100;463649
741;ER Reeks 1990-2022 Definitief;2022;204;Koolstofdioxide;T101100;SBI 20.1 (per bedrijf): Vervaardiging van chemische basisproducten;62;Chemelot Site Permit BV;20160;Vervaardiging van kunststof in primaire vorm;183732;332404;pub_0301;Chemische Industrie basisproducten;61662;WKC-S RWE 1 AFGASSENKETEL 001;183328;331438;P;60.0;;;;4.25;88.0;;157.66222;14.962144678;326868717.0;183328;331437;183732;332403
742;ER Reeks 1990-2022 Definitief;2022;204;Koolstofdioxide;T100201;SBI 10-12 (per bedrijf): Voedings- & genotmiddelenindustrie;22012;CONO Kaasmakers (Middenbeemster);10510;Vervaardiging van zuivelproducten (geen consumptie-ijs);120220;507805;pub_0216;Voedings- en genotmiddelenindustrie;61677;Prokal HK20 Stoomketel (huur);120239;507737;P;8.0;;;;0.0;;;;0.33;124697.0;120239;507736;120220;507804
743;ER Reeks 1990-2022 Definitief;2022;204;Koolstofdioxide;T101702;SBI 20.5 (per bedrijf): Overige chemische producten;21101;Albemarle Catalysts Company B.V.;20590;Vervaardiging van overige chemische producten n.e.g.;124570;488620;pub_0304;Chemische Industrie overig;56927;Stoomketel 2, nieuw ketelhuis;124206;488708;P;20.0;;;;0.5027;68.0;2.0;0.972;0.07;4090000.0;124206;488707;124570;488619
744;ER Reeks 1990-2022 Definitief;2022;204;Koolstofdioxide;T100201;SBI 10-12 (per bedrijf): Voedings- & genotmiddelenindustrie;115185;DOC Kaas (Zuivelpark);10510;Vervaardiging van zuivelproducten (geen consumptie-ijs);231671;525745;pub_0216;Voedings- en genotmiddelenindustrie;35454;Stoomketel 1;231464;525788;P;22.0;;;;2.54;103.0;1.0;2.401;0.281;899363.0;231464;525787;231671;525744
745;ER Reeks 1990-2022 Definitief;2022;204;Koolstofdioxide;T102501;SBI 20.141 (per bedrijf): Vervaardiging van petrochemische producten;12135;ExxonMobil Chemical Holland BV (ROP van RPI);20141;Vervaardiging van petrochemische producten;72300;438500;pub_0301;Chemische Industrie basisproducten;36092;Divers, overig, diffuus;72300;438500;P;5.0;;;;0.0;;;;0.0;269928.0;72300;438499;72300;438499
746;ER Reeks 1990-2022 Definitief;2022;204;Koolstofdioxide;T101100;SBI 20.1 (per bedrijf): Vervaardiging van chemische basisproducten;33414;BASF Nederland BV Catalysts;20160;Vervaardiging van kunststof in primaire vorm;132150;454100;pub_0301;Chemische Industrie basisproducten;2797;Divers, overig, diffuus;132150;454100;P;30.0;;;;;;;;0.0;567902.707275;132150;454099;132150;454099
747;ER Reeks 1990-2022 Definitief;2022;204;Koolstofdioxide;T100201;SBI 10-12 (per bedrijf): Voedings- & genotmiddelenindustrie;48132;Pali Geldrop BV;10110;Slachterijen (geen pluimvee-);166600;380500;pub_0216;Voedings- en genotmiddelenindustrie;47039;vlamoven;166600;380500;P;25.0;;;;0.9;;;;0.334;1049024.0;166600;380499;166600;380499
748;ER Reeks 1990-2022 Definitief;2022;204;Koolstofdioxide;T100201;SBI 10-12 (per bedrijf): Voedings- & genotmiddelenindustrie;49033;Agristo NV;10310;Vervaardiging van aardappelproducten;129323;400477;pub_0216;Voedings- en genotmiddelenindustrie;45475;Fakkel Biogas;129376;400282;P;15.0;;;;254.0;230.0;0.0;0.14;0.039;101637.12;129376;400281;129323;400476
749;ER Reeks 1990-2022 Definitief;2022;204;Koolstofdioxide;T101100;SBI 20.1 (per bedrijf): Vervaardiging van chemische basisproducten;51101;Eastman Chemical Middelburg BV;20160;Vervaardiging van kunststof in primaire vorm;33940;390952;pub_0301;Chemische Industrie basisproducten;38044;Hotoil units 3 (B-1918);34135;391240;P;10.0;;;;0.31;50.0;32.0;10.0;0.488;1140000.0;34135;391239;33940;390951
750;ER Reeks 1990-2022 Definitief;2022;204;Koolstofdioxide;T100201;SBI 10-12 (per bedrijf): Voedings- & genotmiddelenindustrie;62010;Nestle Nederland BV (Nunspeet);10860;Vervaardiging van gehomogeniseerde voedingspreparaten en dieetvoeding;182480;488580;pub_0216;Voedings- en genotmiddelenindustrie;47063;EHP;182474;488477;P;17.0;;;;0.64;;;;0.1;1197212.0;182474;488476;182480;488579
751;ER Reeks 1990-2022 Definitief;2022;204;Koolstofdioxide;T108500;SBI 35 (per bedrijf): Productie en distributie van elektriciteit en gas;44004;RWE Generation NL B.V.;35111;Productie van elektriciteit door thermische, kern- en warmtekrachtcentrales;117446;413372;pub_0503;Opwekking electriciteit;42439;Hulpketel Amer 91;117340;413750;P;25.0;;;;1.3;157.0;8.0;10.3;1.918;2300000.0;117340;413749;117446;413371
752;ER Reeks 1990-2022 Definitief;2022;204;Koolstofdioxide;T108500;SBI 35 (per bedrijf): Productie en distributie van elektriciteit en gas;24000;Nuon Power Generation BV (Hemweg);35111;Productie van elektriciteit door thermische, kern- en warmtekrachtcentrales;118246;490968;pub_0503;Opwekking electriciteit;43332;Divers, overig, diffuus;118246;490968;P;5.0;;;;0.0;;;;0.0;10633.0;118246;490967;118246;490967
753;ER Reeks 1990-2022 Definitief;2022;204;Koolstofdioxide;T108500;SBI 35 (per bedrijf): Productie en distributie van elektriciteit en gas;24000;Nuon Power Generation BV (Hemweg);35111;Productie van elektriciteit door thermische, kern- en warmtekrachtcentrales;118246;490968;pub_0503;Opwekking electriciteit;44634;Hulpketel HW 09;117959;491137;P;60.0;;;;0.785;175.0;13.0;10.0;2.093;694349.0;117959;491136;118246;490967
754;ER Reeks 1990-2022 Definitief;2022;204;Koolstofdioxide;T108500;SBI 35 (per bedrijf): Productie en distributie van elektriciteit en gas;24002;Nuon Power Generation BV (Diemen);35111;Productie van elektriciteit door thermische, kern- en warmtekrachtcentrales;130055;483500;pub_0503;Opwekking electriciteit;43341;Hulp Warmte Centrale Diemen;129971;483498;P;30.0;;;;1.33;120.0;15.0;20.0;2.773;19189837.0;129971;483497;130055;483499
755;ER Reeks 1990-2022 Definitief;2022;204;Koolstofdioxide;T108400;SBI 30.1 (per bedrijf): Scheepsbouw;10921;Damen Shiprepair Rotterdam;33150;Reparatie en onderhoud van schepen;85500;435500;pub_0210;Metaalelektro;39560;verwarmingsketels kantoor;85500;435500;P;20.0;;;;0.2;;;;1.2;272637.25;85500;435499;85500;435499
756;ER Reeks 1990-2022 Definitief;2022;204;Koolstofdioxide;T108500;SBI 35 (per bedrijf): Productie en distributie van elektriciteit en gas;10951;E.on Locatie Leiden;35111;Productie van elektriciteit door thermische, kern- en warmtekrachtcentrales;93890;464356;pub_0503;Opwekking electriciteit;44379;Schoorsteen;93890;464356;P;85.0;;;;0.0;;;;10.393;103965243.112425;93890;464355;93890;464355
757;ER Reeks 1990-2022 Definitief;2022;204;Koolstofdioxide;T102300;SBI 24.4/24.5 (per bedrijf): Basismetaalindustrie, vervaardiging van non-ferro metalen en gieten van metalen;3509;VDL Castings Weert B.V.;24510;Gieten van ijzer;173350;361000;pub_0201;Basismetaal;41849;Divers, overig, diffuus;173350;361000;P;5.0;;;;0.0;;;;0.0;50902.0;173350;360999;173350;360999
758;ER Reeks 1990-2022 Definitief;2022;204;Koolstofdioxide;T104901;SBI 24.5 (per bedrijf): Gieten van metalen;63504;Gieterij Doesburg BV;24510;Gieten van ijzer;206112;447069;pub_0201;Basismetaal;41912;Vormerij koeltrommel 42;206112;447069;P;13.0;;;;0.5;33.28;12.0;6.1;0.167;8120.0;206112;447068;206112;447068
759;ER Reeks 1990-2022 Definitief;2022;204;Koolstofdioxide;T100201;SBI 10-12 (per bedrijf): Voedings- & genotmiddelenindustrie;11105;Heineken Nederland BV (Zoeterwoude);11050;Vervaardiging van bier;97050;461400;pub_0216;Voedings- en genotmiddelenindustrie;35420;AWZI;97050;461400;P;5.0;;;;0.0;;;;0.1;115685.0;97050;461399;97050;461399
760;ER Reeks 1990-2022 Definitief;2022;204;Koolstofdioxide;T101100;SBI 20.1 (per bedrijf): Vervaardiging van chemische basisproducten;41003;Shell Nederland Chemie BV (Moerdijk);20141;Vervaardiging van petrochemische producten;97946;411331;pub_0301;Chemische Industrie basisproducten;42431;Opstart fornuis F-520 MLO;98174;411356;P;25.0;;;;2.95;807.0;1.0;2.34;0.0;354086.8051823;98174;411355;97946;411330
761;ER Reeks 1990-2022 Definitief;2022;204;Koolstofdioxide;T101100;SBI 20.1 (per bedrijf): Vervaardiging van chemische basisproducten;41101;SABIC Innovative Plastics BV;20160;Vervaardiging van kunststof in primaire vorm;76463;391896;pub_0301;Chemische Industrie basisproducten;44616;Fictieve schoorsteen Stookinstallaties;76490;392100;P;36.0;;;;15.0;120.0;7.0;100.0;13.867;250903618.99999982;76490;392099;76463;391895
762;ER Reeks 1990-2022 Definitief;2022;204;Koolstofdioxide;T101100;SBI 20.1 (per bedrijf): Vervaardiging van chemische basisproducten;41102;Allnex Netherlands B.V.;20160;Vervaardiging van kunststof in primaire vorm;77249;391375;pub_0301;Chemische Industrie basisproducten;37460;Divers, overig, diffuus;77249;391375;P;5.0;;;;0.0;;;;0.0;221895.0;77249;391374;77249;391374
763;ER Reeks 1990-2022 Definitief;2022;204;Koolstofdioxide;T109000;SBI 16 (per bedrijf): Houtindustrie en vervaardiging van artikelen van hout, kurk, riet en vlechtwerk (geen meubels);202257;Titan Wood;16102;Verduurzamen van hout;192981;442540;pub_0206;Houtbewerkende industrie;45298;Stoomketel;193286;442395;P;5.0;;;;0.2;;;;0.5925;4343192.0;193286;442394;192981;442539
764;ER Reeks 1990-2022 Definitief;2022;204;Koolstofdioxide;T100201;SBI 10-12 (per bedrijf): Voedings- & genotmiddelenindustrie;202662;Pluimveeslachterij G.P. Remkes B.V.;10120;Pluimveeslachterijen;196322;484206;pub_0216;Voedings- en genotmiddelenindustrie;37265;Divers, overig, diffuus;196322;484206;P;5.0;;;;;;;;0.0;164150.0;196322;484205;196322;484205
765;ER Reeks 1990-2022 Definitief;2022;204;Koolstofdioxide;T108500;SBI 35 (per bedrijf): Productie en distributie van elektriciteit en gas;202895;Energiecoöperatie Greenhouse Energy;35120;Beheer en exploitatie van transportnetten voor elektriciteit, aardgas en warm water;191490;436460;pub_0503;Opwekking electriciteit;42199;Wkk A6;191490;436460;P;12.0;;;;0.6;50.0;6.0;3.38;0.0;809872.0;191490;436459;191490;436459
766;ER Reeks 1990-2022 Definitief;2022;204;Koolstofdioxide;T101100;SBI 20.1 (per bedrijf): Vervaardiging van chemische basisproducten;41103;Synthos Breda B.V.;20160;Vervaardiging van kunststof in primaire vorm;111661;402540;pub_0301;Chemische Industrie basisproducten;35459;Stoomketel 5;111661;402540;P;25.0;;;;0.0;;;;3.8;5234284.7859;111661;402539;111661;402539
767;ER Reeks 1990-2022 Definitief;2022;204;Koolstofdioxide;T101702;SBI 20.5 (per bedrijf): Overige chemische producten;41106;Intern. Flav. & Fragranc. I.F.F. BV;20530;Vervaardiging van etherische oliën;131469;399574;pub_0304;Chemische Industrie overig;41424;verwarmingsunits sproeidrogers;131950;399660;P;15.0;;;;0.0;;;;1.49;576583.0;131950;399659;131469;399573
768;ER Reeks 1990-2022 Definitief;2022;204;Koolstofdioxide;T106100;SBI 22.2 (per bedrijf): Vervaardiging van producten van kunststof;41113;Synbra Technology BV;22230;Vervaardiging van kunststofproducten voor de bouw;103026;404397;pub_0213;Rubber- en kunstofverw. Industrie;44377;Stoomketel 5;103130;404550;P;10.0;;;;0.5;218.0;3.0;1.38;0.365;5387807.0;103130;404549;103026;404396
769;ER Reeks 1990-2022 Definitief;2022;204;Koolstofdioxide;T102501;SBI 20.141 (per bedrijf): Vervaardiging van petrochemische producten;51104;Dow Benelux BV (Hoek);20141;Vervaardiging van petrochemische producten;43193;373788;pub_0301;Chemische Industrie basisproducten;38448;FAKKEL ETHYLEEN-1;43014;373836;P;90.0;;;;1.0;;;;0.075;12484854.5;43014;373835;43193;373787
770;ER Reeks 1990-2022 Definitief;2022;204;Koolstofdioxide;T102501;SBI 20.141 (per bedrijf): Vervaardiging van petrochemische producten;51104;Dow Benelux BV (Hoek);20141;Vervaardiging van petrochemische producten;43193;373788;pub_0301;Chemische Industrie basisproducten;38450;Fakkel Ethyleen-3;42444;373667;P;90.0;;;;1.2;;;;0.075;23044500.0;42444;373666;43193;373787
771;ER Reeks 1990-2022 Definitief;2022;204;Koolstofdioxide;T102501;SBI 20.141 (per bedrijf): Vervaardiging van petrochemische producten;51104;Dow Benelux BV (Hoek);20141;Vervaardiging van petrochemische producten;43193;373788;pub_0301;Chemische Industrie basisproducten;38452;FAKKEL MOSSELBANKEN LE32;41078;373719;P;50.0;;;;1.0;;;;0.075;858171.3;41078;373718;43193;373787
772;ER Reeks 1990-2022 Definitief;2022;204;Koolstofdioxide;T104201;SBI 38.2 (per bedrijf): Afvalinzameling/beh, AVI's;64005;ARN B.V.;38210;Behandeling van onschadelijk afval;183067;428715;pub_0901;AVI's;37155;Nooddiesels;183050;428630;P;5.0;;;;0.0;;;;0.995;29500.0;183050;428629;183067;428714
773;ER Reeks 1990-2022 Definitief;2022;204;Koolstofdioxide;T100600;SBI 17 (per bedrijf): Vervaardiging van papier, karton en papier- en kartonwaren;64304;Papierfabriek Doetinchem BV;17122;Vervaardiging van papier en karton voor verpakking;217250;441700;pub_0211;Papier(waren);35440;Gasgestookte droogkappen;217250;441700;P;15.0;;;;0.0;70.0;;2.2;0.164;7265929.0;217250;441699;217250;441699
774;ER Reeks 1990-2022 Definitief;2022;204;Koolstofdioxide;T100600;SBI 17 (per bedrijf): Vervaardiging van papier, karton en papier- en kartonwaren;64354;VHP Security Paper B.V.;17129;Vervaardiging van papier en karton (geen grafisch en niet voor verpakking);191500;466000;pub_0211;Papier(waren);34564;ketel 2;191365;465705;P;15.0;;;;0.33;;;;5.2;1798000.0;191365;465704;191500;465999
775;ER Reeks 1990-2022 Definitief;2022;204;Koolstofdioxide;T101100;SBI 20.1 (per bedrijf): Vervaardiging van chemische basisproducten;41428;DSM NeoResins B.V.;20160;Vervaardiging van kunststof in primaire vorm;131981;412041;pub_0301;Chemische Industrie basisproducten;36996;Stoomketel 2;132150;411900;P;13.0;;;;1.0;;;;0.02;194877.0;132150;411899;131981;412040
776;ER Reeks 1990-2022 Definitief;2022;204;Koolstofdioxide;T106200;SBI 25 (per bedrijf): Metaalproductenindustrie (exclusief machinebouw);202926;Ulamo;25210;Vervaardiging van ketels en radiatoren voor centrale verwarming;222200;435430;pub_0210;Metaalelektro;39608;stookinstallatie;222200;435430;P;8.0;;;;2.0;250.0;51.0;101.3;0.0;1635839.6;222200;435429;222200;435429
777;ER Reeks 1990-2022 Definitief;2022;204;Koolstofdioxide;T108400;SBI 30.1 (per bedrijf): Scheepsbouw;202962;IHC Sliedrecht B.V.;30110;Bouw van schepen en drijvend materieel (geen sport- en recreatievaartuigen);111810;426380;pub_0210;Metaalelektro;37266;Divers, overig, diffuus;111810;426380;P;5.0;;;;;;;;0.0;366774.0;111810;426379;111810;426379
778;ER Reeks 1990-2022 Definitief;2022;204;Koolstofdioxide;T151100;SBI 46/47 (per bedrijf): Detail- en groothandel;202990;Alco Energy Rotterdam;46712;Groothandel in vloeibare en gasvormige brandstoffen;72210;438230;pub_1201;Energiegebruik en processen Handel, Diensten en Overheid (HDO);38690;Drogers (totaal 3);71794;438484;P;25.0;;;;7.6;125.0;6.0;43.0;6.239;71858835.60715;71794;438483;72210;438229
779;ER Reeks 1990-2022 Definitief;2022;204;Koolstofdioxide;T151100;SBI 46/47 (per bedrijf): Detail- en groothandel;202990;Alco Energy Rotterdam;46712;Groothandel in vloeibare en gasvormige brandstoffen;72210;438230;pub_1201;Energiegebruik en processen Handel, Diensten en Overheid (HDO);38696;WKK;72007;438115;P;40.0;;;;12.56;114.0;6.0;73.6;9.639;219265797.590004;72007;438114;72210;438229
780;ER Reeks 1990-2022 Definitief;2022;204;Koolstofdioxide;T101001;SBI 35.111 (per bedrijf): Elektriciteitsproduktie;12150;Uniper Centrale RoCa;35111;Productie van elektriciteit door thermische, kern- en warmtekrachtcentrales;98212;440895;pub_0503;Opwekking electriciteit;39461;Hulpketel 3 en 4;98226;440903;P;50.0;;;;5.7;;;;5.0;5992462.5863;98226;440902;98212;440894
781;ER Reeks 1990-2022 Definitief;2022;204;Koolstofdioxide;T104201;SBI 38.2 (per bedrijf): Afvalinzameling/beh, AVI's;12157;Zavin C.V.;38220;Behandeling van schadelijk afval;110200;425450;pub_0901;AVI's;35476;Divers, overig, diffuus;110200;425450;P;5.0;;;;0.0;;;;0.0;57895.0;110200;425449;110200;425449
782;ER Reeks 1990-2022 Definitief;2022;204;Koolstofdioxide;T107201;SBI 85-88 (per bedrijf): Onderwijs en gezondheids- en welzijnszorg;12166;TU Delft Warmtekrachtcentrale;85420;Universitair hoger onderwijs;85100;446200;pub_1201;Energiegebruik en processen Handel, Diensten en Overheid (HDO);36916;WKK 1;85100;446200;P;41.0;;;;0.13;97.0;16.0;2.054;0.224;1025000.0;85100;446199;85100;446199
783;ER Reeks 1990-2022 Definitief;2022;204;Koolstofdioxide;T100201;SBI 10-12 (per bedrijf): Voedings- & genotmiddelenindustrie;12170;FrieslandCampina Maasdam;10510;Vervaardiging van zuivelproducten (geen consumptie-ijs);97050;422750;pub_0216;Voedings- en genotmiddelenindustrie;35884;Ketelhuis;97212;422839;P;10.0;;;;0.2;;;;0.3;4435186.0;97212;422838;97050;422749
784;ER Reeks 1990-2022 Definitief;2022;204;Koolstofdioxide;T108502;SBI 35.12 (per bedrijf): Transportnet voor aardgas;41502;Gasunie (Ravenstein);35120;Beheer en exploitatie van transportnetten voor elektriciteit, aardgas en warm water;173928;421577;pub_0502;Olie- gaswinning land;37174;Divers, overig, diffuus;173928;421577;P;5.0;;;;;;;;0.0;452142.00000000006;173928;421576;173928;421576
785;ER Reeks 1990-2022 Definitief;2022;204;Koolstofdioxide;T108502;SBI 35.12 (per bedrijf): Transportnet voor aardgas;41502;Gasunie (Ravenstein);35120;Beheer en exploitatie van transportnetten voor elektriciteit, aardgas en warm water;173928;421577;pub_0502;Olie- gaswinning land;37175;1-1 RR-AVON;173928;421577;P;13.0;;;;11.67;390.0;3.0;34.59;16.788;18819.0;173928;421576;173928;421576
786;ER Reeks 1990-2022 Definitief;2022;204;Koolstofdioxide;T108502;SBI 35.12 (per bedrijf): Transportnet voor aardgas;41502;Gasunie (Ravenstein);35120;Beheer en exploitatie van transportnetten voor elektriciteit, aardgas en warm water;173928;421577;pub_0502;Olie- gaswinning land;37181;2-1 DLS-HVA16;173928;421577;P;15.0;;;;0.2;365.0;21.0;4.11;1.863;67689.0;173928;421576;173928;421576
787;ER Reeks 1990-2022 Definitief;2022;204;Koolstofdioxide;T104201;SBI 38.2 (per bedrijf): Afvalinzameling/beh, AVI's;41521;Afvalstoffen Terminal Moerdijk BV (ATM);38220;Behandeling van schadelijk afval;100541;411967;pub_0901;AVI's;44405;Schoorsteen TRI, Pyro en afgassysteem;100531;411981;P;60.0;;;;0.0;;;;4.9;140205112.0;100531;411980;100541;411966
788;ER Reeks 1990-2022 Definitief;2022;204;Koolstofdioxide;T102501;SBI 20.141 (per bedrijf): Vervaardiging van petrochemische producten;51104;Dow Benelux BV (Hoek);20141;Vervaardiging van petrochemische producten;43193;373788;pub_0301;Chemische Industrie basisproducten;38475;OPEN TERRREIN DOWLEX LE21;43410;373800;P;5.0;;;;0.0;;;;0.001;366870.696;43410;373799;43193;373787
789;ER Reeks 1990-2022 Definitief;2022;204;Koolstofdioxide;T101100;SBI 20.1 (per bedrijf): Vervaardiging van chemische basisproducten;51104;Dow Benelux BV (Hoek);20141;Vervaardiging van petrochemische producten;43193;373788;pub_0301;Chemische Industrie basisproducten;38494;STACK BA109 LE1;43011;373954;P;62.0;;;;3.24;;;;0.293;29981048.0;43011;373953;43193;373787
790;ER Reeks 1990-2022 Definitief;2022;204;Koolstofdioxide;T101100;SBI 20.1 (per bedrijf): Vervaardiging van chemische basisproducten;51104;Dow Benelux BV (Hoek);20141;Vervaardiging van petrochemische producten;43193;373788;pub_0301;Chemische Industrie basisproducten;38496;STACK BA110 LE1;43010;373954;P;62.0;;;;3.24;;;;0.138;58556072.0;43010;373953;43193;373787
791;ER Reeks 1990-2022 Definitief;2022;204;Koolstofdioxide;T104201;SBI 38.2 (per bedrijf): Afvalinzameling/beh, AVI's;200702;Van Vliet Groep Milieu Dienstverleners BV;38110;Inzameling van onschadelijk afval;136145;451047;pub_0901;AVI's;44996;CV ketel Depot;135948;450803;P;11.0;;;;0.076;192.0;0.0;0.02;0.0;178801.30953375;135948;450802;136145;451046
792;ER Reeks 1990-2022 Definitief;2022;204;Koolstofdioxide;T104201;SBI 38.2 (per bedrijf): Afvalinzameling/beh, AVI's;201189;ARCG Stainkoeln II;38210;Behandeling van onschadelijk afval;237456;579820;pub_0901;AVI's;35351;Divers, overig, diffuus;237456;579820;P;5.0;;;;0.0;;;;0.0;1224983.936775;237456;579819;237456;579819
793;ER Reeks 1990-2022 Definitief;2022;204;Koolstofdioxide;T103200;SBI 20.4 (per bedrijf): Vervaardiging was- en schoonmaakmiddelen, parfums en cosmetica;201241;Emmtec Services BV;81229;Overige gespecialiseerde reiniging;257552;533045;pub_0304;Chemische Industrie overig;42172;WKC1;257877;532734;P;25.0;;;;9.6;125.0;10.0;100.0;14.509;58000000.0;257877;532733;257552;533044
794;ER Reeks 1990-2022 Definitief;2022;204;Koolstofdioxide;T100201;SBI 10-12 (per bedrijf): Voedings- & genotmiddelenindustrie;42834;Rendac Son BV;10910;Vervaardiging van veevoeders;159100;390650;pub_0216;Voedings- en genotmiddelenindustrie;38595;Schoorsteen stoomketel 50;159100;390650;P;19.0;;;;0.0;;;;1.11;12968494.0202153;159100;390649;159100;390649
795;ER Reeks 1990-2022 Definitief;2022;204;Koolstofdioxide;T100201;SBI 10-12 (per bedrijf): Voedings- & genotmiddelenindustrie;42834;Rendac Son BV;10910;Vervaardiging van veevoeders;159100;390650;pub_0216;Voedings- en genotmiddelenindustrie;47074;Schoorsteen Biogas WKK 3690E;159100;390650;P;15.0;;;;0.4;;;;0.76;5331096.24026306;159100;390649;159100;390649
796;ER Reeks 1990-2022 Definitief;2022;204;Koolstofdioxide;T100201;SBI 10-12 (per bedrijf): Voedings- & genotmiddelenindustrie;52612;Cargill Benelux BV;10620;Vervaardiging van zetmeel en zetmeelproducten;44338;361919;pub_0216;Voedings- en genotmiddelenindustrie;38353;emissiepunt 103;44338;361919;P;9.0;;;;3.0;;;;6.5;18525019.8;44338;361918;44338;361918
797;ER Reeks 1990-2022 Definitief;2022;204;Koolstofdioxide;T108400;SBI 30.1 (per bedrijf): Scheepsbouw;53129;Damen Schelde Naval Shipbuilding B.V. en Scheldepoort B.V;30110;Bouw van schepen en drijvend materieel (geen sport- en recreatievaartuigen);35794;387217;pub_0210;Metaalelektro;39380;Verwarming;35900;387100;P;10.0;;;;0.0;;;;1.0;953000.0;35900;387099;35794;387216
798;ER Reeks 1990-2022 Definitief;2022;204;Koolstofdioxide;T101100;SBI 20.1 (per bedrijf): Vervaardiging van chemische basisproducten;71105;Nobian Chemicals BV (Hengelo);20130;Vervaardiging van overige anorganische basischemicaliën;251088;474121;pub_0301;Chemische Industrie basisproducten;36257;Installatie 25/26;251100;474100;P;55.0;;;;7.1;;;;33.4;160533515.877021;251100;474099;251088;474120
799;ER Reeks 1990-2022 Definitief;2022;204;Koolstofdioxide;T108502;SBI 35.12 (per bedrijf): Transportnet voor aardgas;71514;Gasunie Vilsteren/Ommen;35120;Beheer en exploitatie van transportnetten voor elektriciteit, aardgas en warm water;221116;501184;pub_0502;Olie- gaswinning land;38933;1-C003 RR-RB211;221116;501184;P;13.0;;;;15.75;343.0;;31.85;13.58084;7492.0;221116;501183;221116;501183
800;ER Reeks 1990-2022 Definitief;2022;204;Koolstofdioxide;T102202;SBI 24.1-24.3 (per bedrijf): Basismetaalindustrie, verwerking en vervaardiging ijzer en staal;43003;Tata Steel Nederland Tubes BV (Oosterhout);24200;Vervaardiging van stalen buizen, pijpen, holle profielen en fittings daarvoor;120500;404100;pub_0201;Basismetaal;38738;diverse verwarming;120500;404100;P;5.0;;;;0.0;;;;0.0;1260000.0;120500;404099;120500;404099
801;ER Reeks 1990-2022 Definitief;2022;204;Koolstofdioxide;T108502;SBI 35.12 (per bedrijf): Transportnet voor aardgas;21528;Gasunie (Wieringermeer);35120;Beheer en exploitatie van transportnetten voor elektriciteit, aardgas en warm water;132250;530325;pub_0502;Olie- gaswinning land;35843;1-1 STAL-LAVAL;132281;530101;P;11.0;;;;11.0;271.0;1.0;9.07;3.016;7597.0;132281;530100;132250;530324
802;ER Reeks 1990-2022 Definitief;2022;204;Koolstofdioxide;T108502;SBI 35.12 (per bedrijf): Transportnet voor aardgas;21528;Gasunie (Wieringermeer);35120;Beheer en exploitatie van transportnetten voor elektriciteit, aardgas en warm water;132250;530325;pub_0502;Olie- gaswinning land;35847;3-3 SOLAR;132277;529997;P;17.0;;;;1.3;447.0;9.0;11.42;6.378;7243038.0;132277;529996;132250;530324
803;ER Reeks 1990-2022 Definitief;2022;204;Koolstofdioxide;T108502;SBI 35.12 (per bedrijf): Transportnet voor aardgas;21529;Gasunie (Beverwijk);35120;Beheer en exploitatie van transportnetten voor elektriciteit, aardgas en warm water;108327;500235;pub_0502;Olie- gaswinning land;35636;2-1 SOLAR;108403;500219;P;12.0;;;;0.79;338.0;10.0;8.25;3.453;48428.0;108403;500218;108327;500234
804;ER Reeks 1990-2022 Definitief;2022;204;Koolstofdioxide;T108502;SBI 35.12 (per bedrijf): Transportnet voor aardgas;21529;Gasunie (Beverwijk);35120;Beheer en exploitatie van transportnetten voor elektriciteit, aardgas en warm water;108327;500235;pub_0502;Olie- gaswinning land;35637;2-2 SOLAR;108406;500225;P;12.0;;;;0.79;328.0;13.0;9.99;4.053;98631.0;108406;500224;108327;500234
805;ER Reeks 1990-2022 Definitief;2022;204;Koolstofdioxide;T100201;SBI 10-12 (per bedrijf): Voedings- & genotmiddelenindustrie;22006;FrieslandCampina Lutjewinkel;10510;Vervaardiging van zuivelproducten (geen consumptie-ijs);120900;530900;pub_0216;Voedings- en genotmiddelenindustrie;43039;Schoorsteen stoomketel;120904;530878;P;13.0;;;;0.0;;;;0.167;5479250.0;120904;530877;120900;530899
806;ER Reeks 1990-2022 Definitief;2022;204;Koolstofdioxide;T106600;SBI 29 (per bedrijf): Auto-industrie;73239;Scania Production Zwolle BV;29100;Vervaardiging van auto's;201000;503040;pub_0210;Metaalelektro;35081;DIFFUSE EMISSIE BEDRIJF;200000;503040;O;14.0;150.0;150.0;;22500.0;;;;0.001;1368865.0;200000;503039;201000;503039
807;ER Reeks 1990-2022 Definitief;2022;204;Koolstofdioxide;T101100;SBI 20.1 (per bedrijf): Vervaardiging van chemische basisproducten;10004;Lyondell Chemie Nederland BV;20141;Vervaardiging van petrochemische producten;76900;433220;pub_0301;Chemische Industrie basisproducten;8063;B-912 Proces Fornuis;76900;433220;P;25.0;;;;0.7;465.0;4.0;2.71;1.576;22742112.00000001;76900;433219;76900;433219
808;ER Reeks 1990-2022 Definitief;2022;204;Koolstofdioxide;T101100;SBI 20.1 (per bedrijf): Vervaardiging van chemische basisproducten;10006;Shell Nederland Chemie BV (Pernis);20141;Vervaardiging van petrochemische producten;84625;433319;pub_0301;Chemische Industrie basisproducten;44597;CVP fakkel;83683;433670;P;60.0;;;;0.0;;;;5.7;21858729.0;83683;433669;84625;433318
809;ER Reeks 1990-2022 Definitief;2022;204;Koolstofdioxide;T101702;SBI 20.5 (per bedrijf): Overige chemische producten;10018;Huntsman Holland BV;20590;Vervaardiging van overige chemische producten n.e.g.;76660;434000;pub_0304;Chemische Industrie overig;41886;Divers, overig, diffuus;76660;434000;P;5.0;;;;0.0;;;;0.0;421002.0;76660;433999;76660;433999
810;ER Reeks 1990-2022 Definitief;2022;204;Koolstofdioxide;T104201;SBI 38.2 (per bedrijf): Afvalinzameling/beh, AVI's;203220;EEW Energy from Waste Delfzijl B.V.;38210;Behandeling van onschadelijk afval;261673;592659;pub_0901;AVI's;42685;Emissiepunt: Lijn 2;261673;592659;P;70.0;;;;3.5;145.2;9.0;33.23;5.683;260820855.0;261673;592658;261673;592658
811;ER Reeks 1990-2022 Definitief;2022;204;Koolstofdioxide;T108500;SBI 35 (per bedrijf): Productie en distributie van elektriciteit en gas;203411;Air Liquide Pergen VOF;35111;Productie van elektriciteit door thermische, kern- en warmtekrachtcentrales;84800;433523;pub_0503;Opwekking electriciteit;38303;50% GT2 + HRSG 2B;84837;433503;P;65.0;;;;18.1;;;;20.4;289749628.0;84837;433502;84800;433522
812;ER Reeks 1990-2022 Definitief;2022;204;Koolstofdioxide;T100201;SBI 10-12 (per bedrijf): Voedings- & genotmiddelenindustrie;203417;Van Rooi Meat BV (Helmond);10110;Slachterijen (geen pluimvee-);176659;384365;pub_0216;Voedings- en genotmiddelenindustrie;46116;schroeiovens;176639;384355;P;35.0;;;;2.0;65.0;2.0;3.5;0.238;2015052.400125;176639;384354;176659;384364
813;ER Reeks 1990-2022 Definitief;2022;204;Koolstofdioxide;T100201;SBI 10-12 (per bedrijf): Voedings- & genotmiddelenindustrie;203417;Van Rooi Meat BV (Helmond);10110;Slachterijen (geen pluimvee-);176659;384365;pub_0216;Voedings- en genotmiddelenindustrie;46117;stoomketel;176639;384355;P;10.0;;;;0.07;80.0;14.0;1.0;0.087;2083024.6206;176639;384354;176659;384364
814;ER Reeks 1990-2022 Definitief;2022;204;Koolstofdioxide;T102202;SBI 24.1-24.3 (per bedrijf): Basismetaalindustrie, verwerking en vervaardiging ijzer en staal;23301;Tata Steel IJmuiden BV;24100;Vervaardiging van ijzer en staal en van ferrolegeringen;100985;499055;pub_0201;Basismetaal;43389;Divers, overig, diffuus;100985;499055;P;5.0;;;;0.0;;;;0.001;4512869536.2025385;100985;499054;100985;499054
815;ER Reeks 1990-2022 Definitief;2022;204;Koolstofdioxide;T106200;SBI 25 (per bedrijf): Metaalproductenindustrie (exclusief machinebouw);43024;Nedschroef Helmond BV;25940;Vervaardiging van bouten, schroeven en moeren;173329;388200;pub_0210;Metaalelektro;29586;stookinstallatie;173329;388200;P;9.0;;;;0.07;70.0;4.0;0.286;0.021;340372.534725;173329;388199;173329;388199
816;ER Reeks 1990-2022 Definitief;2022;204;Koolstofdioxide;T101100;SBI 20.1 (per bedrijf): Vervaardiging van chemische basisproducten;10002;Nouryon Industrial Chemicals BV (Europoort);20130;Vervaardiging van overige anorganische basischemicaliën;72450;438450;pub_0301;Chemische Industrie basisproducten;35269;DME fakkel;72450;438450;P;45.0;;;;0.0;;;;1.0;25399.0;72450;438449;72450;438449
817;ER Reeks 1990-2022 Definitief;2022;204;Koolstofdioxide;T101100;SBI 20.1 (per bedrijf): Vervaardiging van chemische basisproducten;10003;DSM Resins BV;20160;Vervaardiging van kunststof in primaire vorm;70183;442535;pub_0301;Chemische Industrie basisproducten;38952;Ketelhuis 2 procesfornuis F804;70210;442560;P;17.0;;;;0.17;;;;0.08725;548149.0;70210;442559;70183;442534
818;ER Reeks 1990-2022 Definitief;2022;204;Koolstofdioxide;T101100;SBI 20.1 (per bedrijf): Vervaardiging van chemische basisproducten;10003;DSM Resins BV;20160;Vervaardiging van kunststof in primaire vorm;70183;442535;pub_0301;Chemische Industrie basisproducten;38954;Productie van harsen inclusief incinerator;70180;442550;P;22.0;;;;0.181;;;;0.0154;4168816.0;70180;442549;70183;442534
819;ER Reeks 1990-2022 Definitief;2022;204;Koolstofdioxide;T101100;SBI 20.1 (per bedrijf): Vervaardiging van chemische basisproducten;10066;Kemira Chemicals BV;20149;Vervaardiging van organische basischemicaliën (geen petrochemische producten);72350;437418;pub_0301;Chemische Industrie basisproducten;38858;U5 stoomketel SG-1229;72350;437418;P;9.0;;;;0.18;255.0;1.0;0.135;0.042;1450000.0;72350;437417;72350;437417
820;ER Reeks 1990-2022 Definitief;2022;204;Koolstofdioxide;T101100;SBI 20.1 (per bedrijf): Vervaardiging van chemische basisproducten;10073;Tronox Pigments (Holland) BV;20120;Vervaardiging van kleurstoffen en pigmenten;78070;434900;pub_0301;Chemische Industrie basisproducten;38837;Fornuizen;78217;434978;P;50.0;;;;5.3;120.0;5.0;28.0;3.883;7716798.2;78217;434977;78070;434899
821;ER Reeks 1990-2022 Definitief;2022;204;Koolstofdioxide;T105200;SBI 10.4 (per bedrijf): produktie oliën en vetten;10097;Sime Darby Unimills B.V.;10410;Vervaardiging van plantaardige en dierlijke oliën en vetten (geen margarine en andere spijsvetten);103500;424600;pub_0216;Voedings- en genotmiddelenindustrie;47125;AWZI;103159;424374;O;10.0;20.0;20.0;;400.0;;;;0.001;1210000.0;103159;424373;103500;424599
822;ER Reeks 1990-2022 Definitief;2022;204;Koolstofdioxide;T102800;SBI 20.16 (per bedrijf): Vervaardiging van kunststof in primaire vorm;10100;Hexion UK Limited, Dutch Branch;20160;Vervaardiging van kunststof in primaire vorm;77750;432575;pub_0301;Chemische Industrie basisproducten;44248;Gehele bedrijf;77750;432575;P;12.0;;;;0.0;500.0;;6.0;3.76;6843132.0;77750;432574;77750;432574
823;ER Reeks 1990-2022 Definitief;2022;204;Koolstofdioxide;T101100;SBI 20.1 (per bedrijf): Vervaardiging van chemische basisproducten;101108;PPG Industries Chemicals BV;20130;Vervaardiging van overige anorganische basischemicaliën;261590;591898;pub_0301;Chemische Industrie basisproducten;35049;Droger;261666;591825;P;32.0;;;;3.65;81.0;10.0;36.94;3.273;49509000.0;261666;591824;261590;591897
824;ER Reeks 1990-2022 Definitief;2022;204;Koolstofdioxide;T102102;SBI 23 (per bedrijf): Bouwmaterialen- en glasindustrie;101405;Electric Glass Fiber NL BV;23140;Vervaardiging van glasvezels;241450;577380;pub_0203;Bouwmaterialenindustrie;8932;Viessmann warmwaterketels;241432;577484;P;16.0;;;;0.03;;;;0.048;1501129.0;241432;577483;241450;577379
825;ER Reeks 1990-2022 Definitief;2022;204;Koolstofdioxide;T102102;SBI 23 (per bedrijf): Bouwmaterialen- en glasindustrie;101405;Electric Glass Fiber NL BV;23140;Vervaardiging van glasvezels;241450;577380;pub_0203;Bouwmaterialenindustrie;42695;609 Glasoven/Scrubber;241437;577522;P;39.0;;;;0.5;;;;0.319;12191892.376005;241437;577521;241450;577379
826;ER Reeks 1990-2022 Definitief;2022;204;Koolstofdioxide;T107200;SBI 41-43 (per bedrijf): Bouwnijverheid;203605;Kok Gorinchem BV;42111;Wegenbouw;127839;428463;pub_0802;Overig bouw;41774;Divers, overig, diffuus;127839;428463;P;5.0;;;;;;;;0.0;804000.0;127839;428462;127839;428462
827;ER Reeks 1990-2022 Definitief;2022;204;Koolstofdioxide;T103002;SBI 30 (per bedrijf): Overige transportmiddelen;203738;Fokker Landing Gear;30300;Vervaardiging van vliegtuigen en onderdelen daarvoor;176012;385145;pub_0210;Metaalelektro;47060;Groep Stookinstallaties;176012;385145;P;10.0;;;;0.02;;;;0.001;541397.0;176012;385144;176012;385144
828;ER Reeks 1990-2022 Definitief;2022;204;Koolstofdioxide;T101702;SBI 20.5 (per bedrijf): Overige chemische producten;203785;Neste Oil Netherlands B.V.;20590;Vervaardiging van overige chemische producten n.e.g.;62613;442920;pub_0304;Chemische Industrie overig;44613;hot oil heater;62211;442793;P;15.0;;;;1.76;332.89;2.0;2.7;1.112;9586000.0;62211;442792;62613;442919
829;ER Reeks 1990-2022 Definitief;2022;204;Koolstofdioxide;T108500;SBI 35 (per bedrijf): Productie en distributie van elektriciteit en gas;204617;Centrale Rotterdam;35111;Productie van elektriciteit door thermische, kern- en warmtekrachtcentrales;64578;440415;pub_0503;Opwekking electriciteit;43812;Divers, overig, diffuus;64578;440415;P;5.0;;;;;;;;0.0;53240.0;64578;440414;64578;440414
830;ER Reeks 1990-2022 Definitief;2022;204;Koolstofdioxide;T100201;SBI 10-12 (per bedrijf): Voedings- & genotmiddelenindustrie;204763;KH Dairy Sourcing BV;10510;Vervaardiging van zuivelproducten (geen consumptie-ijs);253097;520062;pub_0216;Voedings- en genotmiddelenindustrie;45276;CV;253097;520062;P;2.0;;;;0.0;60.0;;10.0;0.616;8930.0;253097;520061;253097;520061
831;ER Reeks 1990-2022 Definitief;2022;204;Koolstofdioxide;T108502;SBI 35.12 (per bedrijf): Transportnet voor aardgas;101515;Gasunie (Spijk);35120;Beheer en exploitatie van transportnetten voor elektriciteit, aardgas en warm water;253587;603833;pub_0502;Olie- gaswinning land;42778;1-2 DLS-HVA16;253565;603867;P;14.0;;;;0.4;438.0;;3.21;1.765179;20901.0;253565;603866;253587;603832
832;ER Reeks 1990-2022 Definitief;2022;204;Koolstofdioxide;T108502;SBI 35.12 (per bedrijf): Transportnet voor aardgas;101515;Gasunie (Spijk);35120;Beheer en exploitatie van transportnetten voor elektriciteit, aardgas en warm water;253587;603833;pub_0502;Olie- gaswinning land;42779;1-3 DLS-HVA16;253574;603874;P;14.0;;;;0.4;430.0;;3.05;1.645475;95156.0;253574;603873;253587;603832
833;ER Reeks 1990-2022 Definitief;2022;204;Koolstofdioxide;T108502;SBI 35.12 (per bedrijf): Transportnet voor aardgas;101515;Gasunie (Spijk);35120;Beheer en exploitatie van transportnetten voor elektriciteit, aardgas en warm water;253587;603833;pub_0502;Olie- gaswinning land;42783;3-2 SOLAR;253523;603819;P;9.0;;;;0.95;354.0;;10.15;4.473105;109891.0;253523;603818;253587;603832
834;ER Reeks 1990-2022 Definitief;2022;204;Koolstofdioxide;T101100;SBI 20.1 (per bedrijf): Vervaardiging van chemische basisproducten;10079;Chemours Netherlands BV;20160;Vervaardiging van kunststof in primaire vorm;109500;425710;pub_0301;Chemische Industrie basisproducten;44627;TFE fornuis West FL20b;109630;425880;P;27.0;;;;0.64;;;;0.735;2496626.11958178;109630;425879;109500;425709
835;ER Reeks 1990-2022 Definitief;2022;204;Koolstofdioxide;T100201;SBI 10-12 (per bedrijf): Voedings- & genotmiddelenindustrie;10086;NV Nutricia Zoetermeer;10510;Vervaardiging van zuivelproducten (geen consumptie-ijs);93800;451400;pub_0216;Voedings- en genotmiddelenindustrie;35014;Divers, overig, diffuus;93800;451400;P;5.0;;;;0.0;;;;0.0;291000.0;93800;451399;93800;451399
836;ER Reeks 1990-2022 Definitief;2022;204;Koolstofdioxide;T102201;SBI 19.201 (per bedrijf): Aardolieraffinage;10057;Shell Nederland Raffinaderij BV;19201;Aardolieraffinage;82574;432924;pub_0401;Raffinage en verwerking;42205;GT-4;82565;433101;P;60.0;;;;2.14;127.0;18.0;38.67;5.71;412417475.0;82565;433100;82574;432923
837;ER Reeks 1990-2022 Definitief;2022;204;Koolstofdioxide;T102201;SBI 19.201 (per bedrijf): Aardolieraffinage;10057;Shell Nederland Raffinaderij BV;19201;Aardolieraffinage;82574;432924;pub_0401;Raffinage en verwerking;42208;HDS-1;82730;432500;P;60.0;;;;0.13;248.0;5.0;0.67;0.203;4327317.0;82730;432499;82574;432923
838;ER Reeks 1990-2022 Definitief;2022;204;Koolstofdioxide;T108500;SBI 35 (per bedrijf): Productie en distributie van elektriciteit en gas;204957;Eneco Solar, Bio & Hydro BV, WKC Ypenburg;35120;Beheer en exploitatie van transportnetten voor elektriciteit, aardgas en warm water;85471;452540;pub_0503;Opwekking electriciteit;45531;Ketel 1, 2, 3 schoorsteen;85455;452580;P;20.0;;;;0.28;123.0;26.0;7.2;1.026;1938638.0;85455;452579;85471;452539
839;ER Reeks 1990-2022 Definitief;2022;204;Koolstofdioxide;T108500;SBI 35 (per bedrijf): Productie en distributie van elektriciteit en gas;204957;Eneco Solar, Bio & Hydro BV, WKC Ypenburg;35120;Beheer en exploitatie van transportnetten voor elektriciteit, aardgas en warm water;85471;452540;pub_0503;Opwekking electriciteit;45535;WKK 3 schoorsteen;85455;452580;P;20.0;;;;0.28;110.0;9.0;2.4;0.302;6111492.0;85455;452579;85471;452539
840;ER Reeks 1990-2022 Definitief;2022;204;Koolstofdioxide;T108500;SBI 35 (per bedrijf): Productie en distributie van elektriciteit en gas;205186;Eneco Solar, Bio & Hydro / HWC Ypenburg;35120;Beheer en exploitatie van transportnetten voor elektriciteit, aardgas en warm water;84489;451037;pub_0503;Opwekking electriciteit;45822;Ketel2;84493;451045;P;15.0;;;;0.33;75.0;7.0;2.4;0.194;1788424.0;84493;451044;84489;451036
841;ER Reeks 1990-2022 Definitief;2022;204;Koolstofdioxide;T101702;SBI 20.5 (per bedrijf): Overige chemische producten;21101;Albemarle Catalysts Company B.V.;20590;Vervaardiging van overige chemische producten n.e.g.;124570;488620;pub_0304;Chemische Industrie overig;7558;KL-1501;124170;488853;P;26.0;;;;0.0;200.0;0.0;0.039;0.009;777000.0;124170;488852;124570;488619
842;ER Reeks 1990-2022 Definitief;2022;204;Koolstofdioxide;T100201;SBI 10-12 (per bedrijf): Voedings- & genotmiddelenindustrie;22626;Cargill BV (Multiseed);10410;Vervaardiging van plantaardige en dierlijke oliën en vetten (geen margarine en andere spijsvetten);112985;491728;pub_0216;Voedings- en genotmiddelenindustrie;36428;WKK;112900;491800;P;17.0;;;;1.38;;;;0.401;23863350.0;112900;491799;112985;491727
843;ER Reeks 1990-2022 Definitief;2022;204;Koolstofdioxide;T100300;SBI 13/14 (per bedrijf): Vervaardiging van textiel en kleding;44162;Vlisco Helmond BV;13300;Textielveredeling;173650;387400;pub_0215;Textiel- en tapijtindustrie;36334;Divers, overig, diffuus;173650;387400;P;5.0;;;;0.0;;;;0.0;1666908.0;173650;387399;173650;387399
844;ER Reeks 1990-2022 Definitief;2022;204;Koolstofdioxide;T100300;SBI 13/14 (per bedrijf): Vervaardiging van textiel en kleding;44162;Vlisco Helmond BV;13300;Textielveredeling;173650;387400;pub_0215;Textiel- en tapijtindustrie;36338;Drogen| G2-machine;173650;387400;P;26.0;;;;0.0;65.0;;4.2;0.273;274250.0;173650;387399;173650;387399
845;ER Reeks 1990-2022 Definitief;2022;204;Koolstofdioxide;T100300;SBI 13/14 (per bedrijf): Vervaardiging van textiel en kleding;44162;Vlisco Helmond BV;13300;Textielveredeling;173650;387400;pub_0215;Textiel- en tapijtindustrie;36343;Drogen| zweefdroger 2;173650;387400;P;12.0;;;;0.0;100.0;;2.8;0.3094;65544.0;173650;387399;173650;387399
846;ER Reeks 1990-2022 Definitief;2022;204;Koolstofdioxide;T100600;SBI 17 (per bedrijf): Vervaardiging van papier, karton en papier- en kartonwaren;84808;Smurfit Kappa Solid Board Coevorden;17121;Vervaardiging van grafisch papier en karton;246400;519750;pub_0211;Papier(waren);34782;Divers, overig, diffuus;246400;519750;P;5.0;;;;0.0;;;;0.0;53500.0;246400;519749;246400;519749
847;ER Reeks 1990-2022 Definitief;2022;204;Koolstofdioxide;T106100;SBI 22.2 (per bedrijf): Vervaardiging van producten van kunststof;24605;Forbo Flooring BV;22230;Vervaardiging van kunststofproducten voor de bouw;112868;500232;pub_0213;Rubber- en kunstofverw. Industrie;42912;linoleumproductieproces incl. naverbranders;113042;500477;P;15.0;;;;0.4;;;;3.0;455214.16;113042;500476;112868;500231
848;ER Reeks 1990-2022 Definitief;2022;204;Koolstofdioxide;T106100;SBI 22.2 (per bedrijf): Vervaardiging van producten van kunststof;24605;Forbo Flooring BV;22230;Vervaardiging van kunststofproducten voor de bouw;112868;500232;pub_0213;Rubber- en kunstofverw. Industrie;45662;ep  E5-2-2;113126;500748;P;24.0;;;;0.32;26.0;10.0;3.1;0.056;39583.84;113126;500747;112868;500231
849;ER Reeks 1990-2022 Definitief;2022;204;Koolstofdioxide;T106100;SBI 22.2 (per bedrijf): Vervaardiging van producten van kunststof;24605;Forbo Flooring BV;22230;Vervaardiging van kunststofproducten voor de bouw;112868;500232;pub_0213;Rubber- en kunstofverw. Industrie;45664;ep  G5-2-3;113044;500541;P;15.0;;;;0.5;251.0;6.0;2.8;0.859;19791.92;113044;500540;112868;500231
850;ER Reeks 1990-2022 Definitief;2022;204;Koolstofdioxide;T102201;SBI 19.201 (per bedrijf): Aardolieraffinage;10061;Esso Nederland BV (Raffinaderij Rotterdam);19201;Aardolieraffinage;79871;432082;pub_0401;Raffinage en verwerking;45594;VPS en FXK fornuizen (F6401,F6150);79566;432144;P;125.0;;;;3.941;;;;4.299;172984923.0;79566;432143;79871;432081
851;ER Reeks 1990-2022 Definitief;2022;204;Koolstofdioxide;T101100;SBI 20.1 (per bedrijf): Vervaardiging van chemische basisproducten;10689;Air Products Nederland BV (Botlek);20110;Vervaardiging van industriële gassen;77340;432870;pub_0301;Chemische Industrie basisproducten;42286;Ketel A;77300;432850;P;30.0;;;;3.14;;;;2.71;20765417.0;77300;432849;77340;432869
852;ER Reeks 1990-2022 Definitief;2022;204;Koolstofdioxide;T101100;SBI 20.1 (per bedrijf): Vervaardiging van chemische basisproducten;10689;Air Products Nederland BV (Botlek);20110;Vervaardiging van industriële gassen;77340;432870;pub_0301;Chemische Industrie basisproducten;42287;LM2500/D&Eketel;77300;432820;P;30.0;;;;2.54;;;;12.6;86167427.0;77300;432819;77340;432869
853;ER Reeks 1990-2022 Definitief;2022;204;Koolstofdioxide;T101100;SBI 20.1 (per bedrijf): Vervaardiging van chemische basisproducten;10698;Croda;20149;Vervaardiging van organische basischemicaliën (geen petrochemische producten);108400;446500;pub_0301;Chemische Industrie basisproducten;38702;790 HTO-oven;108439;446651;P;22.0;;;;0.05;302.0;2.0;0.096;0.036;201119.0;108439;446650;108400;446499
854;ER Reeks 1990-2022 Definitief;2022;204;Koolstofdioxide;T101100;SBI 20.1 (per bedrijf): Vervaardiging van chemische basisproducten;10698;Croda;20149;Vervaardiging van organische basischemicaliën (geen petrochemische producten);108400;446500;pub_0301;Chemische Industrie basisproducten;38705;Back-up ketel 28 (K28);108572;446561;P;20.0;;;;0.575;312.0;3.0;1.5;0.578;57932.6430407175;108572;446560;108400;446499
855;ER Reeks 1990-2022 Definitief;2022;204;Koolstofdioxide;T102601;SBI 20.149 (per bedrijf): Basischemie organisch (geen petrochemische producten);10698;Croda;20149;Vervaardiging van organische basischemicaliën (geen petrochemische producten);108400;446500;pub_0301;Chemische Industrie basisproducten;45963;AWZI;108404;446410;O;1.0;299.0;230.0;45.0;3927.0;20.0;0.0;5.55;0.057;1362978.0;108404;446409;108400;446499
856;ER Reeks 1990-2022 Definitief;2022;204;Koolstofdioxide;T100201;SBI 10-12 (per bedrijf): Voedings- & genotmiddelenindustrie;22201;Olam Cocoa BV;10821;Verwerking van cacao;115668;498195;pub_0216;Voedings- en genotmiddelenindustrie;37338;schoorsteen BMW;115590;498210;P;60.0;;;;2.0;102.0;7.0;13.387;1.547;5497975.2;115590;498209;115668;498194
857;ER Reeks 1990-2022 Definitief;2022;204;Koolstofdioxide;T100201;SBI 10-12 (per bedrijf): Voedings- & genotmiddelenindustrie;22602;Tate & Lyle Netherlands BV;10620;Vervaardiging van zetmeel en zetmeelproducten;115900;497600;pub_0216;Voedings- en genotmiddelenindustrie;42978;Overige Proces Emissies;116000;497700;P;30.0;;;;0.0;30.0;;20.8;0.481;6010334.0;116000;497699;115900;497599
858;ER Reeks 1990-2022 Definitief;2022;204;Koolstofdioxide;T100600;SBI 17 (per bedrijf): Vervaardiging van papier, karton en papier- en kartonwaren;94301;Huhtamaki Nederland BV;17290;Vervaardiging van overige papier- en kartonwaren;165330;577300;pub_0211;Papier(waren);40779;M63;165411;577391;P;8.0;;;;0.0;;;;0.9;799864.1;165411;577390;165330;577299
859;ER Reeks 1990-2022 Definitief;2022;204;Koolstofdioxide;T100600;SBI 17 (per bedrijf): Vervaardiging van papier, karton en papier- en kartonwaren;94301;Huhtamaki Nederland BV;17290;Vervaardiging van overige papier- en kartonwaren;165330;577300;pub_0211;Papier(waren);40780;M8;165390;577299;P;9.0;;;;0.0;;;;3.5;3002007.75;165390;577298;165330;577299
860;ER Reeks 1990-2022 Definitief;2022;204;Koolstofdioxide;T100600;SBI 17 (per bedrijf): Vervaardiging van papier, karton en papier- en kartonwaren;94301;Huhtamaki Nederland BV;17290;Vervaardiging van overige papier- en kartonwaren;165330;577300;pub_0211;Papier(waren);40781;M9;165404;577350;P;9.0;;;;0.0;;;;1.7;1287067.79;165404;577349;165330;577299
861;ER Reeks 1990-2022 Definitief;2022;204;Koolstofdioxide;T101100;SBI 20.1 (per bedrijf): Vervaardiging van chemische basisproducten;94706;BASF Nederland B.V. (Nijehaske);20160;Vervaardiging van kunststof in primaire vorm;188750;553750;pub_0301;Chemische Industrie basisproducten;40750;Boilers;188725;553824;P;12.0;;;;0.8;225.0;430.0;344.0;0.05;690000.0;188725;553823;188750;553749
862;ER Reeks 1990-2022 Definitief;2022;204;Koolstofdioxide;T102102;SBI 23 (per bedrijf): Bouwmaterialen- en glasindustrie;10723;O-I Manufacturing Netherlands BV (Leerdam);23130;Vervaardiging van holglas;134256;433341;pub_0203;Bouwmaterialenindustrie;35131;SCHOORSTEEN GLASOVEN L 8;134240;433300;P;45.0;;;;0.0;;;;1.0;17216887.242;134240;433299;134256;433340
863;ER Reeks 1990-2022 Definitief;2022;204;Koolstofdioxide;T100201;SBI 10-12 (per bedrijf): Voedings- & genotmiddelenindustrie;10728;Cargill B.V.;10410;Vervaardiging van plantaardige en dierlijke oliën en vetten (geen margarine en andere spijsvetten);78989;433152;pub_0216;Voedings- en genotmiddelenindustrie;42524;Schoorsteen stoomketel F-111;78001;434125;P;10.0;;;;0.34;;;;4.65;428800.0;78001;434124;78989;433151
864;ER Reeks 1990-2022 Definitief;2022;204;Koolstofdioxide;T100201;SBI 10-12 (per bedrijf): Voedings- & genotmiddelenindustrie;10728;Cargill B.V.;10410;Vervaardiging van plantaardige en dierlijke oliën en vetten (geen margarine en andere spijsvetten);78989;433152;pub_0216;Voedings- en genotmiddelenindustrie;42531;Schoorsteen stoomketel F-550;78989;433152;P;14.0;;;;0.11;;;;0.998;524909.0;78989;433151;78989;433151
865;ER Reeks 1990-2022 Definitief;2022;204;Koolstofdioxide;T100201;SBI 10-12 (per bedrijf): Voedings- & genotmiddelenindustrie;102302;Suiker Unie Vierverlaten;10810;Vervaardiging van suiker;229011;581366;pub_0216;Voedings- en genotmiddelenindustrie;42853;Lamont en Storkketel;229000;581420;P;30.0;;;;0.0;150.0;9.0;12.7;2.25;54059488.0;229000;581419;229011;581365
866;ER Reeks 1990-2022 Definitief;2022;204;Koolstofdioxide;T104702;SBI 24.45 (per bedrijf) Vervaardiging van overige non-ferrometalen, aluminium;103009;KBM Master Alloys BV (Delfzijl);24420;Vervaardiging van aluminium;260800;592000;pub_0201;Basismetaal;42507;Schoorsteen afzuiging 3;260800;592000;P;14.0;;;;0.72;25.0;10.0;6.94;0.116;2650558.05;260800;591999;260800;591999
867;ER Reeks 1990-2022 Definitief;2022;204;Koolstofdioxide;T108500;SBI 35 (per bedrijf): Productie en distributie van elektriciteit en gas;104001;ENGIE Energie Nederland NV (Eemscentrale);35111;Productie van elektriciteit door thermische, kern- en warmtekrachtcentrales;254265;606627;pub_0503;Opwekking electriciteit;42519;Hulpketels 10 en 20;254265;606627;O;53.0;1.0;1.0;;0.23;206.0;70.0;16.0;3.985;2816688.0;254265;606626;254265;606626
868;ER Reeks 1990-2022 Definitief;2022;204;Koolstofdioxide;T101100;SBI 20.1 (per bedrijf): Vervaardiging van chemische basisproducten;104003;Delesto BV;20130;Vervaardiging van overige anorganische basischemicaliën;259432;593623;pub_0301;Chemische Industrie basisproducten;42906;Schoorsteen 2200;259500;593680;P;40.0;;;;16.0;90.0;7.0;115.0;11.517;104845761.0;259500;593679;259432;593622
869;ER Reeks 1990-2022 Definitief;2022;204;Koolstofdioxide;T101100;SBI 20.1 (per bedrijf): Vervaardiging van chemische basisproducten;104003;Delesto BV;20130;Vervaardiging van overige anorganische basischemicaliën;259432;593623;pub_0301;Chemische Industrie basisproducten;42907;Schoorsteen 2300;259500;593680;P;40.0;;;;16.0;90.0;7.0;105.0;10.516;223732304.0;259500;593679;259432;593622
870;ER Reeks 1990-2022 Definitief;2022;204;Koolstofdioxide;T100600;SBI 17 (per bedrijf): Vervaardiging van papier, karton en papier- en kartonwaren;104305;ESKA Graphic Board BV (Sappemeer);17122;Vervaardiging van papier en karton voor verpakking;249900;575960;pub_0211;Papier(waren);42492;Divers, overig, diffuus;249900;575960;P;5.0;;;;0.0;;;;0.0;1776059.383188801;249900;575959;249900;575959
871;ER Reeks 1990-2022 Definitief;2022;204;Koolstofdioxide;T100600;SBI 17 (per bedrijf): Vervaardiging van papier, karton en papier- en kartonwaren;104305;ESKA Graphic Board BV (Sappemeer);17122;Vervaardiging van papier en karton voor verpakking;249900;575960;pub_0211;Papier(waren);42494;Schoorsteen Ketel 4;249880;576060;P;25.0;;;;2.0;110.0;5.0;9.5;1.195;21475986.0;249880;576059;249900;575959
872;ER Reeks 1990-2022 Definitief;2022;204;Koolstofdioxide;T104201;SBI 38.2 (per bedrijf): Afvalinzameling/beh, AVI's;28091;HVC (Alkmaar);38210;Behandeling van onschadelijk afval;112698;513765;pub_0901;AVI's;42990;BEC;112698;513765;P;80.0;;;;2.69;80.0;14.0;37.23;3.251;228265000.0;112698;513764;112698;513764
873;ER Reeks 1990-2022 Definitief;2022;204;Koolstofdioxide;T108500;SBI 35 (per bedrijf): Productie en distributie van elektriciteit en gas;28176;Nuon Power IJmond 1;35111;Productie van elektriciteit door thermische, kern- en warmtekrachtcentrales;101894;498859;pub_0503;Opwekking electriciteit;43338;IJmond 01;101900;498870;P;68.0;;;;28.0;122.0;15.0;414.0;58.473;1535183216.0;101900;498869;101894;498858
874;ER Reeks 1990-2022 Definitief;2022;204;Koolstofdioxide;T106200;SBI 25 (per bedrijf): Metaalproductenindustrie (exclusief machinebouw);3062;Verzinkerij van Aert BV;25610;Oppervlaktebehandeling en bekleding van metaal;180687;367964;pub_0210;Metaalelektro;40790;Divers, overig, diffuus;180687;367964;P;5.0;;;;;;;;0.0;1176000.0;180687;367963;180687;367963
875;ER Reeks 1990-2022 Definitief;2022;204;Koolstofdioxide;T104300;SBI 23.32 (per bedrijf): Vervaardiging van bakstenen en dakpannen;4711;Wienerberger Steenfabriek Thorn;23320;Vervaardiging van keramische producten voor de bouw (geen tegels en plavuizen);188170;352040;pub_0203;Bouwmaterialenindustrie;44228;Standaard steenbakkerij;188170;352040;P;30.0;;;;0.0;;;;1.0;2515165.8374;188170;352039;188170;352039
876;ER Reeks 1990-2022 Definitief;2022;204;Koolstofdioxide;T102102;SBI 23 (per bedrijf): Bouwmaterialen- en glasindustrie;4753;Rockwool B.V.;23990;Vervaardiging van niet-metaalhoudende minerale producten (geen schuur-, slijp- en polijstmiddelen);200915;353671;pub_0203;Bouwmaterialenindustrie;35002;Lijn 2 bouwproducten en halffabrikaat pijpschalen;200850;353730;P;50.0;;;;0.5;195.0;10.0;4.87;1.144;23332500.378961;200850;353729;200915;353670
877;ER Reeks 1990-2022 Definitief;2022;204;Koolstofdioxide;T101100;SBI 20.1 (per bedrijf): Vervaardiging van chemische basisproducten;48002;Unipol Holland BV;20160;Vervaardiging van kunststof in primaire vorm;166312;421568;pub_0301;Chemische Industrie basisproducten;37471;verbranden van KWS;166376;421578;P;10.0;;;;2.0;58.8;7.0;13.056;0.785;1032269.0;166376;421577;166312;421567
878;ER Reeks 1990-2022 Definitief;2022;204;Koolstofdioxide;T103600;SBI 20.59 (per bedrijf): Vervaardiging van overige chemische producten n.e.g.;48018;FUJIFILM Manufacturing Europe BV;20590;Vervaardiging van overige chemische producten n.e.g.;129000;401000;pub_0304;Chemische Industrie overig;46755;Productie van membranen M-P1;129119;400823;P;10.0;;;;0.4;239.9;11.0;4.44;1.299;6.0;129119;400822;129000;400999
879;ER Reeks 1990-2022 Definitief;2022;204;Koolstofdioxide;T102102;SBI 23 (per bedrijf): Bouwmaterialen- en glasindustrie;44772;Ardagh Glass Dongen BV;23130;Vervaardiging van holglas;127823;402831;pub_0203;Bouwmaterialenindustrie;41725;Schoorsteen glasoven 14/15;127900;402880;P;50.0;;;;2.0;270.0;4.0;8.3;2.75;38174402.0;127900;402879;127823;402830
880;ER Reeks 1990-2022 Definitief;2022;204;Koolstofdioxide;T102102;SBI 23 (per bedrijf): Bouwmaterialen- en glasindustrie;44773;Saint Gobain Construction Products;23140;Vervaardiging van glasvezels;100624;397751;pub_0203;Bouwmaterialenindustrie;37441;Stoomoververhitters;100700;397760;P;13.0;;;;0.1;12.0;2.0;0.21;0.0;862047.0;100700;397759;100624;397750
881;ER Reeks 1990-2022 Definitief;2022;204;Koolstofdioxide;T100201;SBI 10-12 (per bedrijf): Voedings- & genotmiddelenindustrie;92012;FrieslandCampina (Leeuwarden);10510;Vervaardiging van zuivelproducten (geen consumptie-ijs);183850;579150;pub_0216;Voedings- en genotmiddelenindustrie;35952;Divers, overig, diffuus;183850;579150;P;5.0;;;;0.0;;;;0.0;2946077.0;183850;579149;183850;579149
882;ER Reeks 1990-2022 Definitief;2022;204;Koolstofdioxide;T100201;SBI 10-12 (per bedrijf): Voedings- & genotmiddelenindustrie;92012;FrieslandCampina (Leeuwarden);10510;Vervaardiging van zuivelproducten (geen consumptie-ijs);183850;579150;pub_0216;Voedings- en genotmiddelenindustrie;35955;Ketel 9;183850;579150;P;70.0;;;;0.0;;;;0.1;4000000.0;183850;579149;183850;579149
883;ER Reeks 1990-2022 Definitief;2022;204;Koolstofdioxide;T100201;SBI 10-12 (per bedrijf): Voedings- & genotmiddelenindustrie;92030;FrieslandCampina Workum;10510;Vervaardiging van zuivelproducten (geen consumptie-ijs);159600;554080;pub_0216;Voedings- en genotmiddelenindustrie;35502;Ketel 2;159600;554080;P;20.0;;;;0.0;;;;15.67;12613665.0;159600;554079;159600;554079
884;ER Reeks 1990-2022 Definitief;2022;204;Koolstofdioxide;T107000;SBI 38.3 (per bedrijf): Voorbereiding tot recycling;92615;Sonac Burgum BV;38320;Gesorteerd materiaal voorbereiden tot recycling;195412;577315;pub_0904;Overige afvalbedrijven;42370;Divers, overig, diffuus;195412;577315;P;5.0;;;;0.0;;;;0.0;1240783.0;195412;577314;195412;577314
885;ER Reeks 1990-2022 Definitief;2022;204;Koolstofdioxide;T100600;SBI 17 (per bedrijf): Vervaardiging van papier, karton en papier- en kartonwaren;104307;Solidus Solutions (Bad Nieuweschans);17121;Vervaardiging van grafisch papier en karton;276380;578810;pub_0211;Papier(waren);42739;Divers, overig, diffuus;276380;578810;P;5.0;;;;0.0;;;;0.0;68768.5;276380;578809;276380;578809
886;ER Reeks 1990-2022 Definitief;2022;204;Koolstofdioxide;T102100;SBI 17.1 (per bedrijf): Vervaardiging van papierpulp, papier en karton;104307;Solidus Solutions (Bad Nieuweschans);17121;Vervaardiging van grafisch papier en karton;276380;578810;pub_0211;Papier(waren);42743;Schoorsteen stoomketel 1;276340;578689;P;15.0;;;;1.0;;;;0.1;938700.0;276340;578688;276380;578809
887;ER Reeks 1990-2022 Definitief;2022;204;Koolstofdioxide;T106100;SBI 22.2 (per bedrijf): Vervaardiging van producten van kunststof;104611;Schur Flexible Benelux BV;22220;Vervaardiging van verpakkingsmiddelen van kunststof;222100;575550;pub_0213;Rubber- en kunstofverw. Industrie;46829;Gasbrander thermische olieketel Zernikelaan;220931;577639;P;12.0;;;;0.091;;;;0.8;287580.0;220931;577638;222100;575549
888;ER Reeks 1990-2022 Definitief;2022;204;Koolstofdioxide;T101100;SBI 20.1 (per bedrijf): Vervaardiging van chemische basisproducten;104710;ESD-SIC BV;20130;Vervaardiging van overige anorganische basischemicaliën;260222;591232;pub_0301;Chemische Industrie basisproducten;42640;Drogen van siliciumcarbide;260250;591280;P;20.0;;;;0.2;;;;0.0;190237.0;260250;591279;260222;591231
889;ER Reeks 1990-2022 Definitief;2022;204;Koolstofdioxide;T102800;SBI 20.16 (per bedrijf): Vervaardiging van kunststof in primaire vorm;105001;Dynea;20160;Vervaardiging van kunststof in primaire vorm;260126;593401;pub_0301;Chemische Industrie basisproducten;42890;Divers, overig, diffuus;260126;593401;P;5.0;;;;0.0;;;;0.0;5613700.31;260126;593400;260126;593400
890;ER Reeks 1990-2022 Definitief;2022;204;Koolstofdioxide;T103700;SBI 20.6 (per bedrijf): Vervaardiging van synthetische en kunstmatige vezels;105004;Teijin Aramid BV;20600;Vervaardiging van synthetische en kunstmatige vezels;258810;593450;pub_0304;Chemische Industrie overig;35149;Gas gestookt fornuis AF-8201A = L31;259770;593520;P;25.0;;;;0.0;;;;0.64;3154376.48048315;259770;593519;258810;593449
891;ER Reeks 1990-2022 Definitief;2022;204;Koolstofdioxide;T102500;SBI 20.13 (per bedrijf): Basischemie anorganisch;105016;Nobian Chemicals BV (Chemie Park Delfzijl);20130;Vervaardiging van overige anorganische basischemicaliën;259000;593700;pub_0301;Chemische Industrie basisproducten;42715;MCA C-4111;259000;593700;P;13.0;;;;0.02;19.0;1.0;0.022;0.0;11354.0;259000;593699;259000;593699
892;ER Reeks 1990-2022 Definitief;2022;204;Koolstofdioxide;T100600;SBI 17 (per bedrijf): Vervaardiging van papier, karton en papier- en kartonwaren;48024;SCA Tissue Nederland BV;17220;Vervaardiging van huishoudelijke en sanitaire papierwaren;187500;418200;pub_0211;Papier(waren);39455;Gaskap PM 4;187440;418260;P;10.0;;;;0.41;162.0;9.0;3.709;0.714;1832554.412;187440;418259;187500;418199
893;ER Reeks 1990-2022 Definitief;2022;204;Koolstofdioxide;T104702;SBI 24.45 (per bedrijf) Vervaardiging van overige non-ferrometalen, aluminium;48051;KBM Master Alloys BV (Oss);24420;Vervaardiging van aluminium;166180;421650;pub_0201;Basismetaal;42950;Schoorsteen insmeltoven;166180;421650;P;13.0;;;;0.3;20.0;0.0;0.01;6.5e-05;109630.0;166180;421649;166180;421649
894;ER Reeks 1990-2022 Definitief;2022;204;Koolstofdioxide;T106200;SBI 25 (per bedrijf): Metaalproductenindustrie (exclusief machinebouw);43210;AHC Benelux B.V.;25610;Oppervlaktebehandeling en bekleding van metaal;158280;382800;pub_0210;Metaalelektro;46778;LT-ketel 5;158280;382800;P;5.0;;;;0.008;;;;0.001;44677.32;158280;382799;158280;382799
895;ER Reeks 1990-2022 Definitief;2022;204;Koolstofdioxide;T106200;SBI 25 (per bedrijf): Metaalproductenindustrie (exclusief machinebouw);43210;AHC Benelux B.V.;25610;Oppervlaktebehandeling en bekleding van metaal;158280;382800;pub_0210;Metaalelektro;46779;Lucht inblaas verwarmer Concord 1;158280;382800;P;0.0;;;;1.69;;;;0.001;67015.98;158280;382799;158280;382799
896;ER Reeks 1990-2022 Definitief;2022;204;Koolstofdioxide;T106600;SBI 29 (per bedrijf): Auto-industrie;113;VDL Nedcar BV;29100;Vervaardiging van auto's;186200;339300;pub_0210;Metaalelektro;36247;Energy Centre ketels;186242;339219;P;18.0;;;;1.0;165.0;2.0;1.638;0.322;4925745.51990632;186242;339218;186200;339299
897;ER Reeks 1990-2022 Definitief;2022;204;Koolstofdioxide;T107600;SBI 01 (per bedrijf): Landbouw, jacht en dienstverlening voor de landbouw en jacht;115072;Seasun BV;1132;Teelt van groenten onder glas;55135;386645;pub_0105;Landbouwbedrijven;36709;WKK Ketels;55135;386645;P;7.0;;;;0.39;32.0;1710.0;667.0;17.128;672589.0;55135;386644;55135;386644
898;ER Reeks 1990-2022 Definitief;2022;204;Koolstofdioxide;T106100;SBI 22.2 (per bedrijf): Vervaardiging van producten van kunststof;115090;AFP Holland BV;22210;Vervaardiging van platen, folie, buizen en profielen van kunststof;192784;467112;pub_0213;Rubber- en kunstofverw. Industrie;41812;naverbrander;192784;467112;P;14.0;;;;0.28;133.0;8.0;2.3;0.357;274986.042075;192784;467111;192784;467111
899;ER Reeks 1990-2022 Definitief;2022;204;Koolstofdioxide;T108500;SBI 35 (per bedrijf): Productie en distributie van elektriciteit en gas;115181;Rijnmond Energie;35111;Productie van elektriciteit door thermische, kern- en warmtekrachtcentrales;83725;434099;pub_0503;Opwekking electriciteit;38372;Combustion Turbine Generator 11A + Ketel A;83882;434025;P;65.0;;;;28.0;102.0;16.0;446.0;51.539;184000000.0;83882;434024;83725;434098
900;ER Reeks 1990-2022 Definitief;2022;204;Koolstofdioxide;T108500;SBI 35 (per bedrijf): Productie en distributie van elektriciteit en gas;115181;Rijnmond Energie;35111;Productie van elektriciteit door thermische, kern- en warmtekrachtcentrales;83725;434099;pub_0503;Opwekking electriciteit;38373;Combustion Turbine Generator 11B + Ketel B;83908;434056;P;65.0;;;;28.0;103.0;16.0;461.0;53.865;191197000.0;83908;434055;83725;434098
901;ER Reeks 1990-2022 Definitief;2022;204;Koolstofdioxide;T106200;SBI 25 (per bedrijf): Metaalproductenindustrie (exclusief machinebouw);43216;SPGPrints;25990;Vervaardiging van overige producten van metaal n.e.g.;193450;405750;pub_0210;Metaalelektro;42135;Divers, overig, diffuus;193450;405750;P;5.0;;;;;;;;0.0;2502388.0;193450;405749;193450;405749
902;ER Reeks 1990-2022 Definitief;2022;204;Koolstofdioxide;T106600;SBI 29 (per bedrijf): Auto-industrie;43403;DAF Trucks N.V.;29100;Vervaardiging van auto's;164080;382500;pub_0210;Metaalelektro;44631;Harderij;164081;382433;P;13.0;;;;0.2;550.0;2.0;0.34;0.235;1834590.0;164081;382432;164080;382499
903;ER Reeks 1990-2022 Definitief;2022;204;Koolstofdioxide;T100600;SBI 17 (per bedrijf): Vervaardiging van papier, karton en papier- en kartonwaren;60;Sappi Maastricht BV;17121;Vervaardiging van grafisch papier en karton;176620;318700;pub_0211;Papier(waren);41894;Divers, overig, diffuus;176620;318700;P;5.0;;;;0.0;;;;0.0;7880000.0;176620;318699;176620;318699
904;ER Reeks 1990-2022 Definitief;2022;204;Koolstofdioxide;T103000;SBI 20.3 (per bedrijf): Vervaardiging van verf, lak, vernis, inkt en mastiek;61213;PPG Coatings;20300;Vervaardiging van verf, vernis e.d., drukinkt en mastiek;156750;432750;pub_0304;Chemische Industrie overig;38995;CV-ketel 1 (gebouw 60);156750;432750;P;7.0;;;;0.49;130.0;0.0;0.02417;0.004;315409.0;156750;432749;156750;432749
905;ER Reeks 1990-2022 Definitief;2022;204;Koolstofdioxide;T100201;SBI 10-12 (per bedrijf): Voedings- & genotmiddelenindustrie;61411;Sonac Vuren BV;10410;Vervaardiging van plantaardige en dierlijke oliën en vetten (geen margarine en andere spijsvetten);134570;427150;pub_0216;Voedings- en genotmiddelenindustrie;37393;Calcineeroven;134570;427150;P;13.0;;;;0.0;80.0;;3.3;0.288;10262107.0;134570;427149;134570;427149
906;ER Reeks 1990-2022 Definitief;2022;204;Koolstofdioxide;T101100;SBI 20.1 (per bedrijf): Vervaardiging van chemische basisproducten;61418;SACHEM Europe BV;20149;Vervaardiging van organische basischemicaliën (geen petrochemische producten);146450;423280;pub_0301;Chemische Industrie basisproducten;36443;Stoomketels;146460;423280;P;6.0;;;;0.25;;;;0.25;3340969.0;146460;423279;146450;423279
907;ER Reeks 1990-2022 Definitief;2022;204;Koolstofdioxide;T104201;SBI 38.2 (per bedrijf): Afvalinzameling/beh, AVI's;75305;Twence BV Boeldershoek;38210;Behandeling van onschadelijk afval;250428;472719;pub_0901;AVI's;45530;Schoorsteen NSA lijn-3;250522;472748;P;40.0;;;;0.05;200.0;36.0;1.8;0.435;5670.0;250522;472747;250428;472718
908;ER Reeks 1990-2022 Definitief;2022;204;Koolstofdioxide;T108400;SBI 30.1 (per bedrijf): Scheepsbouw;53129;Damen Schelde Naval Shipbuilding B.V. en Scheldepoort B.V;30110;Bouw van schepen en drijvend materieel (geen sport- en recreatievaartuigen);35794;387217;pub_0210;Metaalelektro;56880;Energieopwekking;35899;387100;P;4.0;;;;0.0;;;;0.4;423000.0;35899;387099;35794;387216
909;ER Reeks 1990-2022 Definitief;2022;204;Koolstofdioxide;T102100;SBI 17.1 (per bedrijf): Vervaardiging van papierpulp, papier en karton;66248;Loparex BV;17129;Vervaardiging van papier en karton (geen grafisch en niet voor verpakking);193050;467151;pub_0211;Papier(waren);56780;Naverbrander EX8;193136;467354;P;17.0;;;;0.283;100.0;6.0;1.6;0.181;621.76625;193136;467353;193050;467150
910;ER Reeks 1990-2022 Definitief;2022;204;Koolstofdioxide;T100600;SBI 17 (per bedrijf): Vervaardiging van papier, karton en papier- en kartonwaren;66248;Loparex BV;17129;Vervaardiging van papier en karton (geen grafisch en niet voor verpakking);193050;467151;pub_0211;Papier(waren);56780;Naverbrander EX8;193136;467354;P;17.0;;;;0.283;100.0;6.0;1.6;0.181;268.23375;193136;467353;193050;467150
911;ER Reeks 1990-2022 Definitief;2022;204;Koolstofdioxide;T102100;SBI 17.1 (per bedrijf): Vervaardiging van papierpulp, papier en karton;104307;Solidus Solutions (Bad Nieuweschans);17121;Vervaardiging van grafisch papier en karton;276380;578810;pub_0211;Papier(waren);56840;fakkel AWZI 2021;276221;578664;P;6.0;;;;0.5;;;;0.007;104300.0;276221;578663;276380;578809
912;ER Reeks 1990-2022 Definitief;2022;204;Koolstofdioxide;T151100;SBI 46/47 (per bedrijf): Detail- en groothandel;200152;J.A. ter Maten Pluimveebedrijf BV;46320;Groothandel in vlees en vleesproducten en in wild en gevogelte (niet levend);153720;471364;pub_1201;Energiegebruik en processen Handel, Diensten en Overheid (HDO);56234;Schoorsteen 3 CV ketels;153717;471383;P;12.0;;;;0.02;180.0;3.0;0.06;0.0;215000.0;153717;471382;153720;471363
913;ER Reeks 1990-2022 Definitief;2022;204;Koolstofdioxide;T101702;SBI 20.5 (per bedrijf): Overige chemische producten;205493;Euro Support Advanced Materials B.V.;20590;Vervaardiging van overige chemische producten n.e.g.;172961;407060;pub_0304;Chemische Industrie overig;56961;Stoomgenerator 1;173350;406969;P;14.0;;;;0.047;151.0;1.0;0.05;0.009;55153.0;173350;406968;172961;407059
914;ER Reeks 1990-2022 Definitief;2022;204;Koolstofdioxide;T151100;SBI 46/47 (per bedrijf): Detail- en groothandel;205661;Woodvision B.V.;46731;Groothandel in hout en plaatmateriaal;188580;509257;pub_1201;Energiegebruik en processen Handel, Diensten en Overheid (HDO);57091;Schoorsteen cv kantoor beneden;188608;509292;P;2.0;;;;0.1;;;;0.003;12360.0;188608;509291;188580;509256
915;ER Reeks 1990-2022 Definitief;2022;204;Koolstofdioxide;T102102;SBI 23 (per bedrijf): Bouwmaterialen- en glasindustrie;59;Koninklijke Mosa BV Wandtegelfabriek;23310;Vervaardiging van keramische tegels en plavuizen;177450;318650;pub_0203;Bouwmaterialenindustrie;55789;SBOB1 (RG);177429;318639;P;12.0;;;;0.5;;;;0.0;3013985.0;177429;318638;177450;318649
916;ER Reeks 1990-2022 Definitief;2022;204;Koolstofdioxide;T100201;SBI 10-12 (per bedrijf): Voedings- & genotmiddelenindustrie;42310;Suiker Unie (Dinteloord);10810;Vervaardiging van suiker;89012;403688;pub_0216;Voedings- en genotmiddelenindustrie;34985;Schoorsteen kalkoven;88950;403788;P;65.0;;;;0.3;31.0;4.0;1.18;0.029;15050000.0;88950;403787;89012;403687
917;ER Reeks 1990-2022 Definitief;2022;204;Koolstofdioxide;T102700;SBI 20.15 (per bedrijf): Vervaardiging van kunstmeststoffen en stikstofverbindingen;51105;YARA Sluiskil BV;20150;Vervaardiging van kunstmeststoffen en stikstofverbindingen;47750;366500;pub_0303;Chemische Industrie kunstmeststoffen;39683;H 301;47970;366444;P;33.0;;;;5.0;170.0;5.0;24.31;4.932;147173172.0;47970;366443;47750;366499
918;ER Reeks 1990-2022 Definitief;2022;204;Koolstofdioxide;T151100;SBI 46/47 (per bedrijf): Detail- en groothandel;51107;ARKEMA Vlissingen BV;46751;Groothandel in chemische grondstoffen en chemicaliën voor industriële toepassing;37013;386172;pub_1201;Energiegebruik en processen Handel, Diensten en Overheid (HDO);38607;Schoorsteen overig;36890;385500;P;30.0;;;;1.33;51.0;42857.0;57000.0;0.741;652458.9264;36890;385499;37013;386171
919;ER Reeks 1990-2022 Definitief;2022;204;Koolstofdioxide;T101100;SBI 20.1 (per bedrijf): Vervaardiging van chemische basisproducten;65;PQ Silicas BV (Eijsden);20130;Vervaardiging van overige anorganische basischemicaliën;177992;308935;pub_0301;Chemische Industrie basisproducten;41388;spray;178070;308930;P;24.0;;;;0.76;;;;0.2;3117854.0;178070;308929;177992;308934
920;ER Reeks 1990-2022 Definitief;2022;204;Koolstofdioxide;T101100;SBI 20.1 (per bedrijf): Vervaardiging van chemische basisproducten;65;PQ Silicas BV (Eijsden);20130;Vervaardiging van overige anorganische basischemicaliën;177992;308935;pub_0301;Chemische Industrie basisproducten;41389;stookketels KH1-4;177880;308940;P;8.0;;;;0.5;;;;0.08;952411.620662114;177880;308939;177992;308934
921;ER Reeks 1990-2022 Definitief;2022;204;Koolstofdioxide;T100201;SBI 10-12 (per bedrijf): Voedings- & genotmiddelenindustrie;200131;HAK;10390;Verwerking van groente en fruit (niet tot sap en maaltijden);130356;422745;pub_0216;Voedings- en genotmiddelenindustrie;41816;Ketel 4;130544;422683;P;20.0;;;;0.28;;;;7.22;4416100.0;130544;422682;130356;422744
922;ER Reeks 1990-2022 Definitief;2022;204;Koolstofdioxide;T106200;SBI 25 (per bedrijf): Metaalproductenindustrie (exclusief machinebouw);200188;Kriek Lakspuit- en Moffelinrichting BV;25610;Oppervlaktebehandeling en bekleding van metaal;103924;460682;pub_0210;Metaalelektro;45016;Kameroven lijn 3;103924;460682;P;9.0;;;;0.0628;;;;0.013;122000.0;103924;460681;103924;460681
923;ER Reeks 1990-2022 Definitief;2022;204;Koolstofdioxide;T104300;SBI 23.32 (per bedrijf): Vervaardiging van bakstenen en dakpannen;200355;Wienerberger Dakpannenfabriek Narvik Tegelen;23320;Vervaardiging van keramische producten voor de bouw (geen tegels en plavuizen);208516;372291;pub_0203;Bouwmaterialenindustrie;36781;Ovens;208516;372291;P;35.0;;;;0.0;;;;1.0;779119.22;208516;372290;208516;372290
924;ER Reeks 1990-2022 Definitief;2022;204;Koolstofdioxide;T102102;SBI 23 (per bedrijf): Bouwmaterialen- en glasindustrie;200377;Monier BV (Tegelen);23320;Vervaardiging van keramische producten voor de bouw (geen tegels en plavuizen);207490;372282;pub_0203;Bouwmaterialenindustrie;36654;schoorsteen;207490;372282;P;30.0;;;;0.636;150.0;18.0;11.6;2.055;12270066.77775;207490;372281;207490;372281
925;ER Reeks 1990-2022 Definitief;2022;204;Koolstofdioxide;T151100;SBI 46/47 (per bedrijf): Detail- en groothandel;200420;RMD BV;46722;Groothandel in ferrometalen en -halffabrikaten;260884;592191;pub_1201;Energiegebruik en processen Handel, Diensten en Overheid (HDO);37322;Filterinstallatie;260884;592191;P;30.0;;;;1.76;100.0;19.0;33.5;3.785;4882422.999999997;260884;592190;260884;592190
926;ER Reeks 1990-2022 Definitief;2022;204;Koolstofdioxide;T100201;SBI 10-12 (per bedrijf): Voedings- & genotmiddelenindustrie;42834;Rendac Son BV;10910;Vervaardiging van veevoeders;159100;390650;pub_0216;Voedings- en genotmiddelenindustrie;38581;Divers, overig, diffuus;159100;390650;P;5.0;;;;0.0;;;;0.0;886706.0;159100;390649;159100;390649
927;ER Reeks 1990-2022 Definitief;2022;204;Koolstofdioxide;T107100;SBI 08 (per bedrijf): Winning van delfstoffen (geen olie en gas);95007;Frisia Zout;8930;Zoutwinning;157613;577805;pub_0802;Overig bouw;36574;wkc harlingen;157613;577805;P;25.0;;;;3.14;98.9;332.0;1041.0;5.875;846444.6;157613;577804;157613;577804
928;ER Reeks 1990-2022 Definitief;2022;204;Koolstofdioxide;T100201;SBI 10-12 (per bedrijf): Voedings- & genotmiddelenindustrie;114709;McCain Foods Holland BV (Lelystad);10310;Vervaardiging van aardappelproducten;164429;505923;pub_0216;Voedings- en genotmiddelenindustrie;43555;Divers, overig, diffuus;164429;505923;P;5.0;;;;;;;;0.0;1850000.0;164429;505922;164429;505922
929;ER Reeks 1990-2022 Definitief;2022;204;Koolstofdioxide;T100201;SBI 10-12 (per bedrijf): Voedings- & genotmiddelenindustrie;114709;McCain Foods Holland BV (Lelystad);10310;Vervaardiging van aardappelproducten;164429;505923;pub_0216;Voedings- en genotmiddelenindustrie;47732;Gasmotor;164432;505930;P;13.0;;;;0.08;;;;0.3;4180000.0;164432;505929;164429;505922
930;ER Reeks 1990-2022 Definitief;2022;204;Koolstofdioxide;T100201;SBI 10-12 (per bedrijf): Voedings- & genotmiddelenindustrie;114709;McCain Foods Holland BV (Lelystad);10310;Vervaardiging van aardappelproducten;164429;505923;pub_0216;Voedings- en genotmiddelenindustrie;47734;Thermische naverbrander;164455;505957;P;13.0;;;;1.21;;;;5.3;7300000.0;164455;505956;164429;505922
931;ER Reeks 1990-2022 Definitief;2022;204;Koolstofdioxide;T100201;SBI 10-12 (per bedrijf): Voedings- & genotmiddelenindustrie;42034;FrieslandCampina Veghel (DMV International);10510;Vervaardiging van zuivelproducten (geen consumptie-ijs);164550;402920;pub_0216;Voedings- en genotmiddelenindustrie;47387;E38;164000;403000;P;40.0;;;;1.0;;;;0.407;7101939.0;164000;402999;164550;402919
932;ER Reeks 1990-2022 Definitief;2022;204;Koolstofdioxide;T101100;SBI 20.1 (per bedrijf): Vervaardiging van chemische basisproducten;10001;Nobian Industrial Chemicals BV (Botlek);20130;Vervaardiging van overige anorganische basischemicaliën;78660;432300;pub_0301;Chemische Industrie basisproducten;47335;A-3213;78635;432133;P;40.0;;;;0.0;;;;0.655;1635111.95819102;78635;432132;78660;432299
933;ER Reeks 1990-2022 Definitief;2022;204;Koolstofdioxide;T100201;SBI 10-12 (per bedrijf): Voedings- & genotmiddelenindustrie;12172;Promelca B.V. (Gorinchem);10510;Vervaardiging van zuivelproducten (geen consumptie-ijs);125150;426700;pub_0216;Voedings- en genotmiddelenindustrie;47393;Jonker stoomketel;125119;426862;P;35.0;;;;0.71;;;;0.51;20113000.0;125119;426861;125150;426699
934;ER Reeks 1990-2022 Definitief;2022;204;Koolstofdioxide;T100201;SBI 10-12 (per bedrijf): Voedings- & genotmiddelenindustrie;12134;Archer Daniels Midland Europoort BV (ADM);10410;Vervaardiging van plantaardige en dierlijke oliën en vetten (geen margarine en andere spijsvetten);68067;441593;pub_0216;Voedings- en genotmiddelenindustrie;46834;Gasturbine 2 (26.8);68200;442200;P;30.0;;;;1.91;88.0;14.0;26.0;2.537;43300000.0;68200;442199;68067;441592
935;ER Reeks 1990-2022 Definitief;2022;204;Koolstofdioxide;T103700;SBI 20.6 (per bedrijf): Vervaardiging van synthetische en kunstmatige vezels;203530;Teijin Aramid BV (Emmen);20600;Vervaardiging van synthetische en kunstmatige vezels;257552;533045;pub_0304;Chemische Industrie overig;46679;Divers, overig, diffuus;257552;533045;P;5.0;;;;;;;;0.0;120.0;257552;533044;257552;533044
936;ER Reeks 1990-2022 Definitief;2022;204;Koolstofdioxide;T102102;SBI 23 (per bedrijf): Bouwmaterialen- en glasindustrie;65777;Wienerberger Steenfabriek Kijfwaard West;23320;Vervaardiging van keramische producten voor de bouw (geen tegels en plavuizen);200098;432128;pub_0203;Bouwmaterialenindustrie;47611;Standaard steenbakkerij 2;200098;432128;P;50.0;;;;0.5;;;;1.0;9435066.665;200098;432127;200098;432127
937;ER Reeks 1990-2022 Definitief;2022;204;Koolstofdioxide;T100201;SBI 10-12 (per bedrijf): Voedings- & genotmiddelenindustrie;72914;Abbott Laboratories B.V.;10860;Vervaardiging van gehomogeniseerde voedingspreparaten en dieetvoeding;201500;503488;pub_0216;Voedings- en genotmiddelenindustrie;47588;Installaties Rieteweg 20;201499;503521;P;4.0;;;;1.0;95.0;2.0;1.5;0.16;121769.0;201499;503520;201500;503487
938;ER Reeks 1990-2022 Definitief;2022;204;Koolstofdioxide;T101100;SBI 20.1 (per bedrijf): Vervaardiging van chemische basisproducten;71103;Nouryon Functional Chemicals;20141;Vervaardiging van petrochemische producten;208550;472800;pub_0301;Chemische Industrie basisproducten;47595;WKK M1;208707;472634;P;24.0;;;;0.096;107.0;31.0;3.0;0.366;661500.0;208707;472633;208550;472799
939;ER Reeks 1990-2022 Definitief;2022;204;Koolstofdioxide;T107100;SBI 08 (per bedrijf): Winning van delfstoffen (geen olie en gas);101408;Nedmag BV;8990;Winning van overige delfstoffen n.e.g.;256065;570785;pub_0802;Overig bouw;48193;Olie heaters mining;251886;571526;P;6.0;;;;0.09;243.0;5.0;0.48;0.142;3576919.000000001;251886;571525;256065;570784
940;ER Reeks 1990-2022 Definitief;2022;204;Koolstofdioxide;T100201;SBI 10-12 (per bedrijf): Voedings- & genotmiddelenindustrie;48177;Peka Kroef BV;10310;Vervaardiging van aardappelproducten;178293;406558;pub_0216;Voedings- en genotmiddelenindustrie;48152;Ketel 2;178280;406755;P;18.0;;;;0.0;;;;0.88;2660000.0;178280;406754;178293;406557
941;ER Reeks 1990-2022 Definitief;2022;204;Koolstofdioxide;T102800;SBI 20.16 (per bedrijf): Vervaardiging van kunststof in primaire vorm;62;Chemelot Site Permit BV;20160;Vervaardiging van kunststof in primaire vorm;183732;332404;pub_0301;Chemische Industrie basisproducten;61193;AFA OCI 3.2 AFSCHEIDER V-3211;183480;333338;P;50.0;;;;0.7;13.0;;1.59083;0.0;98752655.0;183480;333337;183732;332403
942;ER Reeks 1990-2022 Definitief;2022;204;Koolstofdioxide;T102800;SBI 20.16 (per bedrijf): Vervaardiging van kunststof in primaire vorm;62;Chemelot Site Permit BV;20160;Vervaardiging van kunststof in primaire vorm;183732;332404;pub_0301;Chemische Industrie basisproducten;61194;AFA OCI 3.3 AFDRIJFKOLOM C-3202;183481;333343;P;50.0;;;;1.135;15.0;;6.6925;0.0;93472533.0;183481;333342;183732;332403
943;ER Reeks 1990-2022 Definitief;2022;204;Koolstofdioxide;T101100;SBI 20.1 (per bedrijf): Vervaardiging van chemische basisproducten;62;Chemelot Site Permit BV;20160;Vervaardiging van kunststof in primaire vorm;183732;332404;pub_0301;Chemische Industrie basisproducten;61318;LD2 Borealis 2b OVEN F1251 STRAAT 1;183420;330020;P;15.0;;;;0.4;180.0;;0.34722;0.07447869;770959.0;183420;330019;183732;332403
944;ER Reeks 1990-2022 Definitief;2022;204;Koolstofdioxide;T100201;SBI 10-12 (per bedrijf): Voedings- & genotmiddelenindustrie;202229;IOI - Loders Croklaan Oils B.V.;10410;Vervaardiging van plantaardige en dierlijke oliën en vetten (geen margarine en andere spijsvetten);61400;443100;pub_0216;Voedings- en genotmiddelenindustrie;61108;RTO;62625;442669;P;4.0;;;;0.0;;;;0.0;1802.32407900274;62625;442668;61400;443099
945;ER Reeks 1990-2022 Definitief;2022;204;Koolstofdioxide;T102501;SBI 20.141 (per bedrijf): Vervaardiging van petrochemische producten;51104;Dow Benelux BV (Hoek);20141;Vervaardiging van petrochemische producten;43193;373788;pub_0301;Chemische Industrie basisproducten;61767;Hoppers trein 1+2+3 Dowlex;43400;373723;P;20.0;;;;1.0;;;;0.001;366870.696;43400;373722;43193;373787
946;ER Reeks 1990-2022 Definitief;2022;204;Koolstofdioxide;T102501;SBI 20.141 (per bedrijf): Vervaardiging van petrochemische producten;51104;Dow Benelux BV (Hoek);20141;Vervaardiging van petrochemische producten;43193;373788;pub_0301;Chemische Industrie basisproducten;61770;Overige procesemissie P&U Elsta;42902;372783;P;5.0;;;;0.0;;;;0.001;748845.0;42902;372782;43193;373787
947;ER Reeks 1990-2022 Definitief;2022;204;Koolstofdioxide;T102501;SBI 20.141 (per bedrijf): Vervaardiging van petrochemische producten;51104;Dow Benelux BV (Hoek);20141;Vervaardiging van petrochemische producten;43193;373788;pub_0301;Chemische Industrie basisproducten;61772;Overige procesemissies Ethyleen-3;42637;373851;P;5.0;;;;0.0;;;;0.001;5761125.0;42637;373850;43193;373787
948;ER Reeks 1990-2022 Definitief;2022;204;Koolstofdioxide;T111300;SBI 37 (per bedrijf): Afvalwaterinzameling en -behandeling;66322;Industriewater Eerbeek BV;37000;Afvalwaterinzameling en -behandeling;202500;458250;pub_1102;Energiegebruik en processen Riolering en waterzuiveringsinstallaties;61858;Fakkel;202500;458250;P;9.0;;;;3.8;;;;0.006;1489649.0;202500;458249;202500;458249
949;ER Reeks 1990-2022 Definitief;2022;204;Koolstofdioxide;T100201;SBI 10-12 (per bedrijf): Voedings- & genotmiddelenindustrie;72807;Hogeslag-Olst B.V.;10110;Slachterijen (geen pluimvee-);204000;483000;pub_0216;Voedings- en genotmiddelenindustrie;59100;verwarmingsketel;204528;483104;P;8.0;;;;2.0;40.0;1.0;1.0;0.036;173000.0;204528;483103;204000;482999
950;ER Reeks 1990-2022 Definitief;2022;204;Koolstofdioxide;T100201;SBI 10-12 (per bedrijf): Voedings- & genotmiddelenindustrie;72837;Plukon Goor BV;10120;Pluimveeslachterijen;237103;473704;pub_0216;Voedings- en genotmiddelenindustrie;59628;Buderus GB402-620 ketel 1;237096;473679;P;7.0;;;;0.041;61.0;5.0;0.195;0.012;311000.0;237096;473678;237103;473703
951;ER Reeks 1990-2022 Definitief;2022;204;Koolstofdioxide;T100300;SBI 13/14 (per bedrijf): Vervaardiging van textiel en kleding;74120;Ten Cate Protect BV afd Protective Fabrics;13300;Textielveredeling;228800;487380;pub_0215;Textiel- en tapijtindustrie;59280;Ketel 2;228741;487314;P;16.0;;;;0.5;125.0;2.0;1.19;0.173;2681424.9;228741;487313;228800;487379
952;ER Reeks 1990-2022 Definitief;2022;204;Koolstofdioxide;T100600;SBI 17 (per bedrijf): Vervaardiging van papier, karton en papier- en kartonwaren;94301;Huhtamaki Nederland BV;17290;Vervaardiging van overige papier- en kartonwaren;165330;577300;pub_0211;Papier(waren);59692;M72;165431;577404;P;12.0;;;;0.0;;;;0.8;158599.46;165431;577403;165330;577299
953;ER Reeks 1990-2022 Definitief;2022;204;Koolstofdioxide;T103002;SBI 30 (per bedrijf): Overige transportmiddelen;202159;Fokker Aerostructures BV;30300;Vervaardiging van vliegtuigen en onderdelen daarvoor;106240;426515;pub_0210;Metaalelektro;59289;BJM-AAA-96;105909;426830;P;10.0;;;;0.2;65.0;0.0;0.015;0.001;86273.16;105909;426829;106240;426514
954;ER Reeks 1990-2022 Definitief;2022;204;Koolstofdioxide;T151100;SBI 46/47 (per bedrijf): Detail- en groothandel;202634;W.F.G.M. van Gemert;46332;Groothandel in eieren;181279;368018;pub_1201;Energiegebruik en processen Handel, Diensten en Overheid (HDO);50801;Divers, overig, diffuus;181279;368018;P;5.0;;;;0.0;;;;0.0;572232.0;181279;368017;181279;368017
955;ER Reeks 1990-2022 Definitief;2022;204;Koolstofdioxide;T100201;SBI 10-12 (per bedrijf): Voedings- & genotmiddelenindustrie;205965;Amsterdam Meat Company Ameco BV;10110;Slachterijen (geen pluimvee-);199158;468037;pub_0216;Voedings- en genotmiddelenindustrie;48872;warm water ketels;199158;468037;P;15.0;;;;0.49;90.0;6.0;3.0;0.3;666000.0;199158;468036;199158;468036
956;ER Reeks 1990-2022 Definitief;2022;204;Koolstofdioxide;T108502;SBI 35.12 (per bedrijf): Transportnet voor aardgas;206267;EemsEnergy Terminal B.V.;35120;Beheer en exploitatie van transportnetten voor elektriciteit, aardgas en warm water;252390;607484;pub_0502;Olie- gaswinning land;59281;Igloo;252477;607399;P;37.0;;;;30.0;;;;12.85;16588214.999999998;252477;607398;252390;607483
957;ER Reeks 1990-2022 Definitief;2022;204;Koolstofdioxide;T101100;SBI 20.1 (per bedrijf): Vervaardiging van chemische basisproducten;62;Chemelot Site Permit BV;20160;Vervaardiging van kunststof in primaire vorm;183732;332404;pub_0301;Chemische Industrie basisproducten;61286;CENTRA USG 3 STOOMKETEL F-3400;184140;332970;P;126.0;;;;2.9;105.0;;41.40806;4.84474302;142887561.0;184140;332969;183732;332403
958;ER Reeks 1990-2022 Definitief;2022;204;Koolstofdioxide;T101100;SBI 20.1 (per bedrijf): Vervaardiging van chemische basisproducten;62;Chemelot Site Permit BV;20160;Vervaardiging van kunststof in primaire vorm;183732;332404;pub_0301;Chemische Industrie basisproducten;61417;NF2 OCI 1c DROOGTROMMEL STRAAT 3;183739;332231;P;36.0;;;;1.5;94.0;;19.57611;2.010466497;214000.0;183739;332230;183732;332403
959;ER Reeks 1990-2022 Definitief;2022;204;Koolstofdioxide;T101100;SBI 20.1 (per bedrijf): Vervaardiging van chemische basisproducten;62;Chemelot Site Permit BV;20160;Vervaardiging van kunststof in primaire vorm;183732;332404;pub_0301;Chemische Industrie basisproducten;61430;NF2 OCI 6a DOLOMIETFILTER 1;183778;332358;P;44.0;;;;0.7;83.0;;4.63889;0.410077876;1154000.0;183778;332357;183732;332403
960;ER Reeks 1990-2022 Definitief;2022;204;Koolstofdioxide;T101100;SBI 20.1 (per bedrijf): Vervaardiging van chemische basisproducten;62;Chemelot Site Permit BV;20160;Vervaardiging van kunststof in primaire vorm;183732;332404;pub_0301;Chemische Industrie basisproducten;61478;Olefins 3 SABIC 1 KRAAKOVENS;183750;329590;P;42.0;;;;4.0;160.0;;58.92222;11.10683847;531568000.0;183750;329589;183732;332403
961;ER Reeks 1990-2022 Definitief;2022;204;Koolstofdioxide;T102800;SBI 20.16 (per bedrijf): Vervaardiging van kunststof in primaire vorm;62;Chemelot Site Permit BV;20160;Vervaardiging van kunststof in primaire vorm;183732;332404;pub_0301;Chemische Industrie basisproducten;61487;Olefins 3 SABIC 5 HYDROGENERINGSREACTOR;183600;329680;P;20.0;;;;0.0;;;;0.0;800.0;183600;329679;183732;332403
962;ER Reeks 1990-2022 Definitief;2022;204;Koolstofdioxide;T102800;SBI 20.16 (per bedrijf): Vervaardiging van kunststof in primaire vorm;62;Chemelot Site Permit BV;20160;Vervaardiging van kunststof in primaire vorm;183732;332404;pub_0301;Chemische Industrie basisproducten;61499;Olefins 4 SABIC 16 Ontkolen Kraakovens;183846;330850;P;35.0;;;;0.5;;;;0.0;232000.0;183846;330849;183732;332403
963;ER Reeks 1990-2022 Definitief;2022;204;Koolstofdioxide;T102800;SBI 20.16 (per bedrijf): Vervaardiging van kunststof in primaire vorm;62;Chemelot Site Permit BV;20160;Vervaardiging van kunststof in primaire vorm;183732;332404;pub_0301;Chemische Industrie basisproducten;61500;Olefins 4 SABIC 17 Noodstroomaggregaat;184035;330850;P;5.0;;;;0.1;;;;0.0;23065.0;184035;330849;183732;332403
964;ER Reeks 1990-2022 Definitief;2022;204;Koolstofdioxide;T102800;SBI 20.16 (per bedrijf): Vervaardiging van kunststof in primaire vorm;62;Chemelot Site Permit BV;20160;Vervaardiging van kunststof in primaire vorm;183732;332404;pub_0301;Chemische Industrie basisproducten;61501;Olefins 4 SABIC 18 R701 A / B;183854;330954;P;25.0;;;;0.5;;;;0.0;750.0;183854;330953;183732;332403
965;ER Reeks 1990-2022 Definitief;2022;204;Koolstofdioxide;T102800;SBI 20.16 (per bedrijf): Vervaardiging van kunststof in primaire vorm;62;Chemelot Site Permit BV;20160;Vervaardiging van kunststof in primaire vorm;183732;332404;pub_0301;Chemische Industrie basisproducten;61502;Olefins 4 SABIC 19 R611 A / C;183985;331070;P;25.0;;;;0.15;;;;0.0;257.0;183985;331069;183732;332403
966;ER Reeks 1990-2022 Definitief;2022;204;Koolstofdioxide;T101100;SBI 20.1 (per bedrijf): Vervaardiging van chemische basisproducten;41003;Shell Nederland Chemie BV (Moerdijk);20141;Vervaardiging van petrochemische producten;97946;411331;pub_0301;Chemische Industrie basisproducten;48088;Fakkel  MLO;97952;411325;P;84.0;;;;1.0;;;;62.2739436580416;72715140.0;97952;411324;97946;411330
967;ER Reeks 1990-2022 Definitief;2022;204;Koolstofdioxide;T101702;SBI 20.5 (per bedrijf): Overige chemische producten;205493;Euro Support Advanced Materials B.V.;20590;Vervaardiging van overige chemische producten n.e.g.;172961;407060;pub_0304;Chemische Industrie overig;48113;VK005 CV gebouw Z;173282;406944;P;5.0;;;;0.07;59.0;2.0;0.17;0.01;321128.0;173282;406943;172961;407059
968;ER Reeks 1990-2022 Definitief;2022;204;Koolstofdioxide;T102201;SBI 19.201 (per bedrijf): Aardolieraffinage;10059;Gunvor Petroleum Europoort B.V.;19201;Aardolieraffinage;71000;439203;pub_0401;Raffinage en verwerking;48083;CCR;71304;439136;P;47.0;;;;0.018;472.0;3.0;0.06;0.035;464862.0;71304;439135;71000;439202
969;ER Reeks 1990-2022 Definitief;2022;204;Koolstofdioxide;T101100;SBI 20.1 (per bedrijf): Vervaardiging van chemische basisproducten;10698;Croda;20149;Vervaardiging van organische basischemicaliën (geen petrochemische producten);108400;446500;pub_0301;Chemische Industrie basisproducten;48117;Brandbluspomp tertiair;108497;446404;P;3.0;;;;0.008;350.0;10.0;0.081;0.035;1764.58;108497;446403;108400;446499
970;ER Reeks 1990-2022 Definitief;2022;204;Koolstofdioxide;T101100;SBI 20.1 (per bedrijf): Vervaardiging van chemische basisproducten;10698;Croda;20149;Vervaardiging van organische basischemicaliën (geen petrochemische producten);108400;446500;pub_0301;Chemische Industrie basisproducten;48119;Fakkel;108517;446494;P;8.0;;;;2.85;800.0;1.0;2.0;2.024;72446.5083873345;108517;446493;108400;446499
971;ER Reeks 1990-2022 Definitief;2022;204;Koolstofdioxide;T101100;SBI 20.1 (per bedrijf): Vervaardiging van chemische basisproducten;10698;Croda;20149;Vervaardiging van organische basischemicaliën (geen petrochemische producten);108400;446500;pub_0301;Chemische Industrie basisproducten;48120;Gasmotor;108590;446560;P;15.0;;;;0.2;90.0;5.0;1.09;0.109;5561599.2083512;108590;446559;108400;446499
972;ER Reeks 1990-2022 Definitief;2022;204;Koolstofdioxide;T101702;SBI 20.5 (per bedrijf): Overige chemische producten;205493;Euro Support Advanced Materials B.V.;20590;Vervaardiging van overige chemische producten n.e.g.;172961;407060;pub_0304;Chemische Industrie overig;48114;VK006 Heetwaterketel proces;173311;406967;P;9.0;;;;0.03;151.0;2.0;0.05;0.009;16026.0;173311;406966;172961;407059
973;ER Reeks 1990-2022 Definitief;2022;204;Koolstofdioxide;T100201;SBI 10-12 (per bedrijf): Voedings- & genotmiddelenindustrie;10097;Sime Darby Unimills B.V.;10410;Vervaardiging van plantaardige en dierlijke oliën en vetten (geen margarine en andere spijsvetten);103500;424600;pub_0216;Voedings- en genotmiddelenindustrie;48802;KH3 (Hulpketel);103543;424537;P;30.0;0.0;0.0;;0.0;120.0;0.0;0.83;0.115;6170000.0;103543;424536;103500;424599
974;ER Reeks 1990-2022 Definitief;2022;204;Koolstofdioxide;T105100;SBI 10.3 (per bedrijf): Groente- en fruitverwerking;114709;McCain Foods Holland BV (Lelystad);10310;Vervaardiging van aardappelproducten;164429;505923;pub_0216;Voedings- en genotmiddelenindustrie;48431;AWZI;164535;505886;P;1.0;0.0;0.0;;0.0;;;;0.01;20620.0;164535;505885;164429;505922
975;ER Reeks 1990-2022 Definitief;2022;204;Koolstofdioxide;T107201;SBI 85-88 (per bedrijf): Onderwijs en gezondheids- en welzijnszorg;200610;UMC St Radboud & Radboud Universiteit Nijmegen;86101;Universitair medische centra;187976;425797;pub_1201;Energiegebruik en processen Handel, Diensten en Overheid (HDO);48980;K15;187709;426402;P;38.0;0.0;0.0;;0.0;;;;0.0116666666666667;1700000.0;187709;426401;187976;425796
976;ER Reeks 1990-2022 Definitief;2022;204;Koolstofdioxide;T100600;SBI 17 (per bedrijf): Vervaardiging van papier, karton en papier- en kartonwaren;202803;Avery Dennison Materials Nederland BV;17290;Vervaardiging van overige papier- en kartonwaren;103810;460470;pub_0211;Papier(waren);48634;TOS;103810;460470;P;18.0;0.0;0.0;;0.0;368.0;1.0;0.38;0.0;1410000.0;103810;460469;103810;460469
977;ER Reeks 1990-2022 Definitief;2022;204;Koolstofdioxide;T102201;SBI 19.201 (per bedrijf): Aardolieraffinage;10058;BP Rotterdam Refinery;19201;Aardolieraffinage;67036;440390;pub_0401;Raffinage en verwerking;54218;Stack 02 FCC Regenerator '2R2002';67050;440350;P;155.0;;;;7.0;;;;10.0;513816917.426326;67050;440349;67036;440389
978;ER Reeks 1990-2022 Definitief;2022;204;Koolstofdioxide;T102201;SBI 19.201 (per bedrijf): Aardolieraffinage;10058;BP Rotterdam Refinery;19201;Aardolieraffinage;67036;440390;pub_0401;Raffinage en verwerking;54219;Stack 03  CDU4 mainstack;67164;440304;P;120.0;;;;16.0;;;;14.47;348466703.717451;67164;440303;67036;440389
979;ER Reeks 1990-2022 Definitief;2022;204;Koolstofdioxide;T102201;SBI 19.201 (per bedrijf): Aardolieraffinage;10058;BP Rotterdam Refinery;19201;Aardolieraffinage;67036;440390;pub_0401;Raffinage en verwerking;54226;Stack 10  H801;66965;439959;P;55.0;;;;2.0;;;;1.065;22033908.5469728;66965;439958;67036;440389
980;ER Reeks 1990-2022 Definitief;2022;204;Koolstofdioxide;T102201;SBI 19.201 (per bedrijf): Aardolieraffinage;10058;BP Rotterdam Refinery;19201;Aardolieraffinage;67036;440390;pub_0401;Raffinage en verwerking;54229;Stack 15  H301;66931;439937;P;38.0;;;;2.5;;;;0.515;11765163.701673;66931;439936;67036;440389
981;ER Reeks 1990-2022 Definitief;2022;204;Koolstofdioxide;T108500;SBI 35 (per bedrijf): Productie en distributie van elektriciteit en gas;200522;Ennatuurlijk (Tilburg);35140;Handel in elektriciteit en in gas via leidingen;129552;400368;pub_0503;Opwekking electriciteit;49338;Emissiepunt Ketel 01;129511;400375;P;45.0;;;;1.77;;;;2.17;1490893.672;129511;400374;129552;400367
982;ER Reeks 1990-2022 Definitief;2022;204;Koolstofdioxide;T104201;SBI 38.2 (per bedrijf): Afvalinzameling/beh, AVI's;203346;Inter-Che-M BV;38220;Behandeling van schadelijk afval;178673;429681;pub_0901;AVI's;55129;Hal 2 / schoorsteen CV ketel 1 t/m 4;178715;429708;P;8.0;;;;0.0312;30.0;11.0;0.337;0.008;75900.0;178715;429707;178673;429680
983;ER Reeks 1990-2022 Definitief;2022;204;Koolstofdioxide;T104201;SBI 38.2 (per bedrijf): Afvalinzameling/beh, AVI's;203346;Inter-Che-M BV;38220;Behandeling van schadelijk afval;178673;429681;pub_0901;AVI's;55137;Hal 4 / schoorsteen stoomketel (410);178825;429702;P;8.0;;;;0.0353;150.0;6.0;0.198;0.035;34300.0;178825;429701;178673;429680
984;ER Reeks 1990-2022 Definitief;2022;204;Koolstofdioxide;T104201;SBI 38.2 (per bedrijf): Afvalinzameling/beh, AVI's;203346;Inter-Che-M BV;38220;Behandeling van schadelijk afval;178673;429681;pub_0901;AVI's;55139;Kantoor / schoorsteen CV;178686;429665;P;7.0;;;;0.0157;12.0;8.0;0.1198;0.0;21708.0;178686;429664;178673;429680
985;ER Reeks 1990-2022 Definitief;2022;204;Koolstofdioxide;T100201;SBI 10-12 (per bedrijf): Voedings- & genotmiddelenindustrie;205694;B.V. Esbro;10120;Pluimveeslachterijen;212574;440240;pub_0216;Voedings- en genotmiddelenindustrie;54354;HR Ketel Quinta Ace (*8);212579;440372;P;14.0;;;;0.03141592;62.85;1.0;0.028;0.002;939899.715635054;212579;440371;212574;440239
986;ER Reeks 1990-2022 Definitief;2022;204;Koolstofdioxide;T101100;SBI 20.1 (per bedrijf): Vervaardiging van chemische basisproducten;51104;Dow Benelux BV (Hoek);20141;Vervaardiging van petrochemische producten;43193;373788;pub_0301;Chemische Industrie basisproducten;54395;STACK GTG 301 P&U;42920;372808;P;35.0;;;;23.8;;;;24.618;422436462.4000001;42920;372807;43193;373787
987;ER Reeks 1990-2022 Definitief;2022;204;Koolstofdioxide;T100201;SBI 10-12 (per bedrijf): Voedings- & genotmiddelenindustrie;5801;Schiffers Food BV;11070;Vervaardiging van frisdranken, productie van mineraalwater en overig gebotteld water;193761;323925;pub_0216;Voedings- en genotmiddelenindustrie;50353;Divers, overig, diffuus;193761;323925;P;5.0;;;;;;;;0.0;121280.0;193761;323924;193761;323924
988;ER Reeks 1990-2022 Definitief;2022;204;Koolstofdioxide;T100201;SBI 10-12 (per bedrijf): Voedings- & genotmiddelenindustrie;5801;Schiffers Food BV;11070;Vervaardiging van frisdranken, productie van mineraalwater en overig gebotteld water;193761;323925;pub_0216;Voedings- en genotmiddelenindustrie;54973;Stoomketel 7;193635;323917;P;10.0;;;;5.0;157.0;9.0;1.642;0.306;1577776.0;193635;323916;193761;323924
989;ER Reeks 1990-2022 Definitief;2022;204;Koolstofdioxide;T103100;SBI 21.1 (per bedrijf): Vervaardiging van farmaceutische producten;21302;Abbott Healthcare Products BV;21200;Vervaardiging van farmaceutische producten (geen grondstoffen);130940;479560;pub_0304;Chemische Industrie overig;54075;WWY DMI;130471;479736;P;20.0;;;;5.0;;;;0.0;577904.0;130471;479735;130940;479559
990;ER Reeks 1990-2022 Definitief;2022;204;Koolstofdioxide;T100201;SBI 10-12 (per bedrijf): Voedings- & genotmiddelenindustrie;42408;Bavaria NV;11050;Vervaardiging van bier;169900;391750;pub_0216;Voedings- en genotmiddelenindustrie;56152;affakkelinstallatie;170591;391852;P;7.0;;;;36.0;400.0;0.0;0.125;0.062;382000.0;170591;391851;169900;391749
991;ER Reeks 1990-2022 Definitief;2022;204;Koolstofdioxide;T102102;SBI 23 (per bedrijf): Bouwmaterialen- en glasindustrie;59;Koninklijke Mosa BV Wandtegelfabriek;23310;Vervaardiging van keramische tegels en plavuizen;177450;318650;pub_0203;Bouwmaterialenindustrie;55790;SBOB2 (RG);177432;318637;P;12.0;;;;64.0;;;;0.01;3743333.0;177432;318636;177450;318649
992;ER Reeks 1990-2022 Definitief;2022;204;Koolstofdioxide;T101100;SBI 20.1 (per bedrijf): Vervaardiging van chemische basisproducten;61405;Niacet B.V.;20149;Vervaardiging van organische basischemicaliën (geen petrochemische producten);156970;432760;pub_0301;Chemische Industrie basisproducten;55893;Sproeidrogers;157035;432773;P;31.0;;;;157.0;60.0;21.0;32.5;2.003;12615352.0;157035;432772;156970;432759
993;ER Reeks 1990-2022 Definitief;2022;204;Koolstofdioxide;T100201;SBI 10-12 (per bedrijf): Voedings- & genotmiddelenindustrie;72831;Stegeman C.V.;10130;Vleesverwerking (niet tot maaltijden);206390;489918;pub_0216;Voedings- en genotmiddelenindustrie;55332;Stoomketel 1;206469;489946;P;10.0;;;;5.0;;;;3.381;1603724.9999999967;206469;489945;206390;489917
994;ER Reeks 1990-2022 Definitief;2022;204;Koolstofdioxide;T137300;SBI 26/27 (per bedrijf): Elektrotechnische industrie;10089;Prysmian Netherlands B.V.;27320;Vervaardiging van overige elektrische en elektronische kabel;84750;445750;pub_0210;Metaalelektro;55838;CV installaties;84446;445122;P;12.0;;;;75.0;120.0;309.0;232.0;0.102;558000.0;84446;445121;84750;445749
995;ER Reeks 1990-2022 Definitief;2022;204;Koolstofdioxide;T137300;SBI 26/27 (per bedrijf): Elektrotechnische industrie;10089;Prysmian Netherlands B.V.;27320;Vervaardiging van overige elektrische en elektronische kabel;84750;445750;pub_0210;Metaalelektro;55840;Vulkanisatie;84446;445122;P;14.0;;;;75.0;250.0;933.0;70.0;0.01925;158000.0;84446;445121;84750;445749
996;ER Reeks 1990-2022 Definitief;2022;204;Koolstofdioxide;T103100;SBI 21.1 (per bedrijf): Vervaardiging van farmaceutische producten;205501;Aspen Oss B.V. (locatie De Geer);21200;Vervaardiging van farmaceutische producten (geen grondstoffen);166567;421525;pub_0304;Chemische Industrie overig;48713;Schoorsteen ketelhuis;166570;421340;P;20.0;;;;0.3;140.0;3.0;1.0;0.164;4633729.0;166570;421339;166567;421524
997;ER Reeks 1990-2022 Definitief;2022;204;Koolstofdioxide;T101100;SBI 20.1 (per bedrijf): Vervaardiging van chemische basisproducten;205998;Koster Keunen (Holland) B.V.;20149;Vervaardiging van organische basischemicaliën (geen petrochemische producten);142348;374440;pub_0301;Chemische Industrie basisproducten;49033;Divers, overig, diffuus;142348;374440;P;5.0;;;;;;;;0.0;58800.0;142348;374439;142348;374439
998;ER Reeks 1990-2022 Definitief;2022;204;Koolstofdioxide;T100201;SBI 10-12 (per bedrijf): Voedings- & genotmiddelenindustrie;95000;BRF B.V.;10130;Vleesverwerking (niet tot maaltijden);216400;555550;pub_0216;Voedings- en genotmiddelenindustrie;48916;Schoorsteen THOK1;216801;555496;P;6.0;;;;0.4;;;;0.33;2007000.0;216801;555495;216400;555549
999;ER Reeks 1990-2022 Definitief;2022;204;Koolstofdioxide;T100201;SBI 10-12 (per bedrijf): Voedings- & genotmiddelenindustrie;200537;Cargill BV - Cargill Cocoa (Aurora);10821;Verwerking van cacao;116327;497520;pub_0216;Voedings- en genotmiddelenindustrie;48728;Schoorsteen CV ketel;116478;497606;P;15.0;;;;0.07;;;;0.072;1241718.0;116478;497605;116327;497519
1000;ER Reeks 1990-2022 Definitief;2022;204;Koolstofdioxide;T102201;SBI 19.201 (per bedrijf): Aardolieraffinage;10057;Shell Nederland Raffinaderij BV;19201;Aardolieraffinage;82574;432924;pub_0401;Raffinage en verwerking;49430;SDA;82674;433218;P;50.0;0.0;0.0;0.0;3.5;137.0;3.0;9.15;1.469;52802729.0;82674;433217;82574;432923
1001;ER Reeks 1990-2022 Definitief;2022;204;Koolstofdioxide;T100201;SBI 10-12 (per bedrijf): Voedings- & genotmiddelenindustrie;102302;Suiker Unie Vierverlaten;10810;Vervaardiging van suiker;229011;581366;pub_0216;Voedings- en genotmiddelenindustrie;49383;Huurketels;229000;581420;P;26.0;0.0;0.0;0.0;0.5;12.0;0.0;0.1;1.36;613954.0;229000;581419;229011;581365
1002;ER Reeks 1990-2022 Definitief;2022;204;Koolstofdioxide;T100201;SBI 10-12 (per bedrijf): Voedings- & genotmiddelenindustrie;202858;Grolsche Bierbrouwerij Nederland BV;11050;Vervaardiging van bier;252629;469696;pub_0216;Voedings- en genotmiddelenindustrie;49252;MSKs, divers, overig, difuus;252435;469703;P;14.0;0.0;0.0;0.0;150.0;110.0;0.0;0.86;0.108;1278760.0;252435;469702;252629;469695
1003;ER Reeks 1990-2022 Definitief;2022;204;Koolstofdioxide;T151100;SBI 46/47 (per bedrijf): Detail- en groothandel;202990;Alco Energy Rotterdam;46712;Groothandel in vloeibare en gasvormige brandstoffen;72210;438230;pub_1201;Energiegebruik en processen Handel, Diensten en Overheid (HDO);49415;Warmwaterketels (totaal 2);72007;438115;P;6.0;0.0;0.0;0.0;0.1;155.0;6.0;0.6;0.11;351873.383097379;72007;438114;72210;438229
1004;ER Reeks 1990-2022 Definitief;2022;204;Koolstofdioxide;T106100;SBI 22.2 (per bedrijf): Vervaardiging van producten van kunststof;205221;Van Merksteijn Plastics B.V.;22210;Vervaardiging van platen, folie, buizen en profielen van kunststof;252205;469558;pub_0213;Rubber- en kunstofverw. Industrie;49772;stookketel;251985;469700;P;29.0;0.0;0.0;0.0;0.4;;;;14.6;1652628.154116422;251985;469699;252205;469557
1005;ER Reeks 1990-2022 Definitief;2022;204;Koolstofdioxide;T101100;SBI 20.1 (per bedrijf): Vervaardiging van chemische basisproducten;41102;Allnex Netherlands B.V.;20160;Vervaardiging van kunststof in primaire vorm;77249;391375;pub_0301;Chemische Industrie basisproducten;49519;Marlothermfornuis HT-45;77361;391304;P;20.0;0.0;0.0;0.0;0.2;;;;0.05;1545633.0;77361;391303;77249;391374
1006;ER Reeks 1990-2022 Definitief;2022;204;Koolstofdioxide;T101100;SBI 20.1 (per bedrijf): Vervaardiging van chemische basisproducten;51104;Dow Benelux BV (Hoek);20141;Vervaardiging van petrochemische producten;43193;373788;pub_0301;Chemische Industrie basisproducten;38499;STACK BA111 LE2;42640;373988;P;62.0;;;;3.24;;;;0.241;54001771.0;42640;373987;43193;373787
1007;ER Reeks 1990-2022 Definitief;2022;204;Koolstofdioxide;T101100;SBI 20.1 (per bedrijf): Vervaardiging van chemische basisproducten;51104;Dow Benelux BV (Hoek);20141;Vervaardiging van petrochemische producten;43193;373788;pub_0301;Chemische Industrie basisproducten;38523;STACK H-1 FORNUIS LE8;42811;373401;P;30.0;;;;3.46;;;;0.004;4711000.0;42811;373400;43193;373787
1008;ER Reeks 1990-2022 Definitief;2022;204;Koolstofdioxide;T101100;SBI 20.1 (per bedrijf): Vervaardiging van chemische basisproducten;51104;Dow Benelux BV (Hoek);20141;Vervaardiging van petrochemische producten;43193;373788;pub_0301;Chemische Industrie basisproducten;44672;STACK RTO D1008A EO;43867;373432;P;20.0;;;;1.5;;;;0.159;20612000.0;43867;373431;43193;373787
1009;ER Reeks 1990-2022 Definitief;2022;204;Koolstofdioxide;T105300;SBI 10.5 (per bedrijf): Zuivelindustrie;12172;Promelca B.V. (Gorinchem);10510;Vervaardiging van zuivelproducten (geen consumptie-ijs);125150;426700;pub_0216;Voedings- en genotmiddelenindustrie;35402;Divers, overig, diffuus;125150;426700;P;5.0;;;;0.0;;;;0.0;850930.0;125150;426699;125150;426699
1010;ER Reeks 1990-2022 Definitief;2022;204;Koolstofdioxide;T102201;SBI 19.201 (per bedrijf): Aardolieraffinage;12177;VPR Energy B.V.;19201;Aardolieraffinage;74500;436400;pub_0401;Raffinage en verwerking;41700;Fornuis;74500;436439;P;30.0;;;;0.0;250.0;;21.0;6.417;115095619.0;74500;436438;74500;436399
1011;ER Reeks 1990-2022 Definitief;2022;204;Koolstofdioxide;T102102;SBI 23 (per bedrijf): Bouwmaterialen- en glasindustrie;151;O-I Manufacturing Netherlands BV (Maastricht);23130;Vervaardiging van holglas;177322;318844;pub_0203;Bouwmaterialenindustrie;34831;Schoorsteen glasoven M2;177350;318800;P;45.0;;;;2.0;167.0;2.0;4.79;0.953;21810844.4199;177350;318799;177322;318843
1012;ER Reeks 1990-2022 Definitief;2022;204;Koolstofdioxide;T103000;SBI 20.3 (per bedrijf): Vervaardiging van verf, lak, vernis, inkt en mastiek;159;Johnson Matthey BV;20300;Vervaardiging van verf, vernis e.d., drukinkt en mastiek;178253;321177;pub_0304;Chemische Industrie overig;15876;Verwarming;178190;321190;P;10.0;;;;0.0;;;;0.026;1731039.0;178190;321189;178253;321176
1013;ER Reeks 1990-2022 Definitief;2022;204;Koolstofdioxide;T103000;SBI 20.3 (per bedrijf): Vervaardiging van verf, lak, vernis, inkt en mastiek;159;Johnson Matthey BV;20300;Vervaardiging van verf, vernis e.d., drukinkt en mastiek;178253;321177;pub_0304;Chemische Industrie overig;35337;Afvoer frittenovens (RF01);178253;321177;P;25.0;;;;0.0;59.33;3.0;6.0658;0.369;1288544.0;178253;321176;178253;321176
1014;ER Reeks 1990-2022 Definitief;2022;204;Koolstofdioxide;T101100;SBI 20.1 (per bedrijf): Vervaardiging van chemische basisproducten;19004;ExxonMobil Chemical Holland BV (RPP van RPI);20141;Vervaardiging van petrochemische producten;79333;433167;pub_0301;Chemische Industrie basisproducten;45062;Incinerator;79129;431803;P;40.0;;;;2.54;;;;6.507;1767480.0;79129;431802;79333;433166
1015;ER Reeks 1990-2022 Definitief;2022;204;Koolstofdioxide;T101100;SBI 20.1 (per bedrijf): Vervaardiging van chemische basisproducten;19070;Indorama Ventures Europe BV;20160;Vervaardiging van kunststof in primaire vorm;66394;442175;pub_0301;Chemische Industrie basisproducten;37611;Auxiliary Boiler;66615;443069;P;20.0;;;;3.14;115.0;3.0;9.0;1.19;25461389.0;66615;443068;66394;442174
1016;ER Reeks 1990-2022 Definitief;2022;204;Koolstofdioxide;T101100;SBI 20.1 (per bedrijf): Vervaardiging van chemische basisproducten;19070;Indorama Ventures Europe BV;20160;Vervaardiging van kunststof in primaire vorm;66394;442175;pub_0301;Chemische Industrie basisproducten;44582;Heat Transfer Medium Fornuis 2;66527;441957;P;30.0;;;;1.06;184.0;6.0;6.7;1.48;12825657.0;66527;441956;66394;442174
1017;ER Reeks 1990-2022 Definitief;2022;204;Koolstofdioxide;T100201;SBI 10-12 (per bedrijf): Voedings- & genotmiddelenindustrie;19072;FrieslandCampina Butter (Noordwijk);10510;Vervaardiging van zuivelproducten (geen consumptie-ijs);213196;576375;pub_0216;Voedings- en genotmiddelenindustrie;36435;stoomketel;213196;576375;P;8.0;;;;0.6;;;;0.134;2127842.0;213196;576374;213196;576374
1018;ER Reeks 1990-2022 Definitief;2022;204;Koolstofdioxide;T101100;SBI 20.1 (per bedrijf): Vervaardiging van chemische basisproducten;19073;Hexion B.V.;20160;Vervaardiging van kunststof in primaire vorm;83345;432458;pub_0301;Chemische Industrie basisproducten;39576;A4034/35/36;82610;434138;P;30.0;;;;0.65;;;;0.116;1070270.0;82610;434137;83345;432457
1019;ER Reeks 1990-2022 Definitief;2022;204;Koolstofdioxide;T102102;SBI 23 (per bedrijf): Bouwmaterialen- en glasindustrie;64725;Wienerberger Steenfabriek Heteren;23320;Vervaardiging van keramische producten voor de bouw (geen tegels en plavuizen);179550;442300;pub_0203;Bouwmaterialenindustrie;44384;Standaard steenbakkerij;179550;442300;P;32.0;;;;0.8;;;;1.0;7898190.934;179550;442299;179550;442299
1020;ER Reeks 1990-2022 Definitief;2022;204;Koolstofdioxide;T104300;SBI 23.32 (per bedrijf): Vervaardiging van bakstenen en dakpannen;64744;Rodruza Steenfabriek Rossum BV;23320;Vervaardiging van keramische producten voor de bouw (geen tegels en plavuizen);151750;422810;pub_0203;Bouwmaterialenindustrie;36582;Diffuus, overig;151750;422810;P;5.0;;;;0.0;;;;0.001;38210.0;151750;422809;151750;422809
1021;ER Reeks 1990-2022 Definitief;2022;204;Koolstofdioxide;T104300;SBI 23.32 (per bedrijf): Vervaardiging van bakstenen en dakpannen;64759;Wienerberger Steenfabriek Zennewijnen;23320;Vervaardiging van keramische producten voor de bouw (geen tegels en plavuizen);157100;430620;pub_0203;Bouwmaterialenindustrie;44391;Standaard steenbakkerij;157100;430620;P;33.0;;;;0.5;;;;1.0;3248967.0;157100;430619;157100;430619
1022;ER Reeks 1990-2022 Definitief;2022;204;Koolstofdioxide;T101100;SBI 20.1 (per bedrijf): Vervaardiging van chemische basisproducten;51104;Dow Benelux BV (Hoek);20141;Vervaardiging van petrochemische producten;43193;373788;pub_0301;Chemische Industrie basisproducten;38498;STACK BA-111 + BA-112 LE1;43029;373980;P;62.0;;;;2.25;;;;0.138;39558586.0;43029;373979;43193;373787
1023;ER Reeks 1990-2022 Definitief;2022;204;Koolstofdioxide;T100201;SBI 10-12 (per bedrijf): Voedings- & genotmiddelenindustrie;42206;Mars Nederland BV;10822;Vervaardiging van chocolade en suikerwerk;164080;402680;pub_0216;Voedings- en genotmiddelenindustrie;37107;Ketel 8;164080;402680;P;15.0;;;;0.64;125.6;5.0;3.47;0.506;298000.0;164080;402679;164080;402679
1024;ER Reeks 1990-2022 Definitief;2022;204;Koolstofdioxide;T102300;SBI 24.4/24.5 (per bedrijf): Basismetaalindustrie, vervaardiging van non-ferro metalen en gieten van metalen;63504;Gieterij Doesburg BV;24510;Gieten van ijzer;206112;447069;pub_0201;Basismetaal;49932;cv kantoor;206112;447069;P;5.0;0.0;0.0;0.0;0.05;125.0;1.0;0.04;0.006;106946.0;206112;447068;206112;447068
1025;ER Reeks 1990-2022 Definitief;2022;204;Koolstofdioxide;T102300;SBI 24.4/24.5 (per bedrijf): Basismetaalindustrie, vervaardiging van non-ferro metalen en gieten van metalen;63504;Gieterij Doesburg BV;24510;Gieten van ijzer;206112;447069;pub_0201;Basismetaal;49933;verwarming productie;206112;447069;P;6.0;0.0;0.0;0.0;0.04;125.0;3.0;0.1;0.015;254216.0;206112;447068;206112;447068
1026;ER Reeks 1990-2022 Definitief;2022;204;Koolstofdioxide;T100600;SBI 17 (per bedrijf): Vervaardiging van papier, karton en papier- en kartonwaren;64335;Stora Enso De Hoop B.V.;17212;Vervaardiging van golfpapier en -karton;200743;456801;pub_0211;Papier(waren);49872;Schoorsteen BU1;200743;456801;P;4.0;0.0;0.0;0.0;0.8;;;;0.7;1544445.0;200743;456800;200743;456800
1027;ER Reeks 1990-2022 Definitief;2022;204;Koolstofdioxide;T101100;SBI 20.1 (per bedrijf): Vervaardiging van chemische basisproducten;62;Chemelot Site Permit BV;20160;Vervaardiging van kunststof in primaire vorm;183732;332404;pub_0301;Chemische Industrie basisproducten;61621;Stanyl 1 DSM 4 K1911-3 GAS GESTOOKT HEET OLIE SYSTEEM;184290;329470;P;15.0;;;;0.45;108.0;;0.45944;0.055546296;1325720.0;184290;329469;183732;332403
1028;ER Reeks 1990-2022 Definitief;2022;204;Koolstofdioxide;T100201;SBI 10-12 (per bedrijf): Voedings- & genotmiddelenindustrie;22201;Olam Cocoa BV;10821;Verwerking van cacao;115668;498195;pub_0216;Voedings- en genotmiddelenindustrie;61678;BMI;115713;498247;P;24.0;;;;0.385;160.0;14.0;5.55;1.055;11165001.32;115713;498246;115668;498194
1029;ER Reeks 1990-2022 Definitief;2022;204;Koolstofdioxide;T108500;SBI 35 (per bedrijf): Productie en distributie van elektriciteit en gas;24003;Nuon Power Generation BV (Velsen);35111;Productie van elektriciteit door thermische, kern- en warmtekrachtcentrales;103696;498603;pub_0503;Opwekking electriciteit;59663;Velzen 25;103700;498604;P;159.0;;;;25.0;136.0;9.0;222.0;35.346;2340002798.999998;103700;498603;103696;498602
1030;ER Reeks 1990-2022 Definitief;2022;204;Koolstofdioxide;T100201;SBI 10-12 (per bedrijf): Voedings- & genotmiddelenindustrie;42410;Heineken Nederland BV (Den Bosch);11050;Vervaardiging van bier;147500;412600;pub_0216;Voedings- en genotmiddelenindustrie;59329;Stoomketel 15;147543;412697;P;14.0;;;;0.79;;;;0.1;6592388.4499212;147543;412696;147500;412599
1031;ER Reeks 1990-2022 Definitief;2022;204;Koolstofdioxide;T100201;SBI 10-12 (per bedrijf): Voedings- & genotmiddelenindustrie;10546;Bel Leerdammer BV (Schoonrewoerd);10510;Vervaardiging van zuivelproducten (geen consumptie-ijs);136450;437100;pub_0216;Voedings- en genotmiddelenindustrie;56460;Kantoren ST4;136512;437263;P;6.0;;;;0.005;66.0;12.0;0.0623;0.004;78000.0;136512;437262;136450;437099
1032;ER Reeks 1990-2022 Definitief;2022;204;Koolstofdioxide;T100201;SBI 10-12 (per bedrijf): Voedings- & genotmiddelenindustrie;10546;Bel Leerdammer BV (Schoonrewoerd);10510;Vervaardiging van zuivelproducten (geen consumptie-ijs);136450;437100;pub_0216;Voedings- en genotmiddelenindustrie;56465;Sprinkler;136492;437384;P;3.0;;;;0.006;406.0;41.0;0.2479;0.125;3130.0;136492;437383;136450;437099
1033;ER Reeks 1990-2022 Definitief;2022;204;Koolstofdioxide;T102700;SBI 20.15 (per bedrijf): Vervaardiging van kunstmeststoffen en stikstofverbindingen;115186;Yara Vlaardingen BV;20150;Vervaardiging van kunstmeststoffen en stikstofverbindingen;81938;435008;pub_0303;Chemische Industrie kunstmeststoffen;37487;CV-ketels;81830;434880;P;10.0;;;;1.0;;;;0.062;232583.5;81830;434879;81938;435007
1034;ER Reeks 1990-2022 Definitief;2022;204;Koolstofdioxide;T108502;SBI 35.12 (per bedrijf): Transportnet voor aardgas;114721;Gasunie (Alphen en Riel);35120;Beheer en exploitatie van transportnetten voor elektriciteit, aardgas en warm water;125901;391599;pub_0502;Olie- gaswinning land;35890;Divers, overig, diffuus;125901;391599;P;5.0;;;;0.0;;;;0.0;21868.0;125901;391598;125901;391598
1035;ER Reeks 1990-2022 Definitief;2022;204;Koolstofdioxide;T104300;SBI 23.32 (per bedrijf): Vervaardiging van bakstenen en dakpannen;326;Wienerberger Steenfabriek Poriso;23320;Vervaardiging van keramische producten voor de bouw (geen tegels en plavuizen);197490;328090;pub_0203;Bouwmaterialenindustrie;44225;Standaard steenbakkerij;197490;328090;P;32.0;;;;0.5;;;;1.0;13931051.4355;197490;328089;197490;328089
1036;ER Reeks 1990-2022 Definitief;2022;204;Koolstofdioxide;T101100;SBI 20.1 (per bedrijf): Vervaardiging van chemische basisproducten;33414;BASF Nederland BV Catalysts;20160;Vervaardiging van kunststof in primaire vorm;132150;454100;pub_0301;Chemische Industrie basisproducten;46752;Denox FT1;132158;454173;P;30.0;;;;0.28;308.0;13.0;3.6;1.368;1379683.54005;132158;454172;132150;454099
1037;ER Reeks 1990-2022 Definitief;2022;204;Koolstofdioxide;T108500;SBI 35 (per bedrijf): Productie en distributie van elektriciteit en gas;48084;Ennatuurlijk B.V. (Eindhoven);35140;Handel in elektriciteit en in gas via leidingen;159648;384467;pub_0503;Opwekking electriciteit;37280;Schoorsteen Hulpketels;159630;384490;P;25.0;;;;9.0;;;;0.83;7151604.0;159630;384489;159648;384466
1038;ER Reeks 1990-2022 Definitief;2022;204;Koolstofdioxide;T102800;SBI 20.16 (per bedrijf): Vervaardiging van kunststof in primaire vorm;49010;Basell Benelux BV;20160;Vervaardiging van kunststof in primaire vorm;98743;409159;pub_0301;Chemische Industrie basisproducten;38758;Divers, overig, diffuus;98743;409159;P;100.0;;;;0.0;;;;0.39642789193;5119000.0;98743;409158;98743;409158
1039;ER Reeks 1990-2022 Definitief;2022;204;Koolstofdioxide;T101100;SBI 20.1 (per bedrijf): Vervaardiging van chemische basisproducten;49010;Basell Benelux BV;20160;Vervaardiging van kunststof in primaire vorm;98743;409159;pub_0301;Chemische Industrie basisproducten;38759;Afvoer hot oil furnace;98750;409110;P;20.0;;;;0.0;;;;4.8;4598999.75918624;98750;409109;98743;409158
1040;ER Reeks 1990-2022 Definitief;2022;204;Koolstofdioxide;T101100;SBI 20.1 (per bedrijf): Vervaardiging van chemische basisproducten;51101;Eastman Chemical Middelburg BV;20160;Vervaardiging van kunststof in primaire vorm;33940;390952;pub_0301;Chemische Industrie basisproducten;38046;Schoorsteen H2 fabriek (B-1904);34280;391240;P;23.0;;;;0.66;50.0;15.0;10.0;0.488;8340000.0;34280;391239;33940;390951
1041;ER Reeks 1990-2022 Definitief;2022;204;Koolstofdioxide;T101100;SBI 20.1 (per bedrijf): Vervaardiging van chemische basisproducten;51101;Eastman Chemical Middelburg BV;20160;Vervaardiging van kunststof in primaire vorm;33940;390952;pub_0301;Chemische Industrie basisproducten;38048;Schoorsteen stoomketel B1400B;34235;391270;P;25.0;;;;0.99;157.0;14.0;13.9;2.588;9130000.0;34235;391269;33940;390951
1042;ER Reeks 1990-2022 Definitief;2022;204;Koolstofdioxide;T100201;SBI 10-12 (per bedrijf): Voedings- & genotmiddelenindustrie;62009;FrieslandCampina Butter (Lochem);10510;Vervaardiging van zuivelproducten (geen consumptie-ijs);226100;464540;pub_0216;Voedings- en genotmiddelenindustrie;46810;Gaskachel toren 5;226005;464521;P;12.0;;;;1.0;;;;0.18;2213987.0;226005;464520;226100;464539
1043;ER Reeks 1990-2022 Definitief;2022;204;Koolstofdioxide;T100201;SBI 10-12 (per bedrijf): Voedings- & genotmiddelenindustrie;62009;FrieslandCampina Butter (Lochem);10510;Vervaardiging van zuivelproducten (geen consumptie-ijs);226100;464540;pub_0216;Voedings- en genotmiddelenindustrie;46812;Gaskachel toren 7;225995;464492;P;22.0;;;;1.0;;;;0.14;1581105.0;225995;464491;226100;464539
1044;ER Reeks 1990-2022 Definitief;2022;204;Koolstofdioxide;T100201;SBI 10-12 (per bedrijf): Voedings- & genotmiddelenindustrie;62010;Nestle Nederland BV (Nunspeet);10860;Vervaardiging van gehomogeniseerde voedingspreparaten en dieetvoeding;182480;488580;pub_0216;Voedings- en genotmiddelenindustrie;37077;ketels;182494;488608;P;60.0;;;;10.0;;;;0.36;10178887.0;182494;488607;182480;488579
1045;ER Reeks 1990-2022 Definitief;2022;204;Koolstofdioxide;T104201;SBI 38.2 (per bedrijf): Afvalinzameling/beh, AVI's;44007;SUEZ ReEnergy Roosendaal;38110;Inzameling van onschadelijk afval;89550;395830;pub_0901;AVI's;41735;Schoorsteen BAVIRO lijn 2;89550;395830;P;80.0;;;;1.8;135.0;21.0;37.5;5.922;183003500.0;89550;395829;89550;395829
1046;ER Reeks 1990-2022 Definitief;2022;204;Koolstofdioxide;T108500;SBI 35 (per bedrijf): Productie en distributie van elektriciteit en gas;44008;Ennatuurlijk BV (Helmond);35140;Handel in elektriciteit en in gas via leidingen;175950;386100;pub_0503;Opwekking electriciteit;37298;STEG 2;175925;386080;P;45.0;;;;8.0;;;;8.49;18736080.0;175925;386079;175950;386099
1047;ER Reeks 1990-2022 Definitief;2022;204;Koolstofdioxide;T104201;SBI 38.2 (per bedrijf): Afvalinzameling/beh, AVI's;44009;Attero BV (Moerdijk);38210;Behandeling van onschadelijk afval;99289;410805;pub_0901;AVI's;41713;Lijn 2;99293;410804;P;80.0;;;;3.94;123.5;14.0;54.0;7.731;256835432.52;99293;410803;99289;410804
1048;ER Reeks 1990-2022 Definitief;2022;204;Koolstofdioxide;T101702;SBI 20.5 (per bedrijf): Overige chemische producten;61436;Givaudan Nederland BV (Barneveld);20530;Vervaardiging van etherische oliën;168000;464350;pub_0304;Chemische Industrie overig;36696;Schoorsteen ketelhuis;168000;464350;P;17.0;;;;0.42;;;;0.6;1330000.0;168000;464349;168000;464349
1049;ER Reeks 1990-2022 Definitief;2022;204;Koolstofdioxide;T108502;SBI 35.12 (per bedrijf): Transportnet voor aardgas;61517;Gasunie (Zweekhorst);35120;Beheer en exploitatie van transportnetten voor elektriciteit, aardgas en warm water;202845;441955;pub_0502;Olie- gaswinning land;35619;601 GE-FRS5RC;203000;442080;P;20.0;;;;19.13;496.0;3.0;50.76;31.545;9634.0;203000;442079;202845;441954
1050;ER Reeks 1990-2022 Definitief;2022;204;Koolstofdioxide;T100201;SBI 10-12 (per bedrijf): Voedings- & genotmiddelenindustrie;82002;FrieslandCampina Domo (Beilen);10510;Vervaardiging van zuivelproducten (geen consumptie-ijs);231300;541530;pub_0216;Voedings- en genotmiddelenindustrie;42345;Noodaggregaat egalisatietank;231300;541530;P;2.0;;;;1.0;200.0;0.0;6e-05;1.443e-05;4270.0;231300;541529;231300;541529
1051;ER Reeks 1990-2022 Definitief;2022;204;Koolstofdioxide;T100201;SBI 10-12 (per bedrijf): Voedings- & genotmiddelenindustrie;82603;Avebe u.a. (Gasselternijveen);10620;Vervaardiging van zetmeel en zetmeelproducten;254450;556800;pub_0216;Voedings- en genotmiddelenindustrie;42674;Divers, overig, diffuus;254450;556800;P;5.0;;;;0.0;;;;0.0;2429130.0;254450;556799;254450;556799
1052;ER Reeks 1990-2022 Definitief;2022;204;Koolstofdioxide;T100201;SBI 10-12 (per bedrijf): Voedings- & genotmiddelenindustrie;82603;Avebe u.a. (Gasselternijveen);10620;Vervaardiging van zetmeel en zetmeelproducten;254450;556800;pub_0216;Voedings- en genotmiddelenindustrie;42681;Stoomketel 3;254442;556854;P;20.0;;;;0.0;220.0;;0.08;0.021;395000.0;254442;556853;254450;556799
1053;ER Reeks 1990-2022 Definitief;2022;204;Koolstofdioxide;T106200;SBI 25 (per bedrijf): Metaalproductenindustrie (exclusief machinebouw);10982;Galvanisch Bedrijf Chromolux;25610;Oppervlaktebehandeling en bekleding van metaal;90500;434500;pub_0210;Metaalelektro;44666;CV stookinstallatie;90604;434590;P;6.0;;;;47.0;176.0;0.0;9.55;0.0;221916.0;90604;434589;90500;434499
1054;ER Reeks 1990-2022 Definitief;2022;204;Koolstofdioxide;T101100;SBI 20.1 (per bedrijf): Vervaardiging van chemische basisproducten;11024;Cabot BV;20130;Vervaardiging van overige anorganische basischemicaliën;77704;434252;pub_0301;Chemische Industrie basisproducten;28091;Centrale schoorsteen;77670;434280;P;60.0;;;;5.23;;;;0.0;204170000.0;77670;434279;77704;434251
1055;ER Reeks 1990-2022 Definitief;2022;204;Koolstofdioxide;T100201;SBI 10-12 (per bedrijf): Voedings- & genotmiddelenindustrie;11034;Meneba Meel BV;10610;Vervaardiging van meel (geen zetmeel);92600;434400;pub_0216;Voedings- en genotmiddelenindustrie;41366;Divers, overig, diffuus;92600;434400;P;15.0;;;;;;;;0.2;3144174.0;92600;434399;92600;434399
1056;ER Reeks 1990-2022 Definitief;2022;204;Koolstofdioxide;T101100;SBI 20.1 (per bedrijf): Vervaardiging van chemische basisproducten;11046;PURAC Biochem BV;20149;Vervaardiging van organische basischemicaliën (geen petrochemische producten);127480;428400;pub_0301;Chemische Industrie basisproducten;40699;ketel 8;127403;428367;P;35.0;;;;0.5;;;;0.23;4103808.84279652;127403;428366;127480;428399
1057;ER Reeks 1990-2022 Definitief;2022;204;Koolstofdioxide;T101100;SBI 20.1 (per bedrijf): Vervaardiging van chemische basisproducten;1107;Nouryon Functional Chemicals BV;20141;Vervaardiging van petrochemische producten;202300;352150;pub_0301;Chemische Industrie basisproducten;35333;drogers;202300;352150;P;15.0;;;;1.3;;;;0.01;2273123.0;202300;352149;202300;352149
1058;ER Reeks 1990-2022 Definitief;2022;204;Koolstofdioxide;T100201;SBI 10-12 (per bedrijf): Voedings- & genotmiddelenindustrie;62406;Riedel B.V.;10320;Vervaardiging van fruit- en groentesap;172850;449350;pub_0216;Voedings- en genotmiddelenindustrie;36219;Divers, overig, diffuus;172850;449350;P;5.0;;;;0.0;;;;0.0;391000.0;172850;449349;172850;449349
1059;ER Reeks 1990-2022 Definitief;2022;204;Koolstofdioxide;T105000;SBI 10.1 (per bedrijf): Slachterijen en vleesverwerking;62852;Pluimveeslachterij Van den Bor BV;10120;Pluimveeslachterijen;160350;468480;pub_0216;Voedings- en genotmiddelenindustrie;43958;Divers, overig, diffuus;160350;468480;P;5.0;;;;;;;;0.0;774576.0;160350;468479;160350;468479
1060;ER Reeks 1990-2022 Definitief;2022;204;Koolstofdioxide;T104704;SBI 24.45 (per bedrijf) Vervaardiging van overige non-ferrometalen, koper;63012;Aurubis Netherlands B.V.;24440;Vervaardiging van koper;211100;463650;pub_0201;Basismetaal;35232;Ebneroven;210970;463700;P;16.0;;;;0.0;12.0;;0.27;0.0;493879.0;210970;463699;211100;463649
1061;ER Reeks 1990-2022 Definitief;2022;204;Koolstofdioxide;T102300;SBI 24.4/24.5 (per bedrijf): Basismetaalindustrie, vervaardiging van non-ferro metalen en gieten van metalen;63504;Gieterij Doesburg BV;24510;Gieten van ijzer;206112;447069;pub_0201;Basismetaal;41910;Smelterij 18;206112;447069;P;14.0;;;;1.23;;;;0.001;2659.0;206112;447068;206112;447068
1062;ER Reeks 1990-2022 Definitief;2022;204;Koolstofdioxide;T103900;SBI 49-53 (per bedrijf): Transport, communicatie;11090;Odfjell Terminals (Rotterdam) BV;52101;Opslag in tanks;81505;432967;pub_1201;Energiegebruik en processen Handel, Diensten en Overheid (HDO);45482;Gebouw 4;80910;433370;P;4.0;;;;1.0;50.0;1.0;1.0;0.049;41680.0;80910;433369;81505;432966
1063;ER Reeks 1990-2022 Definitief;2022;204;Koolstofdioxide;T105700;SBI 11.07 (per bedrijf): Vervaardiging van dranken;11105;Heineken Nederland BV (Zoeterwoude);11050;Vervaardiging van bier;97050;461400;pub_0216;Voedings- en genotmiddelenindustrie;35418;Divers, overig, diffuus;97050;461400;P;25.0;;;;0.0;;;;0.0;2512982.0;97050;461399;97050;461399
1064;ER Reeks 1990-2022 Definitief;2022;204;Koolstofdioxide;T101100;SBI 20.1 (per bedrijf): Vervaardiging van chemische basisproducten;41003;Shell Nederland Chemie BV (Moerdijk);20141;Vervaardiging van petrochemische producten;97946;411331;pub_0301;Chemische Industrie basisproducten;42429;Kraakfornuizen;98006;411180;P;60.0;;;;65.0;207.0;5.0;305.56;76.505;1219223958.80619;98006;411179;97946;411330
1065;ER Reeks 1990-2022 Definitief;2022;204;Koolstofdioxide;T101100;SBI 20.1 (per bedrijf): Vervaardiging van chemische basisproducten;41003;Shell Nederland Chemie BV (Moerdijk);20141;Vervaardiging van petrochemische producten;97946;411331;pub_0301;Chemische Industrie basisproducten;42432;Procesfornuis F5301 2e styreen en propeenoxidefabriek;97245;410610;P;80.0;;;;9.6;200.0;6.0;62.33;15.046;216086395.93891332;97245;410609;97946;411330
1066;ER Reeks 1990-2022 Definitief;2022;204;Koolstofdioxide;T101100;SBI 20.1 (per bedrijf): Vervaardiging van chemische basisproducten;41003;Shell Nederland Chemie BV (Moerdijk);20141;Vervaardiging van petrochemische producten;97946;411331;pub_0301;Chemische Industrie basisproducten;42435;Utiliteitsbedrijf MLO-U;98024;410957;P;130.0;;;;15.0;200.0;10.0;144.44;34.866;678242300.8029925;98024;410956;97946;411330
1067;ER Reeks 1990-2022 Definitief;2022;204;Koolstofdioxide;T101100;SBI 20.1 (per bedrijf): Vervaardiging van chemische basisproducten;41102;Allnex Netherlands B.V.;20160;Vervaardiging van kunststof in primaire vorm;77249;391375;pub_0301;Chemische Industrie basisproducten;37464;Transport;77300;391350;P;5.0;;;;0.0;;;;0.0;23572.0;77300;391349;77249;391374
1068;ER Reeks 1990-2022 Definitief;2022;204;Koolstofdioxide;T100201;SBI 10-12 (per bedrijf): Voedings- & genotmiddelenindustrie;202229;IOI - Loders Croklaan Oils B.V.;10410;Vervaardiging van plantaardige en dierlijke oliën en vetten (geen margarine en andere spijsvetten);61400;443100;pub_0216;Voedings- en genotmiddelenindustrie;40799;L12 GEKA 2;62587;442643;P;47.0;;;;0.28;275.2;2.0;0.664;0.224;2549668.69966006;62587;442642;61400;443099
1069;ER Reeks 1990-2022 Definitief;2022;204;Koolstofdioxide;T105000;SBI 10.1 (per bedrijf): Slachterijen en vleesverwerking;202662;Pluimveeslachterij G.P. Remkes B.V.;10120;Pluimveeslachterijen;196322;484206;pub_0216;Voedings- en genotmiddelenindustrie;37265;Divers, overig, diffuus;196322;484206;P;5.0;;;;;;;;0.0;472572.0;196322;484205;196322;484205
1070;ER Reeks 1990-2022 Definitief;2022;204;Koolstofdioxide;T102201;SBI 19.201 (per bedrijf): Aardolieraffinage;202746;Simadan;19201;Aardolieraffinage;115750;490110;pub_0401;Raffinage en verwerking;44579;SK C;115648;490286;P;25.0;;;;0.79;168.0;3.0;2.75;0.551;13200000.0;115648;490285;115750;490109
1071;ER Reeks 1990-2022 Definitief;2022;204;Koolstofdioxide;T108500;SBI 35 (per bedrijf): Productie en distributie van elektriciteit en gas;202895;Energiecoöperatie Greenhouse Energy;35120;Beheer en exploitatie van transportnetten voor elektriciteit, aardgas en warm water;191490;436460;pub_0503;Opwekking electriciteit;42195;Wkk A1;191490;436460;P;12.0;;;;0.6;50.0;4.0;2.42;0.118;321168.0;191490;436459;191490;436459
1072;ER Reeks 1990-2022 Definitief;2022;204;Koolstofdioxide;T108500;SBI 35 (per bedrijf): Productie en distributie van elektriciteit en gas;202895;Energiecoöperatie Greenhouse Energy;35120;Beheer en exploitatie van transportnetten voor elektriciteit, aardgas en warm water;191490;436460;pub_0503;Opwekking electriciteit;42200;Wkk A7;191490;436460;P;12.0;;;;0.6;50.0;6.0;3.35;0.163;868387.0;191490;436459;191490;436459
1073;ER Reeks 1990-2022 Definitief;2022;204;Koolstofdioxide;T106100;SBI 22.2 (per bedrijf): Vervaardiging van producten van kunststof;41113;Synbra Technology BV;22230;Vervaardiging van kunststofproducten voor de bouw;103026;404397;pub_0213;Rubber- en kunstofverw. Industrie;44376;PERs (ketel 6 en 7);103080;404610;P;10.0;;;;0.0;173.3;6.0;2.784;0.577;1687197.9999999998;103080;404609;103026;404396
1074;ER Reeks 1990-2022 Definitief;2022;204;Koolstofdioxide;T102501;SBI 20.141 (per bedrijf): Vervaardiging van petrochemische producten;51104;Dow Benelux BV (Hoek);20141;Vervaardiging van petrochemische producten;43193;373788;pub_0301;Chemische Industrie basisproducten;38446;FAKKEL DOWLEX LE21;43475;373579;P;90.0;;;;0.2;;;;0.075;1100612.088;43475;373578;43193;373787
1075;ER Reeks 1990-2022 Definitief;2022;204;Koolstofdioxide;T102501;SBI 20.141 (per bedrijf): Vervaardiging van petrochemische producten;51104;Dow Benelux BV (Hoek);20141;Vervaardiging van petrochemische producten;43193;373788;pub_0301;Chemische Industrie basisproducten;38447;Fakkel EPE;43335;373883;P;65.0;;;;0.2;;;;0.075;1100612.088;43335;373882;43193;373787
1076;ER Reeks 1990-2022 Definitief;2022;204;Koolstofdioxide;T102501;SBI 20.141 (per bedrijf): Vervaardiging van petrochemische producten;51104;Dow Benelux BV (Hoek);20141;Vervaardiging van petrochemische producten;43193;373788;pub_0301;Chemische Industrie basisproducten;38453;LDPE compressorhal;43193;373788;P;15.0;;;;0.5;;;;0.001;617477.85;43193;373787;43193;373787
1077;ER Reeks 1990-2022 Definitief;2022;204;Koolstofdioxide;T102501;SBI 20.141 (per bedrijf): Vervaardiging van petrochemische producten;51104;Dow Benelux BV (Hoek);20141;Vervaardiging van petrochemische producten;43193;373788;pub_0301;Chemische Industrie basisproducten;38459;OPEN TERR. STYREEN-4  LE13;42600;373300;P;5.0;;;;0.0;;;;0.001;1658000.0;42600;373299;43193;373787
1078;ER Reeks 1990-2022 Definitief;2022;204;Koolstofdioxide;T100600;SBI 17 (per bedrijf): Vervaardiging van papier, karton en papier- en kartonwaren;64345;Mayr-Melnhof Eerbeek BV;17122;Vervaardiging van papier en karton voor verpakking;201330;457510;pub_0211;Papier(waren);39556;lage druk stoomketel;201330;457510;P;25.0;;;;0.95;;;;0.18;7036397.0;201330;457509;201330;457509
1079;ER Reeks 1990-2022 Definitief;2022;204;Koolstofdioxide;T101100;SBI 20.1 (per bedrijf): Vervaardiging van chemische basisproducten;41428;DSM NeoResins B.V.;20160;Vervaardiging van kunststof in primaire vorm;131981;412041;pub_0301;Chemische Industrie basisproducten;36997;Stoomketel 3;132150;411900;P;11.0;;;;1.0;;;;0.306;2645561.0;132150;411899;131981;412040
1080;ER Reeks 1990-2022 Definitief;2022;204;Koolstofdioxide;T101100;SBI 20.1 (per bedrijf): Vervaardiging van chemische basisproducten;41428;DSM NeoResins B.V.;20160;Vervaardiging van kunststof in primaire vorm;131981;412041;pub_0301;Chemische Industrie basisproducten;36998;Verwarming gebouwen;132000;412000;P;10.0;;;;1.0;;;;0.093;825173.0;132000;411999;131981;412040
1081;ER Reeks 1990-2022 Definitief;2022;204;Koolstofdioxide;T151100;SBI 46/47 (per bedrijf): Detail- en groothandel;202990;Alco Energy Rotterdam;46712;Groothandel in vloeibare en gasvormige brandstoffen;72210;438230;pub_1201;Energiegebruik en processen Handel, Diensten en Overheid (HDO);38689;Conventionele boiler;72004;438146;P;40.0;;;;2.2;174.0;5.0;12.0;2.496;31818852.2743968;72004;438145;72210;438229
1082;ER Reeks 1990-2022 Definitief;2022;204;Koolstofdioxide;T102201;SBI 19.201 (per bedrijf): Aardolieraffinage;202992;Biopetrol Rotterdam BV;19201;Aardolieraffinage;80191;433416;pub_0401;Raffinage en verwerking;38681;stoomboiler;80191;433416;P;20.0;;;;0.95;;;;1.0;27565728.0;80191;433415;80191;433415
1083;ER Reeks 1990-2022 Definitief;2022;204;Koolstofdioxide;T108500;SBI 35 (per bedrijf): Productie en distributie van elektriciteit en gas;203155;Nuon HWC (Almere);35111;Productie van elektriciteit door thermische, kern- en warmtekrachtcentrales;143251;488915;pub_0503;Opwekking electriciteit;37125;Schoorsteen;143251;488915;P;40.0;;;;4.43;234.0;1.0;2.41;0.687;181834.0;143251;488914;143251;488914
1084;ER Reeks 1990-2022 Definitief;2022;204;Koolstofdioxide;T101001;SBI 35.111 (per bedrijf): Elektriciteitsproduktie;12149;Uniper Centrale Maasvlakte;35111;Productie van elektriciteit door thermische, kern- en warmtekrachtcentrales;61481;442057;pub_0503;Opwekking electriciteit;41682;Divers, overig, diffuus;61481;442057;P;5.0;;;;0.0;;;;0.0;17381416.0;61481;442056;61481;442056
1085;ER Reeks 1990-2022 Definitief;2022;204;Koolstofdioxide;T108500;SBI 35 (per bedrijf): Productie en distributie van elektriciteit en gas;12149;Uniper Centrale Maasvlakte;35111;Productie van elektriciteit door thermische, kern- en warmtekrachtcentrales;61481;442057;pub_0503;Opwekking electriciteit;41682;Divers, overig, diffuus;61481;442057;P;5.0;;;;0.0;;;;0.0;80000.0;61481;442056;61481;442056
1086;ER Reeks 1990-2022 Definitief;2022;204;Koolstofdioxide;T108500;SBI 35 (per bedrijf): Productie en distributie van elektriciteit en gas;12150;Uniper Centrale RoCa;35111;Productie van elektriciteit door thermische, kern- en warmtekrachtcentrales;98212;440895;pub_0503;Opwekking electriciteit;39462;RoCa 1;98244;440925;P;60.0;;;;8.0;85.0;12.0;93.0;8.717;9917000.0;98244;440924;98212;440894
1087;ER Reeks 1990-2022 Definitief;2022;204;Koolstofdioxide;T104705;SBI 24.45 (per bedrijf) Vervaardiging van overige non-ferrometalen, lood;12167;UZIMET BV;24430;Vervaardiging van lood, zink en tin;83663;450035;pub_0201;Basismetaal;41928;Schoorsteen naverbrander;83663;450035;P;10.0;;;;0.38;92.0;11.0;4.14;0.425;152405.82;83663;450034;83663;450034
1088;ER Reeks 1990-2022 Definitief;2022;204;Koolstofdioxide;T104705;SBI 24.45 (per bedrijf) Vervaardiging van overige non-ferrometalen, lood;12167;UZIMET BV;24430;Vervaardiging van lood, zink en tin;83663;450035;pub_0201;Basismetaal;41929;Schoorsteen verbrandingsketels;83630;449980;P;18.0;;;;1.0;;;;0.054;580643.18;83630;449979;83663;450034
1089;ER Reeks 1990-2022 Definitief;2022;204;Koolstofdioxide;T108502;SBI 35.12 (per bedrijf): Transportnet voor aardgas;41502;Gasunie (Ravenstein);35120;Beheer en exploitatie van transportnetten voor elektriciteit, aardgas en warm water;173928;421577;pub_0502;Olie- gaswinning land;37178;1-4 RR-AVON;173928;421577;P;13.0;;;;11.67;326.0;3.0;35.64;14.369;30479.0;173928;421576;173928;421576
1090;ER Reeks 1990-2022 Definitief;2022;204;Koolstofdioxide;T108502;SBI 35.12 (per bedrijf): Transportnet voor aardgas;41502;Gasunie (Ravenstein);35120;Beheer en exploitatie van transportnetten voor elektriciteit, aardgas en warm water;173928;421577;pub_0502;Olie- gaswinning land;37188;3-2 RR-AVON;173928;421577;P;15.0;;;;28.27;426.0;2.0;49.94;26.547;390086.0;173928;421576;173928;421576
1091;ER Reeks 1990-2022 Definitief;2022;204;Koolstofdioxide;T101100;SBI 20.1 (per bedrijf): Vervaardiging van chemische basisproducten;51104;Dow Benelux BV (Hoek);20141;Vervaardiging van petrochemische producten;43193;373788;pub_0301;Chemische Industrie basisproducten;38488;STACK BA-105 + BA-106 LE1;42988;373981;P;62.0;;;;2.25;;;;0.138;41426237.0;42988;373980;43193;373787
1092;ER Reeks 1990-2022 Definitief;2022;204;Koolstofdioxide;T101100;SBI 20.1 (per bedrijf): Vervaardiging van chemische basisproducten;51104;Dow Benelux BV (Hoek);20141;Vervaardiging van petrochemische producten;43193;373788;pub_0301;Chemische Industrie basisproducten;38489;STACK BA105 LE3;42599;373988;P;62.0;;;;3.24;;;;0.293;52396092.0;42599;373987;43193;373787
1093;ER Reeks 1990-2022 Definitief;2022;204;Koolstofdioxide;T101100;SBI 20.1 (per bedrijf): Vervaardiging van chemische basisproducten;51104;Dow Benelux BV (Hoek);20141;Vervaardiging van petrochemische producten;43193;373788;pub_0301;Chemische Industrie basisproducten;38490;STACK BA106 LE3;42599;373984;P;62.0;;;;3.24;;;;0.293;22972419.0;42599;373983;43193;373787
1094;ER Reeks 1990-2022 Definitief;2022;204;Koolstofdioxide;T101100;SBI 20.1 (per bedrijf): Vervaardiging van chemische basisproducten;51104;Dow Benelux BV (Hoek);20141;Vervaardiging van petrochemische producten;43193;373788;pub_0301;Chemische Industrie basisproducten;38497;STACK BA110 LE3;42620;373961;P;62.0;;;;3.24;;;;0.293;44984577.0;42620;373960;43193;373787
1095;ER Reeks 1990-2022 Definitief;2022;204;Koolstofdioxide;T101702;SBI 20.5 (per bedrijf): Overige chemische producten;201172;Smit & Zoon;20590;Vervaardiging van overige chemische producten n.e.g.;132205;480475;pub_0304;Chemische Industrie overig;45571;Naverbrander;132271;480424;P;10.0;;;;0.636;140.0;2.0;1.29;0.0;755537.0;132271;480423;132205;480474
1096;ER Reeks 1990-2022 Definitief;2022;204;Koolstofdioxide;T101702;SBI 20.5 (per bedrijf): Overige chemische producten;201172;Smit & Zoon;20590;Vervaardiging van overige chemische producten n.e.g.;132205;480475;pub_0304;Chemische Industrie overig;46720;Verwarming kantoor;132240;480500;P;12.0;;;;0.02;120.0;2.0;0.0436;0.0;46513.0;132240;480499;132205;480474
1097;ER Reeks 1990-2022 Definitief;2022;204;Koolstofdioxide;T103200;SBI 20.4 (per bedrijf): Vervaardiging was- en schoonmaakmiddelen, parfums en cosmetica;201241;Emmtec Services BV;81229;Overige gespecialiseerde reiniging;257552;533045;pub_0304;Chemische Industrie overig;42173;WKC2;257840;532734;P;25.0;;;;7.1;145.0;13.0;90.0;15.369;89000000.0;257840;532733;257552;533044
1098;ER Reeks 1990-2022 Definitief;2022;204;Koolstofdioxide;T101702;SBI 20.5 (per bedrijf): Overige chemische producten;21304;Givaudan Nederland BV (Naarden);20530;Vervaardiging van etherische oliën;141030;478690;pub_0304;Chemische Industrie overig;8104;Schoorsteen ketels;141030;478690;P;22.0;;;;0.45;;;;0.6;240000.0;141030;478689;141030;478689
1099;ER Reeks 1990-2022 Definitief;2022;204;Koolstofdioxide;T100201;SBI 10-12 (per bedrijf): Voedings- & genotmiddelenindustrie;42834;Rendac Son BV;10910;Vervaardiging van veevoeders;159100;390650;pub_0216;Voedings- en genotmiddelenindustrie;38594;Schoorsteen stoomketel 40;159100;390650;P;10.0;;;;0.8;;;;1.02;2181235.725825;159100;390649;159100;390649
1100;ER Reeks 1990-2022 Definitief;2022;204;Koolstofdioxide;T102202;SBI 24.1-24.3 (per bedrijf): Basismetaalindustrie, verwerking en vervaardiging ijzer en staal;43002;Salzgitter Mannesmann Seamless Tubes BV;24200;Vervaardiging van stalen buizen, pijpen, holle profielen en fittings daarvoor;174950;386900;pub_0201;Basismetaal;43022;UITLAAT ROOKGASSEN CV KETEL;174950;386900;P;5.0;;;;0.03;165.0;1.0;0.03446;0.007;21700.0;174950;386899;174950;386899
1101;ER Reeks 1990-2022 Definitief;2022;204;Koolstofdioxide;T100201;SBI 10-12 (per bedrijf): Voedings- & genotmiddelenindustrie;52612;Cargill Benelux BV;10620;Vervaardiging van zetmeel en zetmeelproducten;44338;361919;pub_0216;Voedings- en genotmiddelenindustrie;38360;emissiepunt 540A;44338;361919;P;23.0;;;;4.0;;;;6.211;26911576.5157875;44338;361918;44338;361918
1102;ER Reeks 1990-2022 Definitief;2022;204;Koolstofdioxide;T108502;SBI 35.12 (per bedrijf): Transportnet voor aardgas;71514;Gasunie Vilsteren/Ommen;35120;Beheer en exploitatie van transportnetten voor elektriciteit, aardgas en warm water;221116;501184;pub_0502;Olie- gaswinning land;38942;2-C-012 GE-FRS3;221116;501184;P;17.0;;;;8.75;327.0;;38.91;15.781896;56377.0;221116;501183;221116;501183
1103;ER Reeks 1990-2022 Definitief;2022;204;Koolstofdioxide;T108502;SBI 35.12 (per bedrijf): Transportnet voor aardgas;71514;Gasunie Vilsteren/Ommen;35120;Beheer en exploitatie van transportnetten voor elektriciteit, aardgas en warm water;221116;501184;pub_0502;Olie- gaswinning land;38945;2-C-015 GE-FRS3;221116;501184;P;17.0;;;;8.8;455.0;;28.45;16.2734;94327.0;221116;501183;221116;501183
1104;ER Reeks 1990-2022 Definitief;2022;204;Koolstofdioxide;T108502;SBI 35.12 (per bedrijf): Transportnet voor aardgas;21529;Gasunie (Beverwijk);35120;Beheer en exploitatie van transportnetten voor elektriciteit, aardgas en warm water;108327;500235;pub_0502;Olie- gaswinning land;35633;Divers, overig, diffuus;110457;497743;P;5.0;;;;0.0;;;;0.0;239597.11485;110457;497742;108327;500234
1105;ER Reeks 1990-2022 Definitief;2022;204;Koolstofdioxide;T108502;SBI 35.12 (per bedrijf): Transportnet voor aardgas;21529;Gasunie (Beverwijk);35120;Beheer en exploitatie van transportnetten voor elektriciteit, aardgas en warm water;108327;500235;pub_0502;Olie- gaswinning land;45521;DNB 2: MTU - 8V183 AA31;108287;500142;P;6.0;;;;0.1;12.0;0.0;0.01;0.0;61.9627937219746;108287;500141;108327;500234
1106;ER Reeks 1990-2022 Definitief;2022;204;Koolstofdioxide;T101100;SBI 20.1 (per bedrijf): Vervaardiging van chemische basisproducten;10006;Shell Nederland Chemie BV (Pernis);20141;Vervaardiging van petrochemische producten;84625;433319;pub_0301;Chemische Industrie basisproducten;44592;COD F-4301A;85140;433390;P;24.0;;;;0.0;;;;2.9;2430890.0;85140;433389;84625;433318
1107;ER Reeks 1990-2022 Definitief;2022;204;Koolstofdioxide;T101100;SBI 20.1 (per bedrijf): Vervaardiging van chemische basisproducten;10006;Shell Nederland Chemie BV (Pernis);20141;Vervaardiging van petrochemische producten;84625;433319;pub_0301;Chemische Industrie basisproducten;44595;CVP A-6603;83830;433480;P;24.0;;;;0.0;;;;5.5;3809190.0;83830;433479;84625;433318
1108;ER Reeks 1990-2022 Definitief;2022;204;Koolstofdioxide;T101100;SBI 20.1 (per bedrijf): Vervaardiging van chemische basisproducten;10006;Shell Nederland Chemie BV (Pernis);20141;Vervaardiging van petrochemische producten;84625;433319;pub_0301;Chemische Industrie basisproducten;44596;CVP A-7801;83830;433480;P;24.0;;;;0.0;;;;2.3;1503837.0;83830;433479;84625;433318
1109;ER Reeks 1990-2022 Definitief;2022;204;Koolstofdioxide;T101100;SBI 20.1 (per bedrijf): Vervaardiging van chemische basisproducten;10016;Climax Molybdenum BV;20120;Vervaardiging van kleurstoffen en pigmenten;76600;433310;pub_0301;Chemische Industrie basisproducten;38112;Chemische fabriek;76660;433310;P;15.0;;;;0.79;241.1;4.0;3.41;1.003;1989974.0;76660;433309;76600;433309
1110;ER Reeks 1990-2022 Definitief;2022;204;Koolstofdioxide;T101100;SBI 20.1 (per bedrijf): Vervaardiging van chemische basisproducten;10016;Climax Molybdenum BV;20120;Vervaardiging van kleurstoffen en pigmenten;76600;433310;pub_0301;Chemische Industrie basisproducten;38113;Roostfabriek en Afgasreiniging;76650;433370;P;86.0;;;;3.5;;;;0.001;4183934.999999996;76650;433369;76600;433309
1111;ER Reeks 1990-2022 Definitief;2022;204;Koolstofdioxide;T101702;SBI 20.5 (per bedrijf): Overige chemische producten;21403;Cabot Norit Nederland B.V.;20590;Vervaardiging van overige chemische producten n.e.g.;116710;492900;pub_0304;Chemische Industrie overig;35256;AO 1+AO 3+AO 4;116644;492920;P;30.0;;;;0.5;;;;0.498;751077.0;116644;492919;116710;492899
1112;ER Reeks 1990-2022 Definitief;2022;204;Koolstofdioxide;T108500;SBI 35 (per bedrijf): Productie en distributie van elektriciteit en gas;203411;Air Liquide Pergen VOF;35111;Productie van elektriciteit door thermische, kern- en warmtekrachtcentrales;84800;433523;pub_0503;Opwekking electriciteit;38302;50% GT2 + HRSG 2A;84819;433500;P;65.0;;;;18.1;;;;20.0;284800680.0;84819;433499;84800;433522
1113;ER Reeks 1990-2022 Definitief;2022;204;Koolstofdioxide;T151100;SBI 46/47 (per bedrijf): Detail- en groothandel;203590;Arkema BV (Rotterdam);46751;Groothandel in chemische grondstoffen en chemicaliën voor industriële toepassing;82620;434005;pub_1201;Energiegebruik en processen Handel, Diensten en Overheid (HDO);41665;56EL04 (Me-91 Stack Ontgeuringsinstallatie);82622;434014;P;50.0;;;;0.79;180.0;3.0;1.5;0.324;4871673.885075;82622;434013;82620;434004
1114;ER Reeks 1990-2022 Definitief;2022;204;Koolstofdioxide;T104706;SBI 24.45 (per bedrijf) Vervaardiging van overige non-ferrometalen, zink;43013;Nyrstar Budel BV;24430;Vervaardiging van lood, zink en tin;169900;361000;pub_0201;Basismetaal;38973;fakkel SRB zuivering (emissiepunt 40);169900;361000;P;4.0;;;;0.07;66.0;;0.06;0.003978;2167313.0;169900;360999;169900;360999
1115;ER Reeks 1990-2022 Definitief;2022;204;Koolstofdioxide;T104706;SBI 24.45 (per bedrijf) Vervaardiging van overige non-ferrometalen, zink;43013;Nyrstar Budel BV;24430;Vervaardiging van lood, zink en tin;169900;361000;pub_0201;Basismetaal;38990;start/stop schoorsteen roostovens (emissiepunt 8);169900;361000;P;27.0;;;;0.64;;;;0.579;594915.0;169900;360999;169900;360999
1116;ER Reeks 1990-2022 Definitief;2022;204;Koolstofdioxide;T101100;SBI 20.1 (per bedrijf): Vervaardiging van chemische basisproducten;10073;Tronox Pigments (Holland) BV;20120;Vervaardiging van kleurstoffen en pigmenten;78070;434900;pub_0301;Chemische Industrie basisproducten;38836;Divers, overig, diffuus;78070;434900;P;5.0;;;;0.0;;;;0.0;298487.0;78070;434899;78070;434899
1117;ER Reeks 1990-2022 Definitief;2022;204;Koolstofdioxide;T101100;SBI 20.1 (per bedrijf): Vervaardiging van chemische basisproducten;10073;Tronox Pigments (Holland) BV;20120;Vervaardiging van kleurstoffen en pigmenten;78070;434900;pub_0301;Chemische Industrie basisproducten;38838;incinerator;78120;435022;P;50.0;;;;0.5;65.0;12.0;6.0;0.408;70320531.0;78120;435021;78070;434899
1118;ER Reeks 1990-2022 Definitief;2022;204;Koolstofdioxide;T101100;SBI 20.1 (per bedrijf): Vervaardiging van chemische basisproducten;101104;Dow Benelux BV (Delfzijl);20141;Vervaardiging van petrochemische producten;259700;592600;pub_0301;Chemische Industrie basisproducten;42449;Fornuis FU-701;259700;592600;P;17.0;;;;0.0;172.0;;0.57;0.117;3500725.0;259700;592599;259700;592599
1119;ER Reeks 1990-2022 Definitief;2022;204;Koolstofdioxide;T102102;SBI 23 (per bedrijf): Bouwmaterialen- en glasindustrie;101405;Electric Glass Fiber NL BV;23140;Vervaardiging van glasvezels;241450;577380;pub_0203;Bouwmaterialenindustrie;16698;Droogprocessen (ADWC e.a.);241450;577380;P;14.0;;;;0.0;;;;0.142;1720926.0;241450;577379;241450;577379
1120;ER Reeks 1990-2022 Definitief;2022;204;Koolstofdioxide;T107100;SBI 08 (per bedrijf): Winning van delfstoffen (geen olie en gas);101408;Nedmag BV;8990;Winning van overige delfstoffen n.e.g.;256065;570785;pub_0802;Overig bouw;42861;Schoorsteen A3002 (schachtovens);256052;570936;P;50.0;;;;1.0;70.0;2.0;2.2;0.164;39881835.2;256052;570935;256065;570784
1121;ER Reeks 1990-2022 Definitief;2022;204;Koolstofdioxide;T100201;SBI 10-12 (per bedrijf): Voedings- & genotmiddelenindustrie;203868;De Bioderij BV;10720;Vervaardiging van beschuit en koekjes en van ander houdbaar banketbakkerswerk;110031;426433;pub_0216;Voedings- en genotmiddelenindustrie;46036;Schoorstenen hal 1;110024;426425;P;35.0;;;;2.0;180.0;2.0;4.16;0.897;3757787.2808175;110024;426424;110031;426432
1122;ER Reeks 1990-2022 Definitief;2022;204;Koolstofdioxide;T105600;SBI 10.8 (per bedrijf): Overige voedingsmiddelenindustrie (exclusief SBI 10.81 en 10.82);203868;De Bioderij BV;10720;Vervaardiging van beschuit en koekjes en van ander houdbaar banketbakkerswerk;110031;426433;pub_0216;Voedings- en genotmiddelenindustrie;46036;Schoorstenen hal 1;110024;426425;P;35.0;;;;2.0;180.0;2.0;4.16;0.897;751398.546907501;110024;426424;110031;426432
1123;ER Reeks 1990-2022 Definitief;2022;204;Koolstofdioxide;T100201;SBI 10-12 (per bedrijf): Voedings- & genotmiddelenindustrie;203868;De Bioderij BV;10720;Vervaardiging van beschuit en koekjes en van ander houdbaar banketbakkerswerk;110031;426433;pub_0216;Voedings- en genotmiddelenindustrie;46037;Schoorstenen hal 2;110008;426429;P;30.0;;;;1.1;150.0;4.0;4.16;0.737;1610480.2632075;110008;426428;110031;426432
1124;ER Reeks 1990-2022 Definitief;2022;204;Koolstofdioxide;T100201;SBI 10-12 (per bedrijf): Voedings- & genotmiddelenindustrie;204287;Global Food Group BV eierverwerking;10890;Vervaardiging van overige voedingsmiddelen n.e.g.;182020;367682;pub_0216;Voedings- en genotmiddelenindustrie;42549;eierschalendroger;182020;367682;P;11.0;;;;0.1;20.0;7.0;0.6995;0.007;373063.0;182020;367681;182020;367681
1125;ER Reeks 1990-2022 Definitief;2022;204;Koolstofdioxide;T100201;SBI 10-12 (per bedrijf): Voedings- & genotmiddelenindustrie;204287;Global Food Group BV eierverwerking;10890;Vervaardiging van overige voedingsmiddelen n.e.g.;182020;367682;pub_0216;Voedings- en genotmiddelenindustrie;42550;stoomketel;182020;367682;P;11.0;;;;0.1;100.0;0.0;0.005;0.001;180291.06;182020;367681;182020;367681
1126;ER Reeks 1990-2022 Definitief;2022;204;Koolstofdioxide;T104201;SBI 38.2 (per bedrijf): Afvalinzameling/beh, AVI's;204395;Van Gansewinkel (Stadskanaal);38110;Inzameling van onschadelijk afval;262459;555604;pub_0901;AVI's;43007;Divers, overig, diffuus;262438;555561;P;5.0;;;;;;;;0.0;577628.0;262438;555560;262459;555603
1127;ER Reeks 1990-2022 Definitief;2022;204;Koolstofdioxide;T108502;SBI 35.12 (per bedrijf): Transportnet voor aardgas;204522;Ondergrondse aardgasopslag Zuidwending;35120;Beheer en exploitatie van transportnetten voor elektriciteit, aardgas en warm water;258576;567374;pub_0502;Olie- gaswinning land;37169;Divers, overig, diffuus;258576;567374;P;5.0;;;;;;;;0.0;86066.38950591844;258576;567373;258576;567373
1128;ER Reeks 1990-2022 Definitief;2022;204;Koolstofdioxide;T108500;SBI 35 (per bedrijf): Productie en distributie van elektriciteit en gas;204617;Centrale Rotterdam;35111;Productie van elektriciteit door thermische, kern- en warmtekrachtcentrales;64578;440415;pub_0503;Opwekking electriciteit;45599;schoorsteen Hulpketel 1;64607;440334;P;12.0;;;;1.13;120.0;6.0;7.15;0.991;1407000.0;64607;440333;64578;440414
1129;ER Reeks 1990-2022 Definitief;2022;204;Koolstofdioxide;T108500;SBI 35 (per bedrijf): Productie en distributie van elektriciteit en gas;204654;Enecogen VOF;35120;Beheer en exploitatie van transportnetten voor elektriciteit, aardgas en warm water;66120;441896;pub_0503;Opwekking electriciteit;41922;Noodstroom diesel Unit 10;66047;441778;P;3.0;;;;0.5;565.0;5.0;2.5;0.01775;22769.74;66047;441777;66120;441895
1130;ER Reeks 1990-2022 Definitief;2022;204;Koolstofdioxide;T104702;SBI 24.45 (per bedrijf) Vervaardiging van overige non-ferrometalen, aluminium;43856;Sapa Profiles NL BV (Drunen);24420;Vervaardiging van aluminium;138700;411500;pub_0201;Basismetaal;38313;Billetoven (EX3);138700;411500;P;12.0;;;;0.04;400.0;35000.0;1400.0;0.194638888888889;727000.0;138700;411499;138700;411499
1131;ER Reeks 1990-2022 Definitief;2022;204;Koolstofdioxide;T102201;SBI 19.201 (per bedrijf): Aardolieraffinage;10057;Shell Nederland Raffinaderij BV;19201;Aardolieraffinage;82574;432924;pub_0401;Raffinage en verwerking;8968;CC-2;82850;432660;P;100.0;;;;7.0;297.0;6.0;44.99;16.463;450471150.9999995;82850;432659;82574;432923
1132;ER Reeks 1990-2022 Definitief;2022;204;Koolstofdioxide;T102201;SBI 19.201 (per bedrijf): Aardolieraffinage;10057;Shell Nederland Raffinaderij BV;19201;Aardolieraffinage;82574;432924;pub_0401;Raffinage en verwerking;42214;HV-5/6;82955;432620;P;100.0;;;;1.43;180.0;10.0;14.97;3.229;94405047.0;82955;432619;82574;432923
1133;ER Reeks 1990-2022 Definitief;2022;204;Koolstofdioxide;T102201;SBI 19.201 (per bedrijf): Aardolieraffinage;10057;Shell Nederland Raffinaderij BV;19201;Aardolieraffinage;82574;432924;pub_0401;Raffinage en verwerking;42216;Hycon;82825;432930;P;110.0;;;;0.33;145.0;17.0;5.52;0.943;35291852.0;82825;432929;82574;432923
1134;ER Reeks 1990-2022 Definitief;2022;204;Koolstofdioxide;T102201;SBI 19.201 (per bedrijf): Aardolieraffinage;10057;Shell Nederland Raffinaderij BV;19201;Aardolieraffinage;82574;432924;pub_0401;Raffinage en verwerking;44598;fakkel klm terrein;84897;433210;P;125.0;;;;0.0;;;;3.68;20647224.0;84897;433209;82574;432923
1135;ER Reeks 1990-2022 Definitief;2022;204;Koolstofdioxide;T108500;SBI 35 (per bedrijf): Productie en distributie van elektriciteit en gas;204957;Eneco Solar, Bio & Hydro BV, WKC Ypenburg;35120;Beheer en exploitatie van transportnetten voor elektriciteit, aardgas en warm water;85471;452540;pub_0503;Opwekking electriciteit;45533;WKK 1 schoorsteen;85455;452580;P;20.0;;;;0.28;110.0;9.0;2.4;0.302;5249736.0;85455;452579;85471;452539
1136;ER Reeks 1990-2022 Definitief;2022;204;Koolstofdioxide;T106200;SBI 25 (per bedrijf): Metaalproductenindustrie (exclusief machinebouw);205183;Van Merksteijn International BV;25930;Vervaardiging van artikelen van draad en van kettingen en veren;238760;487181;pub_0210;Metaalelektro;45636;Poedercoat;238820;487581;P;10.0;;;;0.56;;;;0.001;1071409.0;238820;487580;238760;487180
1137;ER Reeks 1990-2022 Definitief;2022;204;Koolstofdioxide;T108500;SBI 35 (per bedrijf): Productie en distributie van elektriciteit en gas;205186;Eneco Solar, Bio & Hydro / HWC Ypenburg;35120;Beheer en exploitatie van transportnetten voor elektriciteit, aardgas en warm water;84489;451037;pub_0503;Opwekking electriciteit;45824;Ketel4;84493;451045;P;15.0;;;;0.33;75.0;7.0;2.4;0.194;503275.0;84493;451044;84489;451036
1138;ER Reeks 1990-2022 Definitief;2022;204;Koolstofdioxide;T100300;SBI 13/14 (per bedrijf): Vervaardiging van textiel en kleding;44162;Vlisco Helmond BV;13300;Textielveredeling;173650;387400;pub_0215;Textiel- en tapijtindustrie;36335;Drogen/zweefdroger 1;173650;387400;P;12.0;;;;0.0;100.0;;2.8;0.316;474620.0;173650;387399;173650;387399
1139;ER Reeks 1990-2022 Definitief;2022;204;Koolstofdioxide;T100300;SBI 13/14 (per bedrijf): Vervaardiging van textiel en kleding;44162;Vlisco Helmond BV;13300;Textielveredeling;173650;387400;pub_0215;Textiel- en tapijtindustrie;36336;Drogen| breedwasbak 7;173650;387400;P;12.0;;;;0.0;80.0;;2.8;0.2366;93343.0;173650;387399;173650;387399
1140;ER Reeks 1990-2022 Definitief;2022;204;Koolstofdioxide;T100300;SBI 13/14 (per bedrijf): Vervaardiging van textiel en kleding;44162;Vlisco Helmond BV;13300;Textielveredeling;173650;387400;pub_0215;Textiel- en tapijtindustrie;36339;Drogen| G3-machine;173650;387400;P;14.0;;;;0.0;70.0;;4.2;0.3003;274250.0;173650;387399;173650;387399
1141;ER Reeks 1990-2022 Definitief;2022;204;Koolstofdioxide;T100300;SBI 13/14 (per bedrijf): Vervaardiging van textiel en kleding;44162;Vlisco Helmond BV;13300;Textielveredeling;173650;387400;pub_0215;Textiel- en tapijtindustrie;36342;Drogen| spanramen 22&23;173650;387400;P;12.0;;;;0.0;55.0;;4.2;0.2184;501275.232;173650;387399;173650;387399
1142;ER Reeks 1990-2022 Definitief;2022;204;Koolstofdioxide;T102102;SBI 23 (per bedrijf): Bouwmaterialen- en glasindustrie;44709;Steenfabriek Engels Oeffelt BV;23320;Vervaardiging van keramische producten voor de bouw (geen tegels en plavuizen);191350;411200;pub_0203;Bouwmaterialenindustrie;38656;schoorsteen tunneloven;191350;411200;P;40.0;;;;1.23;140.0;6.0;6.9;1.134;12056320.2435;191350;411199;191350;411199
1143;ER Reeks 1990-2022 Definitief;2022;204;Koolstofdioxide;T104300;SBI 23.32 (per bedrijf): Vervaardiging van bakstenen en dakpannen;44709;Steenfabriek Engels Oeffelt BV;23320;Vervaardiging van keramische producten voor de bouw (geen tegels en plavuizen);191350;411200;pub_0203;Bouwmaterialenindustrie;38656;schoorsteen tunneloven;191350;411200;P;40.0;;;;1.23;140.0;6.0;6.9;1.134;6107502.7565;191350;411199;191350;411199
1144;ER Reeks 1990-2022 Definitief;2022;204;Koolstofdioxide;T100600;SBI 17 (per bedrijf): Vervaardiging van papier, karton en papier- en kartonwaren;84808;Smurfit Kappa Solid Board Coevorden;17121;Vervaardiging van grafisch papier en karton;246400;519750;pub_0211;Papier(waren);34784;Stoomketel en verwarming;246400;519750;P;12.0;;;;1.3;;;;0.38;14735000.0;246400;519749;246400;519749
1145;ER Reeks 1990-2022 Definitief;2022;204;Koolstofdioxide;T100201;SBI 10-12 (per bedrijf): Voedings- & genotmiddelenindustrie;84999;FrieslandCampina Kievit (Meppel);10510;Vervaardiging van zuivelproducten (geen consumptie-ijs);208200;523000;pub_0216;Voedings- en genotmiddelenindustrie;42565;ketelhuis;208200;523000;P;27.0;;;;1.1;120.0;3.0;3.6;0.499;16910000.0;208200;522999;208200;522999
1146;ER Reeks 1990-2022 Definitief;2022;204;Koolstofdioxide;T102300;SBI 24.4/24.5 (per bedrijf): Basismetaalindustrie, vervaardiging van non-ferro metalen en gieten van metalen;90;Componenta BV (Hoensbroek);24510;Gieten van ijzer;193920;324330;pub_0201;Basismetaal;41856;Smelten;193920;324330;P;50.0;;;;0.0;95.0;4.0;4.4;0.469;6531614.0;193920;324329;193920;324329
1147;ER Reeks 1990-2022 Definitief;2022;204;Koolstofdioxide;T106100;SBI 22.2 (per bedrijf): Vervaardiging van producten van kunststof;24605;Forbo Flooring BV;22230;Vervaardiging van kunststofproducten voor de bouw;112868;500232;pub_0213;Rubber- en kunstofverw. Industrie;45660;ep  C2-1-1;113076;500670;P;7.0;;;;0.07;27.0;34.0;2.4;0.046;59375.76;113076;500669;112868;500231
1148;ER Reeks 1990-2022 Definitief;2022;204;Koolstofdioxide;T102201;SBI 19.201 (per bedrijf): Aardolieraffinage;10061;Esso Nederland BV (Raffinaderij Rotterdam);19201;Aardolieraffinage;79871;432082;pub_0401;Raffinage en verwerking;45590;HC fornuis (F6901);79924;432145;P;60.0;;;;1.767;;;;1.559;49313056.9196609;79924;432144;79871;432081
1149;ER Reeks 1990-2022 Definitief;2022;204;Koolstofdioxide;T102201;SBI 19.201 (per bedrijf): Aardolieraffinage;10061;Esso Nederland BV (Raffinaderij Rotterdam);19201;Aardolieraffinage;79871;432082;pub_0401;Raffinage en verwerking;45592;PWF fornuizen (F561/2/3/4,F505,F1001);80024;432333;P;90.0;;;;13.332;;;;14.805;428560960.0;80024;432332;79871;432081
1150;ER Reeks 1990-2022 Definitief;2022;204;Koolstofdioxide;T104201;SBI 38.2 (per bedrijf): Afvalinzameling/beh, AVI's;10063;AVR NV (Rijnmond);38210;Behandeling van onschadelijk afval;78545;434865;pub_0901;AVI's;39573;Roosterovens (RO-0 t/m RO-6);78538;434949;P;75.0;;;;27.6;139.8;1.0;24.8;4.07;1353589999.0;78538;434948;78545;434864
1151;ER Reeks 1990-2022 Definitief;2022;204;Koolstofdioxide;T101100;SBI 20.1 (per bedrijf): Vervaardiging van chemische basisproducten;10698;Croda;20149;Vervaardiging van organische basischemicaliën (geen petrochemische producten);108400;446500;pub_0301;Chemische Industrie basisproducten;38709;noodaggregaat Unicorn;108583;446553;P;12.0;;;;0.03;350.0;2.0;0.055;0.024;2647.0;108583;446552;108400;446499
1152;ER Reeks 1990-2022 Definitief;2022;204;Koolstofdioxide;T100201;SBI 10-12 (per bedrijf): Voedings- & genotmiddelenindustrie;22602;Tate & Lyle Netherlands BV;10620;Vervaardiging van zetmeel en zetmeelproducten;115900;497600;pub_0216;Voedings- en genotmiddelenindustrie;42980;WKK installaties;115969;497607;P;40.0;;;;2.0;160.0;14.0;28.55;0.0;41582367.0;115969;497606;115900;497599
1153;ER Reeks 1990-2022 Definitief;2022;204;Koolstofdioxide;T102102;SBI 23 (per bedrijf): Bouwmaterialen- en glasindustrie;94;Steenfabriek Gebroeders Klinkers BV;23320;Vervaardiging van keramische producten voor de bouw (geen tegels en plavuizen);175280;320990;pub_0203;Bouwmaterialenindustrie;37110;Totaal;175280;320990;P;15.0;;;;0.79;67.0;13.0;10.65;0.752;8189641.326;175280;320989;175280;320989
1154;ER Reeks 1990-2022 Definitief;2022;204;Koolstofdioxide;T100600;SBI 17 (per bedrijf): Vervaardiging van papier, karton en papier- en kartonwaren;94301;Huhtamaki Nederland BV;17290;Vervaardiging van overige papier- en kartonwaren;165330;577300;pub_0211;Papier(waren);40770;M4 - KVP;165401;577327;P;9.0;;;;0.0;;;;1.1;609405.0831;165401;577326;165330;577299
1155;ER Reeks 1990-2022 Definitief;2022;204;Koolstofdioxide;T100600;SBI 17 (per bedrijf): Vervaardiging van papier, karton en papier- en kartonwaren;94301;Huhtamaki Nederland BV;17290;Vervaardiging van overige papier- en kartonwaren;165330;577300;pub_0211;Papier(waren);40775;M56;165336;577322;P;7.0;;;;0.0;;;;0.6;432884.57;165336;577321;165330;577299
1156;ER Reeks 1990-2022 Definitief;2022;204;Koolstofdioxide;T101100;SBI 20.1 (per bedrijf): Vervaardiging van chemische basisproducten;94706;BASF Nederland B.V. (Nijehaske);20160;Vervaardiging van kunststof in primaire vorm;188750;553750;pub_0301;Chemische Industrie basisproducten;40752;RTO (Thermische naverbrandingsinstallatie);188750;553750;P;10.0;;;;0.5;97.0;4.0;2.09;0.228;272055.186825;188750;553749;188750;553749
1157;ER Reeks 1990-2022 Definitief;2022;204;Koolstofdioxide;T102102;SBI 23 (per bedrijf): Bouwmaterialen- en glasindustrie;95;Kleiwarenfabriek Façade Beek BV;23320;Vervaardiging van keramische producten voor de bouw (geen tegels en plavuizen);182980;328250;pub_0203;Bouwmaterialenindustrie;41805;Schoorsteen tunneloven;182980;328250;P;30.0;;;;0.64;130.0;3.0;2.17;0.329;7128830.441325;182980;328249;182980;328249
1158;ER Reeks 1990-2022 Definitief;2022;204;Koolstofdioxide;T100201;SBI 10-12 (per bedrijf): Voedings- & genotmiddelenindustrie;10728;Cargill B.V.;10410;Vervaardiging van plantaardige en dierlijke oliën en vetten (geen margarine en andere spijsvetten);78989;433152;pub_0216;Voedings- en genotmiddelenindustrie;42522;Divers, overig, diffuus;78989;433152;P;5.0;;;;0.0;;;;0.0;104639.0;78989;433151;78989;433151
1159;ER Reeks 1990-2022 Definitief;2022;204;Koolstofdioxide;T100201;SBI 10-12 (per bedrijf): Voedings- & genotmiddelenindustrie;10728;Cargill B.V.;10410;Vervaardiging van plantaardige en dierlijke oliën en vetten (geen margarine en andere spijsvetten);78989;433152;pub_0216;Voedings- en genotmiddelenindustrie;42529;Schoorsteen stoomketel F-530;78000;434122;P;10.0;;;;0.18;;;;1.745;421035.0;78000;434121;78989;433151
1160;ER Reeks 1990-2022 Definitief;2022;204;Koolstofdioxide;T100201;SBI 10-12 (per bedrijf): Voedings- & genotmiddelenindustrie;10728;Cargill B.V.;10410;Vervaardiging van plantaardige en dierlijke oliën en vetten (geen margarine en andere spijsvetten);78989;433152;pub_0216;Voedings- en genotmiddelenindustrie;42532;Schoorsteen stoomketel F-570;78000;434125;P;36.0;;;;36.0;;;;3.0;3238955.0;78000;434124;78989;433151
1161;ER Reeks 1990-2022 Definitief;2022;204;Koolstofdioxide;T100201;SBI 10-12 (per bedrijf): Voedings- & genotmiddelenindustrie;10728;Cargill B.V.;10410;Vervaardiging van plantaardige en dierlijke oliën en vetten (geen margarine en andere spijsvetten);78989;433152;pub_0216;Voedings- en genotmiddelenindustrie;45484;Dieselpompen sprinkler installatie;79092;433282;P;3.0;;;;0.2;;;;0.1;4341.0;79092;433281;78989;433151
1162;ER Reeks 1990-2022 Definitief;2022;204;Koolstofdioxide;T100201;SBI 10-12 (per bedrijf): Voedings- & genotmiddelenindustrie;102302;Suiker Unie Vierverlaten;10810;Vervaardiging van suiker;229011;581366;pub_0216;Voedings- en genotmiddelenindustrie;42851;Diverse branderinstallaties (silo, CV);229000;581420;P;32.0;;;;0.0;12.0;;0.1;0.2;1442014.0;229000;581419;229011;581365
1163;ER Reeks 1990-2022 Definitief;2022;204;Koolstofdioxide;T100201;SBI 10-12 (per bedrijf): Voedings- & genotmiddelenindustrie;102504;Rixona BV (Warffum);10310;Vervaardiging van aardappelproducten;230757;601513;pub_0216;Voedings- en genotmiddelenindustrie;46212;Stoomketel 1;230823;601517;P;14.0;;;;0.7854;;;;0.114;3026133.5;230823;601516;230757;601512
1164;ER Reeks 1990-2022 Definitief;2022;204;Koolstofdioxide;T104702;SBI 24.45 (per bedrijf) Vervaardiging van overige non-ferrometalen, aluminium;103009;KBM Master Alloys BV (Delfzijl);24420;Vervaardiging van aluminium;260800;592000;pub_0201;Basismetaal;42508;Schoorsteen insmeltoven 1;260800;592000;P;14.0;;;;0.7;300.0;1.0;0.416;0.154;1388387.55;260800;591999;260800;591999
1165;ER Reeks 1990-2022 Definitief;2022;204;Koolstofdioxide;T108500;SBI 35 (per bedrijf): Productie en distributie van elektriciteit en gas;104001;ENGIE Energie Nederland NV (Eemscentrale);35111;Productie van elektriciteit door thermische, kern- en warmtekrachtcentrales;254265;606627;pub_0503;Opwekking electriciteit;42511;diesels;254265;606627;P;5.0;;;;0.03;;;;2.0;69712.0;254265;606626;254265;606626
1166;ER Reeks 1990-2022 Definitief;2022;204;Koolstofdioxide;T108500;SBI 35 (per bedrijf): Productie en distributie van elektriciteit en gas;104001;ENGIE Energie Nederland NV (Eemscentrale);35111;Productie van elektriciteit door thermische, kern- en warmtekrachtcentrales;254265;606627;pub_0503;Opwekking electriciteit;42513;EC3;254265;606627;P;67.0;;;;39.0;90.0;16.0;625.0;62.594;222414547.0;254265;606626;254265;606626
1167;ER Reeks 1990-2022 Definitief;2022;204;Koolstofdioxide;T101100;SBI 20.1 (per bedrijf): Vervaardiging van chemische basisproducten;104003;Delesto BV;20130;Vervaardiging van overige anorganische basischemicaliën;259432;593623;pub_0301;Chemische Industrie basisproducten;42909;Schoorsteen 7000;259432;593623;P;40.0;;;;42.0;130.0;10.0;437.0;66.21;77077528.0;259432;593622;259432;593622
1168;ER Reeks 1990-2022 Definitief;2022;204;Koolstofdioxide;T104201;SBI 38.2 (per bedrijf): Afvalinzameling/beh, AVI's;28085;Afval Energie Bedrijf (Amsterdam);38210;Behandeling van onschadelijk afval;114552;490378;pub_0901;AVI's;43107;Productielijn 11, 12, 23 en 24;114552;490378;P;100.0;;;;21.5;64.4;2.0;40.2;2.705;733007940.0;114552;490377;114552;490377
1169;ER Reeks 1990-2022 Definitief;2022;204;Koolstofdioxide;T104201;SBI 38.2 (per bedrijf): Afvalinzameling/beh, AVI's;28091;HVC (Alkmaar);38210;Behandeling van onschadelijk afval;112698;513765;pub_0901;AVI's;42988;AVI lijn 3;112698;513765;P;80.0;;;;2.54;166.0;12.0;29.25;5.784;178150000.0;112698;513764;112698;513764
1170;ER Reeks 1990-2022 Definitief;2022;204;Koolstofdioxide;T102102;SBI 23 (per bedrijf): Bouwmaterialen- en glasindustrie;4753;Rockwool B.V.;23990;Vervaardiging van niet-metaalhoudende minerale producten (geen schuur-, slijp- en polijstmiddelen);200915;353671;pub_0203;Bouwmaterialenindustrie;35003;Hardingsoven lijn 3;200852;353705;P;10.0;;;;0.31;241.0;12.0;3.57;1.05;1771104.53385;200852;353704;200915;353670
1171;ER Reeks 1990-2022 Definitief;2022;204;Koolstofdioxide;T101100;SBI 20.1 (per bedrijf): Vervaardiging van chemische basisproducten;48002;Unipol Holland BV;20160;Vervaardiging van kunststof in primaire vorm;166312;421568;pub_0301;Chemische Industrie basisproducten;37469;stoomketel 3;166288;421539;P;8.0;;;;0.5;206.0;1.0;0.483;0.12;105704.0;166288;421538;166312;421567
1172;ER Reeks 1990-2022 Definitief;2022;204;Koolstofdioxide;T103600;SBI 20.59 (per bedrijf): Vervaardiging van overige chemische producten n.e.g.;48018;FUJIFILM Manufacturing Europe BV;20590;Vervaardiging van overige chemische producten n.e.g.;129000;401000;pub_0304;Chemische Industrie overig;38391;Productie van offsetplaten P3;129650;400770;P;15.0;;;;0.0;119.9;;8.89;1.232;1572330.0;129650;400769;129000;400999
1173;ER Reeks 1990-2022 Definitief;2022;204;Koolstofdioxide;T106100;SBI 22.2 (per bedrijf): Vervaardiging van producten van kunststof;104611;Schur Flexible Benelux BV;22220;Vervaardiging van verpakkingsmiddelen van kunststof;222100;575550;pub_0213;Rubber- en kunstofverw. Industrie;46830;Naverbrander Zernikelaan;220931;577639;P;10.0;;;;0.95;;;;0.8;1408550.0;220931;577638;222100;575549
1174;ER Reeks 1990-2022 Definitief;2022;204;Koolstofdioxide;T102500;SBI 20.13 (per bedrijf): Basischemie anorganisch;104710;ESD-SIC BV;20130;Vervaardiging van overige anorganische basischemicaliën;260222;591232;pub_0301;Chemische Industrie basisproducten;42645;Ovenbedrijf (exl. fakkel);260250;591280;P;25.0;;;;0.0;;;;0.1;32967.0;260250;591279;260222;591231
1175;ER Reeks 1990-2022 Definitief;2022;204;Koolstofdioxide;T101100;SBI 20.1 (per bedrijf): Vervaardiging van chemische basisproducten;105016;Nobian Chemicals BV (Chemie Park Delfzijl);20130;Vervaardiging van overige anorganische basischemicaliën;259000;593700;pub_0301;Chemische Industrie basisproducten;42718;Salt Droogzout ventilator;259000;593700;P;30.0;;;;0.5;40.0;3.0;1.25;0.045;2377.73;259000;593699;259000;593699
1176;ER Reeks 1990-2022 Definitief;2022;204;Koolstofdioxide;T100300;SBI 13/14 (per bedrijf): Vervaardiging van textiel en kleding;10621;Hunter Douglas Europe BV;13960;Vervaardiging van technisch en industrieel textiel;94850;436030;pub_0215;Textiel- en tapijtindustrie;38821;Verwarmingsinstallatie;94850;436030;P;25.0;;;;1.13;;;;0.001;325098.0;94850;436029;94850;436029
1177;ER Reeks 1990-2022 Definitief;2022;204;Koolstofdioxide;T151100;SBI 46/47 (per bedrijf): Detail- en groothandel;31311;Dishman Netherlands B.V.;46751;Groothandel in chemische grondstoffen en chemicaliën voor industriële toepassing;166850;449000;pub_1201;Energiegebruik en processen Handel, Diensten en Overheid (HDO);38762;Schoorsteen ketelhuis 1;166850;449000;P;14.0;;;;1.5;60.0;0.0;0.173;0.011;2160000.0;166850;448999;166850;448999
1178;ER Reeks 1990-2022 Definitief;2022;204;Koolstofdioxide;T101100;SBI 20.1 (per bedrijf): Vervaardiging van chemische basisproducten;325;Lawter Maastricht BV;20149;Vervaardiging van organische basischemicaliën (geen petrochemische producten);177690;321395;pub_0301;Chemische Industrie basisproducten;38716;stoomketel;177580;321120;P;20.0;;;;0.24;;;;0.041;1320000.0;177580;321119;177690;321394
1179;ER Reeks 1990-2022 Definitief;2022;204;Koolstofdioxide;T100600;SBI 17 (per bedrijf): Vervaardiging van papier, karton en papier- en kartonwaren;48024;SCA Tissue Nederland BV;17220;Vervaardiging van huishoudelijke en sanitaire papierwaren;187500;418200;pub_0211;Papier(waren);39454;Gaskap PM 2;187358;418126;P;10.0;;;;0.48;170.0;3.0;1.411;0.286;2150668.144;187358;418125;187500;418199
1180;ER Reeks 1990-2022 Definitief;2022;204;Koolstofdioxide;T104706;SBI 24.45 (per bedrijf) Vervaardiging van overige non-ferrometalen, zink;48073;Nedzink BV;24430;Vervaardiging van lood, zink en tin;169850;360930;pub_0201;Basismetaal;34993;Blokkenoven;169850;360930;P;8.0;;;;0.13;;;;0.001;8368.893;169850;360929;169850;360929
1181;ER Reeks 1990-2022 Definitief;2022;204;Koolstofdioxide;T106200;SBI 25 (per bedrijf): Metaalproductenindustrie (exclusief machinebouw);43210;AHC Benelux B.V.;25610;Oppervlaktebehandeling en bekleding van metaal;158280;382800;pub_0210;Metaalelektro;46774;LT-ketel 1;158280;382800;P;5.0;;;;0.008;;;;0.001;52123.54;158280;382799;158280;382799
1182;ER Reeks 1990-2022 Definitief;2022;204;Koolstofdioxide;T104702;SBI 24.45 (per bedrijf) Vervaardiging van overige non-ferrometalen, aluminium;5739;E-max Remelt;24420;Vervaardiging van aluminium;200842;321125;pub_0201;Basismetaal;36502;Rookgasreiniging BMD3;200842;321125;P;18.0;;;;0.87;;;;0.956;1058618.0;200842;321124;200842;321124
1183;ER Reeks 1990-2022 Definitief;2022;204;Koolstofdioxide;T104702;SBI 24.45 (per bedrijf) Vervaardiging van overige non-ferrometalen, aluminium;5739;E-max Remelt;24420;Vervaardiging van aluminium;200842;321125;pub_0201;Basismetaal;36505;Schoorsteen HO2;200842;321125;P;18.0;;;;0.87;;;;0.116;1132664.0;200842;321124;200842;321124
1184;ER Reeks 1990-2022 Definitief;2022;204;Koolstofdioxide;T100201;SBI 10-12 (per bedrijf): Voedings- & genotmiddelenindustrie;5750;FrieslandCampina Born;10510;Vervaardiging van zuivelproducten (geen consumptie-ijs);185599;340870;pub_0216;Voedings- en genotmiddelenindustrie;44230;Schoorsteen ketelhuis;185599;340870;P;14.0;;;;0.0;;;;0.004;6827977.0;185599;340869;185599;340869
1185;ER Reeks 1990-2022 Definitief;2022;204;Koolstofdioxide;T101100;SBI 20.1 (per bedrijf): Vervaardiging van chemische basisproducten;5804;PQ Silicas BV (Maastricht);20130;Vervaardiging van overige anorganische basischemicaliën;177330;321380;pub_0301;Chemische Industrie basisproducten;43267;Divers, overig, diffuus;177330;321380;P;5.0;;;;0.0;;;;0.0;22048.0;177330;321379;177330;321379
1186;ER Reeks 1990-2022 Definitief;2022;204;Koolstofdioxide;T101100;SBI 20.1 (per bedrijf): Vervaardiging van chemische basisproducten;5804;PQ Silicas BV (Maastricht);20130;Vervaardiging van overige anorganische basischemicaliën;177330;321380;pub_0301;Chemische Industrie basisproducten;43272;F202 - Directe aardgasbrander SDS;177775;321096;P;28.0;;;;0.0;;;;0.3;2735085.0;177775;321095;177330;321379
1187;ER Reeks 1990-2022 Definitief;2022;204;Koolstofdioxide;T100201;SBI 10-12 (per bedrijf): Voedings- & genotmiddelenindustrie;10687;DSM Delft Permit BV;10890;Vervaardiging van overige voedingsmiddelen n.e.g.;83500;448300;pub_0216;Voedings- en genotmiddelenindustrie;38397;Gebouwverwarming;83478;448303;P;1.0;;;;1.0;;;;1.0;297293.0;83478;448302;83500;448299
1188;ER Reeks 1990-2022 Definitief;2022;204;Koolstofdioxide;T100201;SBI 10-12 (per bedrijf): Voedings- & genotmiddelenindustrie;10687;DSM Delft Permit BV;10890;Vervaardiging van overige voedingsmiddelen n.e.g.;83500;448300;pub_0216;Voedings- en genotmiddelenindustrie;38401;Middendruk ketel 39;83500;448300;P;30.0;;;;1.0;;;;2.0;14840024.0;83500;448299;83500;448299
1189;ER Reeks 1990-2022 Definitief;2022;204;Koolstofdioxide;T102601;SBI 20.149 (per bedrijf): Basischemie organisch (geen petrochemische producten);11366;Emerald Kalama Chemical Rotterdam BV;20149;Vervaardiging van organische basischemicaliën (geen petrochemische producten);77444;433673;pub_0301;Chemische Industrie basisproducten;37481;Tolueenoxidatie;77970;433880;P;40.0;;;;1.3;30.7;4.0;5.73;0.138;5609400.0;77970;433879;77444;433672
1190;ER Reeks 1990-2022 Definitief;2022;204;Koolstofdioxide;T108500;SBI 35 (per bedrijf): Productie en distributie van elektriciteit en gas;114001;Maxima-centrale;35111;Productie van elektriciteit door thermische, kern- en warmtekrachtcentrales;164694;509969;pub_0503;Opwekking electriciteit;46750;Oliegestookte ketels;164633;509957;P;3.0;;;;0.5;150.0;20.0;10.0;1.772;12000.0;164633;509956;164694;509968
1191;ER Reeks 1990-2022 Definitief;2022;204;Koolstofdioxide;T102501;SBI 20.141 (per bedrijf): Vervaardiging van petrochemische producten;115036;Lyondell Chemie Nederland B.V.;20141;Vervaardiging van petrochemische producten;61001;443044;pub_0301;Chemische Industrie basisproducten;38568;Divers, overig, diffuus;61001;443044;P;5.0;;;;0.0;;;;0.0;32100.0;61001;443043;61001;443043
1192;ER Reeks 1990-2022 Definitief;2022;204;Koolstofdioxide;T105300;SBI 10.5 (per bedrijf): Zuivelindustrie;115185;DOC Kaas (Zuivelpark);10510;Vervaardiging van zuivelproducten (geen consumptie-ijs);231671;525745;pub_0216;Voedings- en genotmiddelenindustrie;35448;Divers, overig, diffuus;231700;525300;P;22.0;;;;0.0;;;;0.0;2700.0;231700;525299;231671;525744
1193;ER Reeks 1990-2022 Definitief;2022;204;Koolstofdioxide;T106200;SBI 25 (per bedrijf): Metaalproductenindustrie (exclusief machinebouw);43210;AHC Benelux B.V.;25610;Oppervlaktebehandeling en bekleding van metaal;158280;382800;pub_0210;Metaalelektro;46780;Lucht inblaas verwarmer Concord 2;158280;382800;P;0.0;;;;1.69;;;;0.001;67015.98;158280;382799;158280;382799
1194;ER Reeks 1990-2022 Definitief;2022;204;Koolstofdioxide;T104201;SBI 38.2 (per bedrijf): Afvalinzameling/beh, AVI's;75305;Twence BV Boeldershoek;38210;Behandeling van onschadelijk afval;250428;472719;pub_0901;AVI's;36290;Schoorsteen BEC;250521;472513;P;80.0;;;;3.1;140.0;22.0;68.0;11.176;238283766.0;250521;472512;250428;472718
1195;ER Reeks 1990-2022 Definitief;2022;204;Koolstofdioxide;T100201;SBI 10-12 (per bedrijf): Voedings- & genotmiddelenindustrie;75342;FrieslandCampina Cheese (Balkbrug);10510;Vervaardiging van zuivelproducten (geen consumptie-ijs);223394;513226;pub_0216;Voedings- en genotmiddelenindustrie;36190;Stoomketel;222000;513000;P;30.0;;;;0.0;149.0;;16.0;2.815;612934.0;222000;512999;223394;513225
1196;ER Reeks 1990-2022 Definitief;2022;204;Koolstofdioxide;T100300;SBI 13/14 (per bedrijf): Vervaardiging van textiel en kleding;44162;Vlisco Helmond BV;13300;Textielveredeling;173650;387400;pub_0215;Textiel- en tapijtindustrie;56720;Stoomketel K41;173650;387400;P;10.0;;;;0.5;110.0;;1.2;0.1482;71788.0;173650;387399;173650;387399
1197;ER Reeks 1990-2022 Definitief;2022;204;Koolstofdioxide;T102102;SBI 23 (per bedrijf): Bouwmaterialen- en glasindustrie;200312;Vloertegelfabriek Koninklijke Mosa BV;23310;Vervaardiging van keramische tegels en plavuizen;177474;319133;pub_0203;Bouwmaterialenindustrie;55800;SBO4 (RG);177508;319097;P;5.0;;;;0.36;;;;0.0;475718.0;177508;319096;177474;319132
1198;ER Reeks 1990-2022 Definitief;2022;204;Koolstofdioxide;T102102;SBI 23 (per bedrijf): Bouwmaterialen- en glasindustrie;200312;Vloertegelfabriek Koninklijke Mosa BV;23310;Vervaardiging van keramische tegels en plavuizen;177474;319133;pub_0203;Bouwmaterialenindustrie;55802;SBO6 (RG);177466;319104;P;8.0;;;;0.64;;;;0.0;3571829.0;177466;319103;177474;319132
1199;ER Reeks 1990-2022 Definitief;2022;204;Koolstofdioxide;T104201;SBI 38.2 (per bedrijf): Afvalinzameling/beh, AVI's;205100;Wubben Handelsmaatschappij BV;38120;Inzameling van schadelijk afval;90348;396011;pub_0901;AVI's;49652;Schoorsteen;90313;395892;P;10.0;;;;0.16;110.0;4.0;0.56;0.0;330400.0;90313;395891;90348;396010
1200;ER Reeks 1990-2022 Definitief;2022;204;Koolstofdioxide;T151100;SBI 46/47 (per bedrijf): Detail- en groothandel;205661;Woodvision B.V.;46731;Groothandel in hout en plaatmateriaal;188580;509257;pub_1201;Energiegebruik en processen Handel, Diensten en Overheid (HDO);57092;Schoorsteen cv kantoor verdieping;188620;509288;P;5.0;;;;0.1;;;;0.002;9579.0;188620;509287;188580;509256
1201;ER Reeks 1990-2022 Definitief;2022;204;Koolstofdioxide;T101702;SBI 20.5 (per bedrijf): Overige chemische producten;205709;UCO Kampen BV;20590;Vervaardiging van overige chemische producten n.e.g.;188175;509752;pub_0304;Chemische Industrie overig;56831;Schoorsteen CV ketel warmtekamers;188175;509752;P;8.0;;;;0.05;201.0;0.0;0.01;0.002;42518.0;188175;509751;188175;509751
1202;ER Reeks 1990-2022 Definitief;2022;204;Koolstofdioxide;T100201;SBI 10-12 (per bedrijf): Voedings- & genotmiddelenindustrie;42310;Suiker Unie (Dinteloord);10810;Vervaardiging van suiker;89012;403688;pub_0216;Voedings- en genotmiddelenindustrie;34986;Schoorsteen ketel 25;88900;403850;P;40.0;;;;180.0;127.0;9.0;22.5;3.322;55362360.15186494;88900;403849;89012;403687
1203;ER Reeks 1990-2022 Definitief;2022;204;Koolstofdioxide;T102700;SBI 20.15 (per bedrijf): Vervaardiging van kunstmeststoffen en stikstofverbindingen;51105;YARA Sluiskil BV;20150;Vervaardiging van kunstmeststoffen en stikstofverbindingen;47750;366500;pub_0303;Chemische Industrie kunstmeststoffen;39685;H 501;48409;366315;P;43.0;;;;12.0;170.0;3.0;41.76;8.472;387031828.0;48409;366314;47750;366499
1204;ER Reeks 1990-2022 Definitief;2022;204;Koolstofdioxide;T100201;SBI 10-12 (per bedrijf): Voedings- & genotmiddelenindustrie;200131;HAK;10390;Verwerking van groente en fruit (niet tot sap en maaltijden);130356;422745;pub_0216;Voedings- en genotmiddelenindustrie;41817;ketel 5;130550;422680;P;20.0;;;;0.28;;;;7.22;838500.0;130550;422679;130356;422744
1205;ER Reeks 1990-2022 Definitief;2022;204;Koolstofdioxide;T106200;SBI 25 (per bedrijf): Metaalproductenindustrie (exclusief machinebouw);200188;Kriek Lakspuit- en Moffelinrichting BV;25610;Oppervlaktebehandeling en bekleding van metaal;103924;460682;pub_0210;Metaalelektro;37223;CV ketel 2011, 51 kW;103924;460682;P;8.0;;;;0.012;;;;0.00255;17400.0;103924;460681;103924;460681
1206;ER Reeks 1990-2022 Definitief;2022;204;Koolstofdioxide;T106200;SBI 25 (per bedrijf): Metaalproductenindustrie (exclusief machinebouw);200188;Kriek Lakspuit- en Moffelinrichting BV;25610;Oppervlaktebehandeling en bekleding van metaal;103924;460682;pub_0210;Metaalelektro;37227;Kameroven lijn 2;103924;460682;P;9.0;;;;0.0534;;;;0.0075;43300.0;103924;460681;103924;460681
1207;ER Reeks 1990-2022 Definitief;2022;204;Koolstofdioxide;T106200;SBI 25 (per bedrijf): Metaalproductenindustrie (exclusief machinebouw);200188;Kriek Lakspuit- en Moffelinrichting BV;25610;Oppervlaktebehandeling en bekleding van metaal;103924;460682;pub_0210;Metaalelektro;37228;Moffeloven lijn 1;103924;460682;P;10.0;;;;0.123;;;;0.01675;120000.0;103924;460681;103924;460681
1208;ER Reeks 1990-2022 Definitief;2022;204;Koolstofdioxide;T106200;SBI 25 (per bedrijf): Metaalproductenindustrie (exclusief machinebouw);200188;Kriek Lakspuit- en Moffelinrichting BV;25610;Oppervlaktebehandeling en bekleding van metaal;103924;460682;pub_0210;Metaalelektro;45015;CV douche 29kW;103924;460682;P;8.0;;;;0.005;;;;0.00145;4450.0;103924;460681;103924;460681
1209;ER Reeks 1990-2022 Definitief;2022;204;Koolstofdioxide;T104300;SBI 23.32 (per bedrijf): Vervaardiging van bakstenen en dakpannen;200286;Steenfabriek De Nijverheid BV;23320;Vervaardiging van keramische producten voor de bouw (geen tegels en plavuizen);218250;434896;pub_0203;Bouwmaterialenindustrie;46737;Oven 1;218296;434844;P;25.0;;;;1.23;;;;1.0;1177552.07;218296;434843;218250;434895
1210;ER Reeks 1990-2022 Definitief;2022;204;Koolstofdioxide;T102102;SBI 23 (per bedrijf): Bouwmaterialen- en glasindustrie;200312;Vloertegelfabriek Koninklijke Mosa BV;23310;Vervaardiging van keramische tegels en plavuizen;177474;319133;pub_0203;Bouwmaterialenindustrie;39552;Vloertegelfabriek;177314;319048;P;16.0;;;;12.0;;;;0.5;3692615.0;177314;319047;177474;319132
1211;ER Reeks 1990-2022 Definitief;2022;204;Koolstofdioxide;T104300;SBI 23.32 (per bedrijf): Vervaardiging van bakstenen en dakpannen;200377;Monier BV (Tegelen);23320;Vervaardiging van keramische producten voor de bouw (geen tegels en plavuizen);207490;372282;pub_0203;Bouwmaterialenindustrie;36654;schoorsteen;207490;372282;P;30.0;;;;0.636;150.0;18.0;11.6;2.055;544933.222250002;207490;372281;207490;372281
1212;ER Reeks 1990-2022 Definitief;2022;204;Koolstofdioxide;T101100;SBI 20.1 (per bedrijf): Vervaardiging van chemische basisproducten;65;PQ Silicas BV (Eijsden);20130;Vervaardiging van overige anorganische basischemicaliën;177992;308935;pub_0301;Chemische Industrie basisproducten;41390;zeoliet;177900;308900;P;20.0;;;;0.79;;;;0.4;5157567.0;177900;308899;177992;308934
1213;ER Reeks 1990-2022 Definitief;2022;204;Koolstofdioxide;T104300;SBI 23.32 (per bedrijf): Vervaardiging van bakstenen en dakpannen;65777;Wienerberger Steenfabriek Kijfwaard West;23320;Vervaardiging van keramische producten voor de bouw (geen tegels en plavuizen);200098;432128;pub_0203;Bouwmaterialenindustrie;44392;Standaard steenbakkerij;200098;432128;P;50.0;;;;0.5;;;;1.0;6115355.057;200098;432127;200098;432127
1214;ER Reeks 1990-2022 Definitief;2022;204;Koolstofdioxide;T100600;SBI 17 (per bedrijf): Vervaardiging van papier, karton en papier- en kartonwaren;66201;W A Sanders Papierfabriek Coldenhove BV;17121;Vervaardiging van grafisch papier en karton;200800;456700;pub_0211;Papier(waren);34806;Ketel 1;200800;456700;P;14.0;;;;2.8;80.0;2.0;4.35;0.38;7679840.0;200800;456699;200800;456699
1215;ER Reeks 1990-2022 Definitief;2022;204;Koolstofdioxide;T100600;SBI 17 (per bedrijf): Vervaardiging van papier, karton en papier- en kartonwaren;66248;Loparex BV;17129;Vervaardiging van papier en karton (geen grafisch en niet voor verpakking);193050;467151;pub_0211;Papier(waren);46636;Stoomketel;193050;467151;P;12.0;;;;0.126;125.0;2.0;0.24;0.035;879213.0;193050;467150;193050;467150
1216;ER Reeks 1990-2022 Definitief;2022;204;Koolstofdioxide;T111201;SBI 38.2 (per bedrijf): Behandeling van afval;66253;Stichting Mestverwerking Gelderland SMG (KGBI Stroe);38210;Behandeling van onschadelijk afval;176502;465210;pub_0901;AVI's;35124;Divers, overig, diffuus;176502;465210;P;5.0;;;;0.0;;;;0.0;3582000.0;176502;465209;176502;465209
1217;ER Reeks 1990-2022 Definitief;2022;204;Koolstofdioxide;T104201;SBI 38.2 (per bedrijf): Afvalinzameling/beh, AVI's;66323;Stichting Mestverwerking Gelderland SMG (KGBI Ede);38210;Behandeling van onschadelijk afval;169982;450431;pub_0901;AVI's;35121;Divers, overig, diffuus;169982;450431;P;5.0;;;;0.0;;;;0.0;1650.0;169982;450430;169982;450430
1218;ER Reeks 1990-2022 Definitief;2022;204;Koolstofdioxide;T100201;SBI 10-12 (per bedrijf): Voedings- & genotmiddelenindustrie;42408;Bavaria NV;11050;Vervaardiging van bier;169900;391750;pub_0216;Voedings- en genotmiddelenindustrie;36070;Schoorsteen WKK1;169870;391850;P;20.0;;;;0.0;;;;0.1;36450000.0;169870;391849;169900;391749
1219;ER Reeks 1990-2022 Definitief;2022;204;Koolstofdioxide;T100201;SBI 10-12 (per bedrijf): Voedings- & genotmiddelenindustrie;42408;Bavaria NV;11050;Vervaardiging van bier;169900;391750;pub_0216;Voedings- en genotmiddelenindustrie;36071;Schoorsteen WKK2;169870;391850;P;17.0;;;;0.0;;;;1.75;1020000.0;169870;391849;169900;391749
1220;ER Reeks 1990-2022 Definitief;2022;204;Koolstofdioxide;T101100;SBI 20.1 (per bedrijf): Vervaardiging van chemische basisproducten;51404;ICL-IP Terneuzen BV;20149;Vervaardiging van organische basischemicaliën (geen petrochemische producten);46867;369035;pub_0301;Chemische Industrie basisproducten;39597;Stoomketel;46900;369100;P;16.0;;;;0.07;;;;0.157;7485500.0;46900;369099;46867;369034
1221;ER Reeks 1990-2022 Definitief;2022;204;Koolstofdioxide;T100201;SBI 10-12 (per bedrijf): Voedings- & genotmiddelenindustrie;42834;Rendac Son BV;10910;Vervaardiging van veevoeders;159100;390650;pub_0216;Voedings- en genotmiddelenindustrie;38582;Fakkel biogas;159100;390650;P;13.0;;;;0.4;;;;15.0;18240.0;159100;390649;159100;390649
1222;ER Reeks 1990-2022 Definitief;2022;204;Koolstofdioxide;T100201;SBI 10-12 (per bedrijf): Voedings- & genotmiddelenindustrie;42834;Rendac Son BV;10910;Vervaardiging van veevoeders;159100;390650;pub_0216;Voedings- en genotmiddelenindustrie;38588;Schoorsteen Biogas WKK 3680E;159100;390650;P;15.0;;;;0.4;;;;0.76;5331096.24026306;159100;390649;159100;390649
1223;ER Reeks 1990-2022 Definitief;2022;204;Koolstofdioxide;T106200;SBI 25 (per bedrijf): Metaalproductenindustrie (exclusief machinebouw);200308;Verzinkerij Twente BV;25610;Oppervlaktebehandeling en bekleding van metaal;243401;484205;pub_0210;Metaalelektro;37650;Afval CV Installaties;243401;484205;P;10.0;;;;7.0;15.0;5.0;35.0;0.0;115000.0;243401;484204;243401;484204
1224;ER Reeks 1990-2022 Definitief;2022;204;Koolstofdioxide;T102201;SBI 19.201 (per bedrijf): Aardolieraffinage;10059;Gunvor Petroleum Europoort B.V.;19201;Aardolieraffinage;71000;439203;pub_0401;Raffinage en verwerking;47515;6901-B;71848;439391;P;88.0;;;;1.81;;;;0.01;86374.15;71848;439390;71000;439202
1225;ER Reeks 1990-2022 Definitief;2022;204;Koolstofdioxide;T103700;SBI 20.6 (per bedrijf): Vervaardiging van synthetische en kunstmatige vezels;203530;Teijin Aramid BV (Emmen);20600;Vervaardiging van synthetische en kunstmatige vezels;257552;533045;pub_0304;Chemische Industrie overig;47599;Branderemissie Endumax;257751;532341;P;12.0;;;;0.038;;;;0.001;15736.0;257751;532340;257552;533044
1226;ER Reeks 1990-2022 Definitief;2022;204;Koolstofdioxide;T106200;SBI 25 (per bedrijf): Metaalproductenindustrie (exclusief machinebouw);203284;Staalstraal Brabant BV;25610;Oppervlaktebehandeling en bekleding van metaal;118320;408760;pub_0210;Metaalelektro;42709;Emissiepunt 1: Gutmann;118320;408760;P;12.0;;;;0.64;27.0;3.0;1.645;0.032;0.58;118320;408759;118320;408759
1227;ER Reeks 1990-2022 Definitief;2022;204;Koolstofdioxide;T106200;SBI 25 (per bedrijf): Metaalproductenindustrie (exclusief machinebouw);203284;Staalstraal Brabant BV;25610;Oppervlaktebehandeling en bekleding van metaal;118320;408760;pub_0210;Metaalelektro;42711;Emissiepunt 3: combinatie ruimteafzuiging handspuiten (17 stuks);118320;408760;P;10.0;;;;2.8;12.0;1.0;3.935;0.0;0.09;118320;408759;118320;408759
1228;ER Reeks 1990-2022 Definitief;2022;204;Koolstofdioxide;T104700;SBI 20.11 (per bedrijf): Vervaardiging van industriële gassen;203825;Linde Gas Benelux BV;20110;Vervaardiging van industriële gassen;204514;451908;pub_0301;Chemische Industrie basisproducten;47327;CO2 bulkverlading;204507;451699;P;1.0;;;;0.1;;;;0.01;137322.0;204507;451698;204514;451907
1229;ER Reeks 1990-2022 Definitief;2022;204;Koolstofdioxide;T100201;SBI 10-12 (per bedrijf): Voedings- & genotmiddelenindustrie;62108;Polskamp BV;10120;Pluimveeslachterijen;170075;478262;pub_0216;Voedings- en genotmiddelenindustrie;46296;stoomketel;170075;478262;P;8.0;;;;0.01;150.0;4856900.0;48569.0;0.09865578125;880000.0;170075;478261;170075;478261
1230;ER Reeks 1990-2022 Definitief;2022;204;Koolstofdioxide;T137300;SBI 26/27 (per bedrijf): Elektrotechnische industrie;69065;Smit Draad;27320;Vervaardiging van overige elektrische en elektronische kabel;184148;428276;pub_0210;Metaalelektro;47372;RGA Sicme 2;184148;428276;P;23.0;;;;0.126;318.0;3.0;0.389;0.153;268396.56;184148;428275;184148;428275
1231;ER Reeks 1990-2022 Definitief;2022;204;Koolstofdioxide;T108500;SBI 35 (per bedrijf): Productie en distributie van elektriciteit en gas;203228;Nuon Power Projects 1 BV (Eemshaven);35111;Productie van elektriciteit door thermische, kern- en warmtekrachtcentrales;252795;607838;pub_0503;Opwekking electriciteit;45583;HK1;252373;608153;P;20.0;;;;1.5;122.0;2.0;3.0;0.424;6880388.0;252373;608152;252795;607837
1232;ER Reeks 1990-2022 Definitief;2022;204;Koolstofdioxide;T104201;SBI 38.2 (per bedrijf): Afvalinzameling/beh, AVI's;201189;ARCG Stainkoeln II;38210;Behandeling van onschadelijk afval;237456;579820;pub_0901;AVI's;47467;Fakkel;237456;579820;P;6.0;;;;1.27;900.0;0.0;0.019;0.0;78480.0;237456;579819;237456;579819
1233;ER Reeks 1990-2022 Definitief;2022;204;Koolstofdioxide;T105900;SBI 18/58 (per bedrijf): Uitgeverijen, drukkerijen, reproductie van opgenomen media;202692;Drukkerij Zwart;18124;Drukkerijen van verpakkingen;153565;464110;pub_0205;Grafische industrie;47411;Naverbrander;153565;464109;P;14.0;;;;0.5;;;;0.036;748803.0;153565;464108;153565;464109
1234;ER Reeks 1990-2022 Definitief;2022;204;Koolstofdioxide;T103900;SBI 49-53 (per bedrijf): Transport, communicatie;11090;Odfjell Terminals (Rotterdam) BV;52101;Opslag in tanks;81505;432967;pub_1201;Energiegebruik en processen Handel, Diensten en Overheid (HDO);48063;magazijn;81105;433359;P;5.0;;;;1.0;80.0;0.0;0.02;0.002;11692.0;81105;433358;81505;432966
1235;ER Reeks 1990-2022 Definitief;2022;204;Koolstofdioxide;T102501;SBI 20.141 (per bedrijf): Vervaardiging van petrochemische producten;51104;Dow Benelux BV (Hoek);20141;Vervaardiging van petrochemische producten;43193;373788;pub_0301;Chemische Industrie basisproducten;61761;Catox CAT-3049 Loading SLHC;42449;374186;P;10.0;;;;1.0;;;;0.05;1543.52;42449;374185;43193;373787
1236;ER Reeks 1990-2022 Definitief;2022;204;Koolstofdioxide;T102501;SBI 20.141 (per bedrijf): Vervaardiging van petrochemische producten;51104;Dow Benelux BV (Hoek);20141;Vervaardiging van petrochemische producten;43193;373788;pub_0301;Chemische Industrie basisproducten;61769;Overige procesemissie P&U;43029;373668;P;5.0;;;;0.0;;;;0.001;83205.0;43029;373667;43193;373787
1237;ER Reeks 1990-2022 Definitief;2022;204;Koolstofdioxide;T102501;SBI 20.141 (per bedrijf): Vervaardiging van petrochemische producten;51104;Dow Benelux BV (Hoek);20141;Vervaardiging van petrochemische producten;43193;373788;pub_0301;Chemische Industrie basisproducten;61787;Spindrogers trein 1+2+3 Dowlex;43396;373732;P;14.0;;;;1.0;;;;0.001;733741.392;43396;373731;43193;373787
1238;ER Reeks 1990-2022 Definitief;2022;204;Koolstofdioxide;T100300;SBI 13/14 (per bedrijf): Vervaardiging van textiel en kleding;74120;Ten Cate Protect BV afd Protective Fabrics;13300;Textielveredeling;228800;487380;pub_0215;Textiel- en tapijtindustrie;59279;Ketel 1;228741;487314;P;16.0;;;;0.5;197.0;3.0;1.33;0.316;6256658.1;228741;487313;228800;487379
1239;ER Reeks 1990-2022 Definitief;2022;204;Koolstofdioxide;T102800;SBI 20.16 (per bedrijf): Vervaardiging van kunststof in primaire vorm;94706;BASF Nederland B.V. (Nijehaske);20160;Vervaardiging van kunststof in primaire vorm;188750;553750;pub_0301;Chemische Industrie basisproducten;49572;RTO 2(thermische naverbrandingsinstallatie);188750;553750;P;10.0;;;;0.8;98.0;3.0;2.2;0.243;378677.664075;188750;553749;188750;553749
1240;ER Reeks 1990-2022 Definitief;2022;204;Koolstofdioxide;T100201;SBI 10-12 (per bedrijf): Voedings- & genotmiddelenindustrie;95000;BRF B.V.;10130;Vleesverwerking (niet tot maaltijden);216400;555550;pub_0216;Voedings- en genotmiddelenindustrie;61900;Schoorsteen THOK4;216724;555535;P;8.0;;;;0.2;;;;0.34;177000.0;216724;555534;216400;555549
1241;ER Reeks 1990-2022 Definitief;2022;204;Koolstofdioxide;T151100;SBI 46/47 (per bedrijf): Detail- en groothandel;201596;M&R Claushuis BV;46722;Groothandel in ferrometalen en -halffabrikaten;163026;485508;pub_1201;Energiegebruik en processen Handel, Diensten en Overheid (HDO);59782;emissiepunt 5;163025;485508;P;10.0;;;;0.07;20.0;59.0;4.16;0.043;82480.0;163025;485507;163026;485507
1242;ER Reeks 1990-2022 Definitief;2022;204;Koolstofdioxide;T103002;SBI 30 (per bedrijf): Overige transportmiddelen;202159;Fokker Aerostructures BV;30300;Vervaardiging van vliegtuigen en onderdelen daarvoor;106240;426515;pub_0210;Metaalelektro;59287;BJM-AAA-84;105909;426830;P;10.0;;;;0.2;65.0;0.0;0.015;0.001;86273.16;105909;426829;106240;426514
1243;ER Reeks 1990-2022 Definitief;2022;204;Koolstofdioxide;T103002;SBI 30 (per bedrijf): Overige transportmiddelen;202159;Fokker Aerostructures BV;30300;Vervaardiging van vliegtuigen en onderdelen daarvoor;106240;426515;pub_0210;Metaalelektro;59293;N73028;105842;426824;P;10.0;;;;0.2;93.8;0.0;0.04;0.004;258819.48;105842;426823;106240;426514
1244;ER Reeks 1990-2022 Definitief;2022;204;Koolstofdioxide;T103002;SBI 30 (per bedrijf): Overige transportmiddelen;202159;Fokker Aerostructures BV;30300;Vervaardiging van vliegtuigen en onderdelen daarvoor;106240;426515;pub_0210;Metaalelektro;59598;Fac002031 G90;106019;426736;P;10.0;;;;0.1;95.0;0.0;0.029;0.003;172546.32;106019;426735;106240;426514
1245;ER Reeks 1990-2022 Definitief;2022;204;Koolstofdioxide;T103002;SBI 30 (per bedrijf): Overige transportmiddelen;202159;Fokker Aerostructures BV;30300;Vervaardiging van vliegtuigen en onderdelen daarvoor;106240;426515;pub_0210;Metaalelektro;59609;N73041 G34;106202;426456;P;18.0;;;;0.2;152.2;0.0;0.02;0.004;129409.74;106202;426455;106240;426514
1246;ER Reeks 1990-2022 Definitief;2022;204;Koolstofdioxide;T108400;SBI 30.1 (per bedrijf): Scheepsbouw;202812;Scheepswerf De Schroef;33150;Reparatie en onderhoud van schepen;46289;365365;pub_0210;Metaalelektro;61862;DXJ-AAA-70;46872;366091;P;3.0;;;;0.02;307.0;3.0;0.06;0.023;86756.4;46872;366090;46289;365364
1247;ER Reeks 1990-2022 Definitief;2022;204;Koolstofdioxide;T108400;SBI 30.1 (per bedrijf): Scheepsbouw;202812;Scheepswerf De Schroef;33150;Reparatie en onderhoud van schepen;46289;365365;pub_0210;Metaalelektro;61863;DXJ-AAA-71;46872;366091;P;3.0;;;;0.03;322.0;4.0;0.108;0.043;86756.4;46872;366090;46289;365364
1248;ER Reeks 1990-2022 Definitief;2022;204;Koolstofdioxide;T108400;SBI 30.1 (per bedrijf): Scheepsbouw;202812;Scheepswerf De Schroef;33150;Reparatie en onderhoud van schepen;46289;365365;pub_0210;Metaalelektro;61864;DXJ-AAA-72;46872;366091;P;3.0;;;;0.03;223.0;3.0;0.087;0.024;86756.4;46872;366090;46289;365364
1249;ER Reeks 1990-2022 Definitief;2022;204;Koolstofdioxide;T106200;SBI 25 (per bedrijf): Metaalproductenindustrie (exclusief machinebouw);206270;CAN-PACK Netherlands B.V.;25920;Vervaardiging van verpakkingsmiddelen van licht metaal;176990;383782;pub_0210;Metaalelektro;59677;Boiler lijn 19;177069;383879;P;11.0;;;;0.628;;;;0.025;210000.0;177069;383878;176990;383781
1250;ER Reeks 1990-2022 Definitief;2022;204;Koolstofdioxide;T101100;SBI 20.1 (per bedrijf): Vervaardiging van chemische basisproducten;62;Chemelot Site Permit BV;20160;Vervaardiging van kunststof in primaire vorm;183732;332404;pub_0301;Chemische Industrie basisproducten;61432;NF2 OCI 6c DOLOMIETFILTER 3;183774;332328;P;44.0;;;;0.6;91.0;;4.05556;0.400689328;1156000.0;183774;332327;183732;332403
1251;ER Reeks 1990-2022 Definitief;2022;204;Koolstofdioxide;T101100;SBI 20.1 (per bedrijf): Vervaardiging van chemische basisproducten;62;Chemelot Site Permit BV;20160;Vervaardiging van kunststof in primaire vorm;183732;332404;pub_0301;Chemische Industrie basisproducten;61471;OCI-OMM OCI-OMM M2 SCHOORSTEEN OVEN F2001, MELAF2;183500;332430;P;40.0;;;;0.8;140.0;;8.03611;1.305867875;25231000.0;183500;332429;183732;332403
1252;ER Reeks 1990-2022 Definitief;2022;204;Koolstofdioxide;T102800;SBI 20.16 (per bedrijf): Vervaardiging van kunststof in primaire vorm;62;Chemelot Site Permit BV;20160;Vervaardiging van kunststof in primaire vorm;183732;332404;pub_0301;Chemische Industrie basisproducten;61477;OCI-OMM OCI-OMM U4 NEUTRALISATIE S6505, UF2;183540;332540;P;30.0;;;;0.5;60.0;;1.92583;0.112661055;94235640.0;183540;332539;183732;332403
1253;ER Reeks 1990-2022 Definitief;2022;204;Koolstofdioxide;T102800;SBI 20.16 (per bedrijf): Vervaardiging van kunststof in primaire vorm;62;Chemelot Site Permit BV;20160;Vervaardiging van kunststof in primaire vorm;183732;332404;pub_0301;Chemische Industrie basisproducten;61495;Olefins 4 SABIC 11 GRONDFAKKEL (DISCONTINU);184250;331350;P;27.0;;;;11.3;842.0;;1e-05;1.0751e-05;1331000.0;184250;331349;183732;332403
1254;ER Reeks 1990-2022 Definitief;2022;204;Koolstofdioxide;T102800;SBI 20.16 (per bedrijf): Vervaardiging van kunststof in primaire vorm;62;Chemelot Site Permit BV;20160;Vervaardiging van kunststof in primaire vorm;183732;332404;pub_0301;Chemische Industrie basisproducten;61575;Sabic LOG SABIC 1 FAKKEL;183691;330562;P;80.0;;;;1.0;;;;0.0;970293.0;183691;330561;183732;332403
1255;ER Reeks 1990-2022 Definitief;2022;204;Koolstofdioxide;T102201;SBI 19.201 (per bedrijf): Aardolieraffinage;10061;Esso Nederland BV (Raffinaderij Rotterdam);19201;Aardolieraffinage;79871;432082;pub_0401;Raffinage en verwerking;48103;F4401;79820;432059;P;32.0;;;;1.13;;;;0.607;11485568.3361695;79820;432058;79871;432081
1256;ER Reeks 1990-2022 Definitief;2022;204;Koolstofdioxide;T103900;SBI 49-53 (per bedrijf): Transport, communicatie;11090;Odfjell Terminals (Rotterdam) BV;52101;Opslag in tanks;81505;432967;pub_1201;Energiegebruik en processen Handel, Diensten en Overheid (HDO);48060;Incinerator 3;81218;433272;P;20.0;;;;0.0;;;;0.15;4954772.0;81218;433271;81505;432966
1257;ER Reeks 1990-2022 Definitief;2022;204;Koolstofdioxide;T102102;SBI 23 (per bedrijf): Bouwmaterialen- en glasindustrie;10723;O-I Manufacturing Netherlands BV (Leerdam);23130;Vervaardiging van holglas;134256;433341;pub_0203;Bouwmaterialenindustrie;48661;SCHOORSTEEN GLASOVEN L1;134236;433303;P;26.0;0.0;0.0;;0.0;;;;1.0;8084334.543975;134236;433302;134256;433340
1258;ER Reeks 1990-2022 Definitief;2022;204;Koolstofdioxide;T101100;SBI 20.1 (per bedrijf): Vervaardiging van chemische basisproducten;12163;EPS B.V.;20160;Vervaardiging van kunststof in primaire vorm;104300;429200;pub_0301;Chemische Industrie basisproducten;48827;Stoomketel;104425;429366;P;13.0;0.0;0.0;;0.0;;;;0.001;476098.0;104425;429365;104300;429199
1259;ER Reeks 1990-2022 Definitief;2022;204;Koolstofdioxide;T108400;SBI 30.1 (per bedrijf): Scheepsbouw;203416;IHC Offshore & Marine B.V.;30110;Bouw van schepen en drijvend materieel (geen sport- en recreatievaartuigen);98978;435618;pub_0210;Metaalelektro;48689;cv installaties;98978;435618;P;20.0;0.0;0.0;;0.0;180.0;8.0;8.0;1.726;229463.0;98978;435617;98978;435617
1260;ER Reeks 1990-2022 Definitief;2022;204;Koolstofdioxide;T100600;SBI 17 (per bedrijf): Vervaardiging van papier, karton en papier- en kartonwaren;202803;Avery Dennison Materials Nederland BV;17290;Vervaardiging van overige papier- en kartonwaren;103810;460470;pub_0211;Papier(waren);48633;RTO;103810;460470;P;18.0;0.0;0.0;;0.0;130.0;7.0;8.3;0.0;421000.0;103810;460469;103810;460469
1261;ER Reeks 1990-2022 Definitief;2022;204;Koolstofdioxide;T100201;SBI 10-12 (per bedrijf): Voedings- & genotmiddelenindustrie;95003;Lamb Weston / Meyer VOF (Klooster Lidlum);10310;Vervaardiging van aardappelproducten;163915;582995;pub_0216;Voedings- en genotmiddelenindustrie;48637;biogasketel;163914;582993;P;10.0;0.0;0.0;;0.0;236.0;4.0;0.408;0.117;876007.0;163914;582992;163915;582994
1262;ER Reeks 1990-2022 Definitief;2022;204;Koolstofdioxide;T100201;SBI 10-12 (per bedrijf): Voedings- & genotmiddelenindustrie;42834;Rendac Son BV;10910;Vervaardiging van veevoeders;159100;390650;pub_0216;Voedings- en genotmiddelenindustrie;48699;Fakkel biogas FKL9996;159100;390650;P;9.0;0.0;0.0;;0.0;;;;15.0;256515.0;159100;390649;159100;390649
1263;ER Reeks 1990-2022 Definitief;2022;204;Koolstofdioxide;T102201;SBI 19.201 (per bedrijf): Aardolieraffinage;10058;BP Rotterdam Refinery;19201;Aardolieraffinage;67036;440390;pub_0401;Raffinage en verwerking;54228;Stack 12 RTO A/B;66537;440779;P;20.0;;;;0.2;;;;0.05;988727.212320369;66537;440778;67036;440389
1264;ER Reeks 1990-2022 Definitief;2022;204;Koolstofdioxide;T102501;SBI 20.141 (per bedrijf): Vervaardiging van petrochemische producten;19004;ExxonMobil Chemical Holland BV (RPP van RPI);20141;Vervaardiging van petrochemische producten;79333;433167;pub_0301;Chemische Industrie basisproducten;48082;Blowdown drum;79092;432015;P;15.0;;;;0.125;;;;0.037;31809000.0;79092;432014;79333;433166
1265;ER Reeks 1990-2022 Definitief;2022;204;Koolstofdioxide;T104201;SBI 38.2 (per bedrijf): Afvalinzameling/beh, AVI's;203346;Inter-Che-M BV;38220;Behandeling van schadelijk afval;178673;429681;pub_0901;AVI's;55123;Hal 1 / schoorsteen luchtverwarmer 1;178671;429759;P;7.0;;;;0.0264;14.0;6.0;0.159;0.0;23400.0;178671;429758;178673;429680
1266;ER Reeks 1990-2022 Definitief;2022;204;Koolstofdioxide;T103100;SBI 21.1 (per bedrijf): Vervaardiging van farmaceutische producten;205498;Merck Sharp & Dohme BV (De Geer);21100;Vervaardiging van farmaceutische grondstoffen;166567;421525;pub_0304;Chemische Industrie overig;48700;KK1;166616;421960;P;8.0;;;;0.5;100.0;0.0;0.017;0.002;9449.55;166616;421959;166567;421524
1267;ER Reeks 1990-2022 Definitief;2022;204;Koolstofdioxide;T103100;SBI 21.1 (per bedrijf): Vervaardiging van farmaceutische producten;205498;Merck Sharp & Dohme BV (De Geer);21100;Vervaardiging van farmaceutische grondstoffen;166567;421525;pub_0304;Chemische Industrie overig;48702;KK3;166623;421960;P;6.0;;;;0.5;100.0;0.0;0.017;0.002;9735.9;166623;421959;166567;421524
1268;ER Reeks 1990-2022 Definitief;2022;204;Koolstofdioxide;T100600;SBI 17 (per bedrijf): Vervaardiging van papier, karton en papier- en kartonwaren;4301;Smurfit Kappa Roermond Papier BV;17122;Vervaardiging van papier en karton voor verpakking;198000;357600;pub_0211;Papier(waren);54195;Gasfakkel;197886;357550;P;8.0;;;;10.0;35.0;0.0;0.339;0.01;297528.0;197886;357549;198000;357599
1269;ER Reeks 1990-2022 Definitief;2022;204;Koolstofdioxide;T102102;SBI 23 (per bedrijf): Bouwmaterialen- en glasindustrie;4731;Xella Kalkzandsteen De Hazelaar BV;23611;Vervaardiging van producten van beton voor de bouw;193120;342880;pub_0203;Bouwmaterialenindustrie;54372;stoomketel;193120;342880;P;7.0;;;;0.8;;;;0.0;8850000.0;193120;342879;193120;342879
1270;ER Reeks 1990-2022 Definitief;2022;204;Koolstofdioxide;T100201;SBI 10-12 (per bedrijf): Voedings- & genotmiddelenindustrie;9013;DIS BV;11070;Vervaardiging van frisdranken, productie van mineraalwater en overig gebotteld water;189088;336292;pub_0216;Voedings- en genotmiddelenindustrie;54892;Stoomketel 5;188875;336230;P;12.0;;;;0.2;157.0;38360.0;7672.0;0.393403111111111;2420391.0;188875;336229;189088;336291
1271;ER Reeks 1990-2022 Definitief;2022;204;Koolstofdioxide;T100201;SBI 10-12 (per bedrijf): Voedings- & genotmiddelenindustrie;9013;DIS BV;11070;Vervaardiging van frisdranken, productie van mineraalwater en overig gebotteld water;189088;336292;pub_0216;Voedings- en genotmiddelenindustrie;54894;Stoomketel 7;188928;336020;P;12.0;;;;0.5;157.0;17936.0;8968.0;0.459859111111111;2828650.0;188928;336019;189088;336291
1272;ER Reeks 1990-2022 Definitief;2022;204;Koolstofdioxide;T102202;SBI 24.1-24.3 (per bedrijf): Basismetaalindustrie, verwerking en vervaardiging ijzer en staal;200781;FNSteel BV;24340;Koudtrekken van draad;104909;430273;pub_0201;Basismetaal;55972;Ketels beitserij;104757;430055;P;22.0;;;;16.0;;;;0.01;2640362.0;104757;430054;104909;430272
1273;ER Reeks 1990-2022 Definitief;2022;204;Koolstofdioxide;T104201;SBI 38.2 (per bedrijf): Afvalinzameling/beh, AVI's;201012;Renewi Drachten-De Lier;38110;Inzameling van onschadelijk afval;199856;569827;pub_0901;AVI's;48952;Verwarming kantoor (CCD);199851;569872;P;12.0;;;;3.0;;;;0.0;114723.0;199851;569871;199856;569826
1274;ER Reeks 1990-2022 Definitief;2022;204;Koolstofdioxide;T151100;SBI 46/47 (per bedrijf): Detail- en groothandel;204497;Coöperatieve Pelsdierenfokkers Centrale Flevo;46320;Groothandel in vlees en vleesproducten en in wild en gevogelte (niet levend);168183;475406;pub_1201;Energiegebruik en processen Handel, Diensten en Overheid (HDO);48945;Warm water ketel;168200;475447;P;9.0;;;;7.0;;;;2.0;39800.0;168200;475446;168183;475405
1275;ER Reeks 1990-2022 Definitief;2022;204;Koolstofdioxide;T151100;SBI 46/47 (per bedrijf): Detail- en groothandel;205503;MRC Plating Products B.V.;46722;Groothandel in ferrometalen en -halffabrikaten;162946;485424;pub_1201;Energiegebruik en processen Handel, Diensten en Overheid (HDO);48254;rookgas afvoer 2;162946;485424;P;9.0;;;;6.0;32.0;1.0;0.08;0.0;44496.0;162946;485423;162946;485423
1276;ER Reeks 1990-2022 Definitief;2022;204;Koolstofdioxide;T101001;SBI 35.111 (per bedrijf): Elektriciteitsproduktie;206040;Groen Gas Gelderland B.V.;35113;Productie van elektriciteit door zonnecellen, warmtepompen en waterkracht;191153;436753;pub_0503;Opwekking electriciteit;53429;Divers, overig, diffuus;191153;436753;P;5.0;;;;;;;;0.0;6700000.0;191153;436752;191153;436752
1277;ER Reeks 1990-2022 Definitief;2022;204;Koolstofdioxide;T103600;SBI 20.59 (per bedrijf): Vervaardiging van overige chemische producten n.e.g.;21403;Cabot Norit Nederland B.V.;20590;Vervaardiging van overige chemische producten n.e.g.;116710;492900;pub_0304;Chemische Industrie overig;55532;SO 4+5+6;116710;492900;P;15.0;;;;0.0;;;;0.1;8526504.9;116710;492899;116710;492899
1278;ER Reeks 1990-2022 Definitief;2022;204;Koolstofdioxide;T100201;SBI 10-12 (per bedrijf): Voedings- & genotmiddelenindustrie;48127;Sonac Eindhoven BV;10410;Vervaardiging van plantaardige en dierlijke oliën en vetten (geen margarine en andere spijsvetten);159200;382350;pub_0216;Voedings- en genotmiddelenindustrie;55993;Stoomketel 12;158219;382093;P;9.0;;;;4.0;180.0;7.0;2.78;0.6;2710984.8645;158219;382092;159200;382349
1279;ER Reeks 1990-2022 Definitief;2022;204;Koolstofdioxide;T102102;SBI 23 (per bedrijf): Bouwmaterialen- en glasindustrie;200312;Vloertegelfabriek Koninklijke Mosa BV;23310;Vervaardiging van keramische tegels en plavuizen;177474;319133;pub_0203;Bouwmaterialenindustrie;55801;SBO5 (RG);177415;319139;P;15.0;;;;5.0;;;;0.01;4333168.0;177415;319138;177474;319132
1280;ER Reeks 1990-2022 Definitief;2022;204;Koolstofdioxide;T100600;SBI 17 (per bedrijf): Vervaardiging van papier, karton en papier- en kartonwaren;24606;BN International BV;17240;Vervaardiging van behangselpapier;145000;479450;pub_0211;Papier(waren);49072;Diverse Verwarmingsketels;145000;479436;P;5.0;;;;0.01;;;;0.1;411993.0;145000;479435;145000;479449
1281;ER Reeks 1990-2022 Definitief;2022;204;Koolstofdioxide;T100201;SBI 10-12 (per bedrijf): Voedings- & genotmiddelenindustrie;200537;Cargill BV - Cargill Cocoa (Aurora);10821;Verwerking van cacao;116327;497520;pub_0216;Voedings- en genotmiddelenindustrie;43877;Divers, overig, diffuus;116327;497520;P;5.0;;;;;;;;0.0;6000.0;116327;497519;116327;497519
1282;ER Reeks 1990-2022 Definitief;2022;204;Koolstofdioxide;T100201;SBI 10-12 (per bedrijf): Voedings- & genotmiddelenindustrie;12134;Archer Daniels Midland Europoort BV (ADM);10410;Vervaardiging van plantaardige en dierlijke oliën en vetten (geen margarine en andere spijsvetten);68067;441593;pub_0216;Voedings- en genotmiddelenindustrie;49193;Ketel Raffinaderij 2 (27.2);68067;441593;P;28.0;0.0;0.0;0.0;0.5;296.0;0.0;0.02;0.007;1530000.0;68067;441592;68067;441592
1283;ER Reeks 1990-2022 Definitief;2022;204;Koolstofdioxide;T100201;SBI 10-12 (per bedrijf): Voedings- & genotmiddelenindustrie;202858;Grolsche Bierbrouwerij Nederland BV;11050;Vervaardiging van bier;252629;469696;pub_0216;Voedings- en genotmiddelenindustrie;49254;Stoomboiler L1;252489;469656;P;14.0;0.0;0.0;0.0;0.071;;;;0.015;131320.0;252489;469655;252629;469695
1284;ER Reeks 1990-2022 Definitief;2022;204;Koolstofdioxide;T101100;SBI 20.1 (per bedrijf): Vervaardiging van chemische basisproducten;51104;Dow Benelux BV (Hoek);20141;Vervaardiging van petrochemische producten;43193;373788;pub_0301;Chemische Industrie basisproducten;38502;STACK BA113 LE2;42640;373956;P;62.0;;;;3.24;;;;0.241;45009535.0;42640;373955;43193;373787
1285;ER Reeks 1990-2022 Definitief;2022;204;Koolstofdioxide;T101100;SBI 20.1 (per bedrijf): Vervaardiging van chemische basisproducten;51104;Dow Benelux BV (Hoek);20141;Vervaardiging van petrochemische producten;43193;373788;pub_0301;Chemische Industrie basisproducten;38503;STACK BA114 LE3;42640;373962;P;62.0;;;;3.24;;;;0.293;61779286.0;42640;373961;43193;373787
1286;ER Reeks 1990-2022 Definitief;2022;204;Koolstofdioxide;T101100;SBI 20.1 (per bedrijf): Vervaardiging van chemische basisproducten;51104;Dow Benelux BV (Hoek);20141;Vervaardiging van petrochemische producten;43193;373788;pub_0301;Chemische Industrie basisproducten;38518;STACK DTF-523 LE21;43481;373669;P;30.0;;;;3.24;;;;0.021;12303472.205;43481;373668;43193;373787
1287;ER Reeks 1990-2022 Definitief;2022;204;Koolstofdioxide;T106100;SBI 22.2 (per bedrijf): Vervaardiging van producten van kunststof;64633;Recticel  BV (Kesteren);22210;Vervaardiging van platen, folie, buizen en profielen van kunststof;168800;438250;pub_0213;Rubber- en kunstofverw. Industrie;36215;CV-ketel gebouw E;168790;438257;P;8.0;;;;0.0;;;;0.012;49300.0;168790;438256;168800;438249
1288;ER Reeks 1990-2022 Definitief;2022;204;Koolstofdioxide;T106100;SBI 22.2 (per bedrijf): Vervaardiging van producten van kunststof;64633;Recticel  BV (Kesteren);22210;Vervaardiging van platen, folie, buizen en profielen van kunststof;168800;438250;pub_0213;Rubber- en kunstofverw. Industrie;36216;CV-ketel gebouw H;168736;438440;P;16.0;;;;0.0;;;;0.008;2408.0;168736;438439;168800;438249
1289;ER Reeks 1990-2022 Definitief;2022;204;Koolstofdioxide;T104300;SBI 23.32 (per bedrijf): Vervaardiging van bakstenen en dakpannen;64719;Wienerberger Steenfabriek Haaften;23320;Vervaardiging van keramische producten voor de bouw (geen tegels en plavuizen);141400;425550;pub_0203;Bouwmaterialenindustrie;44383;Standaard steenbakkerij;141400;425550;P;31.0;;;;0.5;;;;1.0;5183717.89;141400;425549;141400;425549
1290;ER Reeks 1990-2022 Definitief;2022;204;Koolstofdioxide;T100201;SBI 10-12 (per bedrijf): Voedings- & genotmiddelenindustrie;12172;Promelca B.V. (Gorinchem);10510;Vervaardiging van zuivelproducten (geen consumptie-ijs);125150;426700;pub_0216;Voedings- en genotmiddelenindustrie;35408;Kleine verbrandingsinstallaties;125268;426863;P;5.0;;;;0.47;;;;0.02;1544000.0;125268;426862;125150;426699
1291;ER Reeks 1990-2022 Definitief;2022;204;Koolstofdioxide;T101100;SBI 20.1 (per bedrijf): Vervaardiging van chemische basisproducten;12175;Air Liquide Nederland BV;20110;Vervaardiging van industriële gassen;77139;433574;pub_0301;Chemische Industrie basisproducten;39450;SMR-I fornuis;77139;433574;P;30.0;;;;1.57;140.0;3.0;5.18;0.851;13410521.0;77139;433573;77139;433573
1292;ER Reeks 1990-2022 Definitief;2022;204;Koolstofdioxide;T102800;SBI 20.16 (per bedrijf): Vervaardiging van kunststof in primaire vorm;19071;Botlek VCM Plant;20160;Vervaardiging van kunststof in primaire vorm;78610;431979;pub_0301;Chemische Industrie basisproducten;38033;Oxyreactor AR371;78610;431979;P;35.0;;;;0.02;;;;0.01;16000.0;78610;431978;78610;431978
1293;ER Reeks 1990-2022 Definitief;2022;204;Koolstofdioxide;T102102;SBI 23 (per bedrijf): Bouwmaterialen- en glasindustrie;64744;Rodruza Steenfabriek Rossum BV;23320;Vervaardiging van keramische producten voor de bouw (geen tegels en plavuizen);151750;422810;pub_0203;Bouwmaterialenindustrie;44388;Standaard steenbakkerij;151750;422810;P;32.0;;;;0.0;160.0;;6.67;1.268;13341700.0;151750;422809;151750;422809
1294;ER Reeks 1990-2022 Definitief;2022;204;Koolstofdioxide;T102102;SBI 23 (per bedrijf): Bouwmaterialen- en glasindustrie;64749;Waalsteenfabriek De Bylandt BV;23320;Vervaardiging van keramische producten voor de bouw (geen tegels en plavuizen);202243;430959;pub_0203;Bouwmaterialenindustrie;36570;Schoorsteen ovens;202243;430959;P;40.0;;;;1.65;110.0;10.0;16.38;2.061;21205642.915575;202243;430958;202243;430958
1295;ER Reeks 1990-2022 Definitief;2022;204;Koolstofdioxide;T102102;SBI 23 (per bedrijf): Bouwmaterialen- en glasindustrie;64756;Steenfabriek De Vlijt BV;23320;Vervaardiging van keramische producten voor de bouw (geen tegels en plavuizen);244590;442300;pub_0203;Bouwmaterialenindustrie;46739;Oven;244670;442225;P;50.0;;;;0.724;;;;1.0;5289370.19615;244670;442224;244590;442299
1296;ER Reeks 1990-2022 Definitief;2022;204;Koolstofdioxide;T100201;SBI 10-12 (per bedrijf): Voedings- & genotmiddelenindustrie;42022;Nutricia Cuijk BV;10860;Vervaardiging van gehomogeniseerde voedingspreparaten en dieetvoeding;189600;415100;pub_0216;Voedings- en genotmiddelenindustrie;37342;Ruimte verwarming;189470;415180;P;10.0;;;;0.1;;;;0.001;460163.462677416;189470;415179;189600;415099
1297;ER Reeks 1990-2022 Definitief;2022;204;Koolstofdioxide;T100201;SBI 10-12 (per bedrijf): Voedings- & genotmiddelenindustrie;42022;Nutricia Cuijk BV;10860;Vervaardiging van gehomogeniseerde voedingspreparaten en dieetvoeding;189600;415100;pub_0216;Voedings- en genotmiddelenindustrie;37343;Stoomconversie;189470;415180;P;15.0;;;;0.28;;;;0.001;576290.537322584;189470;415179;189600;415099
1298;ER Reeks 1990-2022 Definitief;2022;204;Koolstofdioxide;T100201;SBI 10-12 (per bedrijf): Voedings- & genotmiddelenindustrie;42834;Rendac Son BV;10910;Vervaardiging van veevoeders;159100;390650;pub_0216;Voedings- en genotmiddelenindustrie;49394;Fakkel biogas GBR3435E/GBR3436E;159100;390650;P;12.0;0.0;0.0;0.0;2.0;;;;15.0;40774.0;159100;390649;159100;390649
1299;ER Reeks 1990-2022 Definitief;2022;204;Koolstofdioxide;T104704;SBI 24.45 (per bedrijf) Vervaardiging van overige non-ferrometalen, koper;63012;Aurubis Netherlands B.V.;24440;Vervaardiging van koper;211100;463650;pub_0201;Basismetaal;49431;Bandoven 0633;210964;463665;P;16.0;0.0;0.0;0.0;0.2;43.0;1.0;0.22;0.009;87837.52;210964;463664;211100;463649
1300;ER Reeks 1990-2022 Definitief;2022;204;Koolstofdioxide;T101100;SBI 20.1 (per bedrijf): Vervaardiging van chemische basisproducten;62;Chemelot Site Permit BV;20160;Vervaardiging van kunststof in primaire vorm;183732;332404;pub_0301;Chemische Industrie basisproducten;61630;Stanyl 2 DSM 4 K-2911/3;183732;332404;P;15.0;;;;0.45;108.0;;0.61306;0.074118954;1230597.0;183732;332403;183732;332403
1301;ER Reeks 1990-2022 Definitief;2022;204;Koolstofdioxide;T101100;SBI 20.1 (per bedrijf): Vervaardiging van chemische basisproducten;62;Chemelot Site Permit BV;20160;Vervaardiging van kunststof in primaire vorm;183732;332404;pub_0301;Chemische Industrie basisproducten;61663;WKC-S RWE 2 AFGASSENKETEL 002;183343;331424;P;60.0;;;;4.25;89.0;;159.78833;15.371637346;335668065.0;183343;331423;183732;332403
1302;ER Reeks 1990-2022 Definitief;2022;204;Koolstofdioxide;T101100;SBI 20.1 (per bedrijf): Vervaardiging van chemische basisproducten;1107;Nouryon Functional Chemicals BV;20141;Vervaardiging van petrochemische producten;202300;352150;pub_0301;Chemische Industrie basisproducten;59689;Stoomketel K9;202270;352064;P;12.0;;;;0.1;;;;0.032;122935.0;202270;352063;202300;352149
1303;ER Reeks 1990-2022 Definitief;2022;204;Koolstofdioxide;T104702;SBI 24.45 (per bedrijf) Vervaardiging van overige non-ferrometalen, aluminium;5739;E-max Remelt;24420;Vervaardiging van aluminium;200842;321125;pub_0201;Basismetaal;59711;Schoorsteen filter smeltovens;200747;321121;P;20.0;;;;1.77;70.0;10.0;18.0;1.34;2686894.0;200747;321120;200842;321124
1304;ER Reeks 1990-2022 Definitief;2022;204;Koolstofdioxide;T106100;SBI 22.2 (per bedrijf): Vervaardiging van producten van kunststof;10998;Draka Interfoam BV;22210;Vervaardiging van platen, folie, buizen en profielen van kunststof;99700;478740;pub_0213;Rubber- en kunstofverw. Industrie;57884;Schuimproductie-MP5;99708;478778;P;11.0;;;;0.64;;;;0.041;8221.58;99708;478777;99700;478739
1305;ER Reeks 1990-2022 Definitief;2022;204;Koolstofdioxide;T100201;SBI 10-12 (per bedrijf): Voedings- & genotmiddelenindustrie;11658;Farm Frites BV;10310;Vervaardiging van aardappelproducten;70714;426770;pub_0216;Voedings- en genotmiddelenindustrie;56863;Condor ketel;70644;426740;P;15.0;;;;0.71;125.0;3.0;2.222;0.322;2479898.0;70644;426739;70714;426769
1306;ER Reeks 1990-2022 Definitief;2022;204;Koolstofdioxide;T103100;SBI 21.1 (per bedrijf): Vervaardiging van farmaceutische producten;21302;Abbott Healthcare Products BV;21200;Vervaardiging van farmaceutische producten (geen grondstoffen);130940;479560;pub_0304;Chemische Industrie overig;56682;WND ketelhuis ketel 15;130650;479630;P;22.0;;;;0.5;;;;0.945;6281045.528;130650;479629;130940;479559
1307;ER Reeks 1990-2022 Definitief;2022;204;Koolstofdioxide;T102800;SBI 20.16 (per bedrijf): Vervaardiging van kunststof in primaire vorm;33414;BASF Nederland BV Catalysts;20160;Vervaardiging van kunststof in primaire vorm;132150;454100;pub_0301;Chemische Industrie basisproducten;46754;Productie FT;132157;454177;P;30.0;;;;1.0;25.0;1.0;1.3;0.022;1071552.189075;132157;454176;132150;454099
1308;ER Reeks 1990-2022 Definitief;2022;204;Koolstofdioxide;T100201;SBI 10-12 (per bedrijf): Voedings- & genotmiddelenindustrie;48132;Pali Geldrop BV;10110;Slachterijen (geen pluimvee-);166600;380500;pub_0216;Voedings- en genotmiddelenindustrie;47038;Stoomketel;166600;380500;P;6.0;;;;0.049;;;;0.019;349674.0;166600;380499;166600;380499
1309;ER Reeks 1990-2022 Definitief;2022;204;Koolstofdioxide;T100201;SBI 10-12 (per bedrijf): Voedings- & genotmiddelenindustrie;49033;Agristo NV;10310;Vervaardiging van aardappelproducten;129323;400477;pub_0216;Voedings- en genotmiddelenindustrie;38699;stoomketel 1;129358;400360;P;13.0;;;;0.78;;;;0.970816;17077914.92;129358;400359;129323;400476
1310;ER Reeks 1990-2022 Definitief;2022;204;Koolstofdioxide;T101100;SBI 20.1 (per bedrijf): Vervaardiging van chemische basisproducten;51101;Eastman Chemical Middelburg BV;20160;Vervaardiging van kunststof in primaire vorm;33940;390952;pub_0301;Chemische Industrie basisproducten;38047;Schoorsteen stoomketel B1400A;34235;391270;P;25.0;;;;1.13;157.0;10.0;10.8;2.011;16550000.0;34235;391269;33940;390951
1311;ER Reeks 1990-2022 Definitief;2022;204;Koolstofdioxide;T100201;SBI 10-12 (per bedrijf): Voedings- & genotmiddelenindustrie;62009;FrieslandCampina Butter (Lochem);10510;Vervaardiging van zuivelproducten (geen consumptie-ijs);226100;464540;pub_0216;Voedings- en genotmiddelenindustrie;46811;Gaskachel Toren 6;226012;464523;P;44.0;;;;1.0;;;;0.31;4826691.0;226012;464522;226100;464539
1312;ER Reeks 1990-2022 Definitief;2022;204;Koolstofdioxide;T108500;SBI 35 (per bedrijf): Productie en distributie van elektriciteit en gas;44004;RWE Generation NL B.V.;35111;Productie van elektriciteit door thermische, kern- en warmtekrachtcentrales;117446;413372;pub_0503;Opwekking electriciteit;42441;Noodaggregaten 6/7 en 8;117510;413430;P;5.0;;;;0.0;;;;1.0;18734.0;117510;413429;117446;413371
1313;ER Reeks 1990-2022 Definitief;2022;204;Koolstofdioxide;T108500;SBI 35 (per bedrijf): Productie en distributie van elektriciteit en gas;44004;RWE Generation NL B.V.;35111;Productie van elektriciteit door thermische, kern- en warmtekrachtcentrales;117446;413372;pub_0503;Opwekking electriciteit;42442;Noodaggregaten 9;117190;413610;P;5.0;;;;0.0;;;;1.0;13566.0;117190;413609;117446;413371
1314;ER Reeks 1990-2022 Definitief;2022;204;Koolstofdioxide;T108500;SBI 35 (per bedrijf): Productie en distributie van elektriciteit en gas;44008;Ennatuurlijk BV (Helmond);35140;Handel in elektriciteit en in gas via leidingen;175950;386100;pub_0503;Opwekking electriciteit;37296;Hulpketel;175952;386100;P;45.0;;;;3.14;;;;1.57;3881806.0;175952;386099;175950;386099
1315;ER Reeks 1990-2022 Definitief;2022;204;Koolstofdioxide;T104201;SBI 38.2 (per bedrijf): Afvalinzameling/beh, AVI's;44009;Attero BV (Moerdijk);38210;Behandeling van onschadelijk afval;99289;410805;pub_0901;AVI's;41711;Divers, overig, diffuus;99289;410805;P;5.0;;;;0.0;;;;0.0;32430.23;99289;410804;99289;410804
1316;ER Reeks 1990-2022 Definitief;2022;204;Koolstofdioxide;T104201;SBI 38.2 (per bedrijf): Afvalinzameling/beh, AVI's;44009;Attero BV (Moerdijk);38210;Behandeling van onschadelijk afval;99289;410805;pub_0901;AVI's;41714;Lijn 3;99293;410804;P;80.0;;;;3.94;112.0;14.0;57.0;7.319;230342513.52;99293;410803;99289;410804
1317;ER Reeks 1990-2022 Definitief;2022;204;Koolstofdioxide;T104201;SBI 38.2 (per bedrijf): Afvalinzameling/beh, AVI's;44009;Attero BV (Moerdijk);38210;Behandeling van onschadelijk afval;99289;410805;pub_0901;AVI's;41715;Lijn 4;99293;410804;P;80.0;;;;3.94;55.0;15.0;61.0;3.368;215846618.21;99293;410803;99289;410804
1318;ER Reeks 1990-2022 Definitief;2022;204;Koolstofdioxide;T108502;SBI 35.12 (per bedrijf): Transportnet voor aardgas;114747;Gasunie LNG;35120;Beheer en exploitatie van transportnetten voor elektriciteit, aardgas en warm water;64259;440368;pub_0502;Olie- gaswinning land;9030;verdampers E401 tm E404, E411 tm E420, Fornuizen F101;64227;440219;P;15.0;;;;1.0;;;;0.8;42749.0;64227;440218;64259;440367
1319;ER Reeks 1990-2022 Definitief;2022;204;Koolstofdioxide;T101100;SBI 20.1 (per bedrijf): Vervaardiging van chemische basisproducten;1104;Solvay Chemie BV;20149;Vervaardiging van organische basischemicaliën (geen petrochemische producten);194887;353181;pub_0301;Chemische Industrie basisproducten;35286;Divers, overig, diffuus;194887;353181;P;5.0;;;;0.0;;;;0.0;59245.0;194887;353180;194887;353180
1320;ER Reeks 1990-2022 Definitief;2022;204;Koolstofdioxide;T101100;SBI 20.1 (per bedrijf): Vervaardiging van chemische basisproducten;1104;Solvay Chemie BV;20149;Vervaardiging van organische basischemicaliën (geen petrochemische producten);194887;353181;pub_0301;Chemische Industrie basisproducten;35288;Schoorsteen Thermopack;194730;352900;P;15.0;;;;0.05;;;;0.641;710471.0;194730;352899;194887;353180
1321;ER Reeks 1990-2022 Definitief;2022;204;Koolstofdioxide;T103200;SBI 20.4 (per bedrijf): Vervaardiging was- en schoonmaakmiddelen, parfums en cosmetica;11047;Vecom Metal Treatment Technology BV;81229;Overige gespecialiseerde reiniging;76350;437720;pub_0304;Chemische Industrie overig;41803;Divers, overig, diffuus;76350;437720;P;5.0;;;;;;;;0.0;124000.0;76350;437719;76350;437719
1322;ER Reeks 1990-2022 Definitief;2022;204;Koolstofdioxide;T100201;SBI 10-12 (per bedrijf): Voedings- & genotmiddelenindustrie;39103;Koninklijke Eru Kaasfabriek BV;10510;Vervaardiging van zuivelproducten (geen consumptie-ijs);122230;454360;pub_0216;Voedings- en genotmiddelenindustrie;8271;ventilatorbrander;121280;454990;P;10.0;;;;0.25;;;;0.002;83585.0;121280;454989;122230;454359
1323;ER Reeks 1990-2022 Definitief;2022;204;Koolstofdioxide;T108500;SBI 35 (per bedrijf): Productie en distributie van elektriciteit en gas;4001;RWE Generation NL B.V.;35111;Productie van elektriciteit door thermische, kern- en warmtekrachtcentrales;191379;351797;pub_0503;Opwekking electriciteit;44568;Eenheid C1;191585;351773;P;75.0;;;;38.5;80.0;14.0;520.0;45.402;257000000.0;191585;351772;191379;351796
1324;ER Reeks 1990-2022 Definitief;2022;204;Koolstofdioxide;T108400;SBI 30.1 (per bedrijf): Scheepsbouw;11230;Keppel Verolme BV;33150;Reparatie en onderhoud van schepen;79750;434250;pub_0210;Metaalelektro;38375;Divers, overig, diffuus;79750;434250;P;5.0;;;;0.0;;;;0.0;639894.248;79750;434249;79750;434249
1325;ER Reeks 1990-2022 Definitief;2022;204;Koolstofdioxide;T100201;SBI 10-12 (per bedrijf): Voedings- & genotmiddelenindustrie;202229;IOI - Loders Croklaan Oils B.V.;10410;Vervaardiging van plantaardige en dierlijke oliën en vetten (geen margarine en andere spijsvetten);61400;443100;pub_0216;Voedings- en genotmiddelenindustrie;40801;X11070 Stoomketel;62566;442598;P;10.0;;;;0.28;117.5;4.0;1.142;0.155;5448332.42452241;62566;442597;61400;443099
1326;ER Reeks 1990-2022 Definitief;2022;204;Koolstofdioxide;T108500;SBI 35 (per bedrijf): Productie en distributie van elektriciteit en gas;202268;Eneco HWC Overvecht (Esmoreit);35120;Beheer en exploitatie van transportnetten voor elektriciteit, aardgas en warm water;135849;458405;pub_0503;Opwekking electriciteit;44448;Gehele bedrijf;135849;458405;P;35.0;;;;3.8;90.0;1.0;2.34;0.234;95219.0;135849;458404;135849;458404
1327;ER Reeks 1990-2022 Definitief;2022;204;Koolstofdioxide;T101100;SBI 20.1 (per bedrijf): Vervaardiging van chemische basisproducten;202298;FMC Chemicals Netherlands BV;20130;Vervaardiging van overige anorganische basischemicaliën;260264;592833;pub_0301;Chemische Industrie basisproducten;41900;rookgas reformers;260398;592862;P;20.0;;;;1.13;165.0;2.0;1.8;0.354;25095999.99999999;260398;592861;260264;592832
1328;ER Reeks 1990-2022 Definitief;2022;204;Koolstofdioxide;T108500;SBI 35 (per bedrijf): Productie en distributie van elektriciteit en gas;202418;Eneco HWC Nicolaas Beetsstraat;35120;Beheer en exploitatie van transportnetten voor elektriciteit, aardgas en warm water;136344;455260;pub_0503;Opwekking electriciteit;44455;Gehele bedrijf;136348;455236;P;33.0;;;;2.5;110.0;0.0;0.09;0.011;563089.0;136348;455235;136344;455259
1329;ER Reeks 1990-2022 Definitief;2022;204;Koolstofdioxide;T102201;SBI 19.201 (per bedrijf): Aardolieraffinage;202746;Simadan;19201;Aardolieraffinage;115750;490110;pub_0401;Raffinage en verwerking;44578;SK B;115648;490286;P;25.0;;;;0.79;182.0;4.0;3.2;0.698;12000000.0;115648;490285;115750;490109
1330;ER Reeks 1990-2022 Definitief;2022;204;Koolstofdioxide;T100201;SBI 10-12 (per bedrijf): Voedings- & genotmiddelenindustrie;202858;Grolsche Bierbrouwerij Nederland BV;11050;Vervaardiging van bier;252629;469696;pub_0216;Voedings- en genotmiddelenindustrie;39600;schoorsteen;252629;469696;P;25.0;;;;1.3;;;;0.24;7556210.0;252629;469695;252629;469695
1331;ER Reeks 1990-2022 Definitief;2022;204;Koolstofdioxide;T101100;SBI 20.1 (per bedrijf): Vervaardiging van chemische basisproducten;51104;Dow Benelux BV (Hoek);20141;Vervaardiging van petrochemische producten;43193;373788;pub_0301;Chemische Industrie basisproducten;38438;AFV. INCINERATOR LATEX LE26;44109;373529;P;15.0;;;;0.8;;;;0.028;2711000.0;44109;373528;43193;373787
1332;ER Reeks 1990-2022 Definitief;2022;204;Koolstofdioxide;T104201;SBI 38.2 (per bedrijf): Afvalinzameling/beh, AVI's;64005;ARN B.V.;38210;Behandeling van onschadelijk afval;183067;428715;pub_0901;AVI's;37157;Verbrandingsinstallaties (incl. steunbranders);183050;428630;P;80.0;;;;0.0;;;;4.0;320000000.0;183050;428629;183067;428714
1333;ER Reeks 1990-2022 Definitief;2022;204;Koolstofdioxide;T100201;SBI 10-12 (per bedrijf): Voedings- & genotmiddelenindustrie;64328;Koninklijke VIV Buisman B.V.;10510;Vervaardiging van zuivelproducten (geen consumptie-ijs);221100;446300;pub_0216;Voedings- en genotmiddelenindustrie;46757;Stoomketel;221520;446567;P;10.0;;;;0.4;;;;0.428;2218915.0;221520;446566;221100;446299
1334;ER Reeks 1990-2022 Definitief;2022;204;Koolstofdioxide;T100600;SBI 17 (per bedrijf): Vervaardiging van papier, karton en papier- en kartonwaren;64335;Stora Enso De Hoop B.V.;17212;Vervaardiging van golfpapier en -karton;200743;456801;pub_0211;Papier(waren);34762;Schoorsteen K10;200743;456801;P;35.0;;;;13.8;127.0;9.0;126.1;18.62;152000185.0;200743;456800;200743;456800
1335;ER Reeks 1990-2022 Definitief;2022;204;Koolstofdioxide;T151100;SBI 46/47 (per bedrijf): Detail- en groothandel;202990;Alco Energy Rotterdam;46712;Groothandel in vloeibare en gasvormige brandstoffen;72210;438230;pub_1201;Energiegebruik en processen Handel, Diensten en Overheid (HDO);46744;Tijdelijke generatoren;71968;438342;P;2.0;;;;0.04;;;;0.0;325054.089603617;71968;438341;72210;438229
1336;ER Reeks 1990-2022 Definitief;2022;204;Koolstofdioxide;T103900;SBI 49-53 (per bedrijf): Transport, communicatie;12162;Caldic Chemie BV;52101;Opslag in tanks;71969;438459;pub_1201;Energiegebruik en processen Handel, Diensten en Overheid (HDO);38843;Afvoer thermische naverbrander;72140;438800;P;15.0;;;;0.0;;;;1.7;11215063.0;72140;438799;71969;438458
1337;ER Reeks 1990-2022 Definitief;2022;204;Koolstofdioxide;T101100;SBI 20.1 (per bedrijf): Vervaardiging van chemische basisproducten;51104;Dow Benelux BV (Hoek);20141;Vervaardiging van petrochemische producten;43193;373788;pub_0301;Chemische Industrie basisproducten;38479;STACK 1-BA-1201 LE5;43121;374042;P;33.0;;;;0.8;;;;0.005;7447.0;43121;374041;43193;373787
1338;ER Reeks 1990-2022 Definitief;2022;204;Koolstofdioxide;T101100;SBI 20.1 (per bedrijf): Vervaardiging van chemische basisproducten;51104;Dow Benelux BV (Hoek);20141;Vervaardiging van petrochemische producten;43193;373788;pub_0301;Chemische Industrie basisproducten;38482;STACK BA101 LE3;42578;373988;P;62.0;;;;3.24;;;;0.293;36701377.0;42578;373987;43193;373787
1339;ER Reeks 1990-2022 Definitief;2022;204;Koolstofdioxide;T100201;SBI 10-12 (per bedrijf): Voedings- & genotmiddelenindustrie;200640;Exportslachterij J. Gosschalk en Zn. BV;10110;Slachterijen (geen pluimvee-);196215;484571;pub_0216;Voedings- en genotmiddelenindustrie;45156;Stook installaties;196215;484571;P;15.0;;;;1.0;;;;0.84;1990000.0;196215;484570;196215;484570
1340;ER Reeks 1990-2022 Definitief;2022;204;Koolstofdioxide;T101702;SBI 20.5 (per bedrijf): Overige chemische producten;200664;Smit & Zoon BV;20590;Vervaardiging van overige chemische producten n.e.g.;152700;465019;pub_0304;Chemische Industrie overig;39470;Schoorsteen thermische olieketel;152700;465019;P;5.0;;;;0.07;200.0;3.0;0.2421;0.0;265016.16;152700;465018;152700;465018
1341;ER Reeks 1990-2022 Definitief;2022;204;Koolstofdioxide;T104201;SBI 38.2 (per bedrijf): Afvalinzameling/beh, AVI's;200702;Van Vliet Groep Milieu Dienstverleners BV;38110;Inzameling van onschadelijk afval;136145;451047;pub_0901;AVI's;44997;CV ketel kantoor;136139;450923;P;10.0;;;;0.076;211.0;0.0;0.015;0.004;114315.59134125;136139;450922;136145;451046
1342;ER Reeks 1990-2022 Definitief;2022;204;Koolstofdioxide;T151100;SBI 46/47 (per bedrijf): Detail- en groothandel;200758;Lubrizol Advanced Materials Resins BV;46120;Handelsbemiddeling in brandstoffen, ertsen, metalen en chemische producten;258707;593694;pub_1201;Energiegebruik en processen Handel, Diensten en Overheid (HDO);37137;Divers, overig, diffuus;258707;593694;P;5.0;;;;;;;;0.0;382000.0;258707;593693;258707;593693
1343;ER Reeks 1990-2022 Definitief;2022;204;Koolstofdioxide;T106300;SBI 28 (per bedrijf): Machinebouw;201151;Enrichment Technology Company Nederland;28990;Vervaardiging van overige machines, apparaten en werktuigen voor specifieke doeleinden n.e.g.;243571;484119;pub_0210;Metaalelektro;38770;stookinstallaties;243571;484119;P;1.0;;;;0.5;;;;0.104;1276887.04349373;243571;484118;243571;484118
1344;ER Reeks 1990-2022 Definitief;2022;204;Koolstofdioxide;T102300;SBI 24.4/24.5 (per bedrijf): Basismetaalindustrie, vervaardiging van non-ferro metalen en gieten van metalen;201326;Brabant Alucast International;24530;Gieten van lichte metalen;166299;421695;pub_0201;Basismetaal;42150;smeltoven S&K3000;166299;421695;P;15.0;;;;0.16;270.0;17.0;3.3;1.093;406482.3;166299;421694;166299;421694
1345;ER Reeks 1990-2022 Definitief;2022;204;Koolstofdioxide;T102300;SBI 24.4/24.5 (per bedrijf): Basismetaalindustrie, vervaardiging van non-ferro metalen en gieten van metalen;201326;Brabant Alucast International;24530;Gieten van lichte metalen;166299;421695;pub_0201;Basismetaal;42152;smeltoven S&K5000;166299;421695;P;16.0;;;;0.16;275.0;18.0;3.6;1.216;1625929.2;166299;421694;166299;421694
1346;ER Reeks 1990-2022 Definitief;2022;204;Koolstofdioxide;T100201;SBI 10-12 (per bedrijf): Voedings- & genotmiddelenindustrie;52612;Cargill Benelux BV;10620;Vervaardiging van zetmeel en zetmeelproducten;44338;361919;pub_0216;Voedings- en genotmiddelenindustrie;38354;emissiepunt 150;44338;361919;P;40.0;;;;1.0;;;;0.001;949076.2777125;44338;361918;44338;361918
1347;ER Reeks 1990-2022 Definitief;2022;204;Koolstofdioxide;T100201;SBI 10-12 (per bedrijf): Voedings- & genotmiddelenindustrie;52612;Cargill Benelux BV;10620;Vervaardiging van zetmeel en zetmeelproducten;44338;361919;pub_0216;Voedings- en genotmiddelenindustrie;38362;emissiepunt 550;44338;361919;P;26.0;;;;1.0;;;;0.001;431003.9764773;44338;361918;44338;361918
1348;ER Reeks 1990-2022 Definitief;2022;204;Koolstofdioxide;T108400;SBI 30.1 (per bedrijf): Scheepsbouw;53129;Damen Schelde Naval Shipbuilding B.V. en Scheldepoort B.V;30110;Bouw van schepen en drijvend materieel (geen sport- en recreatievaartuigen);35794;387217;pub_0210;Metaalelektro;39379;Lassen en snijbranden;35900;387100;P;30.0;;;;0.0;;;;1.0;11993.0;35900;387099;35794;387216
1349;ER Reeks 1990-2022 Definitief;2022;204;Koolstofdioxide;T101100;SBI 20.1 (per bedrijf): Vervaardiging van chemische basisproducten;71105;Nobian Chemicals BV (Hengelo);20130;Vervaardiging van overige anorganische basischemicaliën;251088;474121;pub_0301;Chemische Industrie basisproducten;36256;Divers, overig, diffuus;251088;474121;P;5.0;;;;0.0;;;;0.0;16522.7979800326;251088;474120;251088;474120
1350;ER Reeks 1990-2022 Definitief;2022;204;Koolstofdioxide;T108502;SBI 35.12 (per bedrijf): Transportnet voor aardgas;71514;Gasunie Vilsteren/Ommen;35120;Beheer en exploitatie van transportnetten voor elektriciteit, aardgas en warm water;221116;501184;pub_0502;Olie- gaswinning land;38931;Divers, overig, diffuus;221116;501184;P;5.0;;;;0.0;;;;0.0;567361.9999999994;221116;501183;221116;501183
1351;ER Reeks 1990-2022 Definitief;2022;204;Koolstofdioxide;T108502;SBI 35.12 (per bedrijf): Transportnet voor aardgas;71514;Gasunie Vilsteren/Ommen;35120;Beheer en exploitatie van transportnetten voor elektriciteit, aardgas en warm water;221116;501184;pub_0502;Olie- gaswinning land;38944;2-C-014 GE-FRS3;221116;501184;P;17.0;;;;9.0;368.0;;45.03;20.664267;1586971.0;221116;501183;221116;501183
1352;ER Reeks 1990-2022 Definitief;2022;204;Koolstofdioxide;T105300;SBI 10.5 (per bedrijf): Zuivelindustrie;72016;Bel Leerdammer BV (Dalfsen);10510;Vervaardiging van zuivelproducten (geen consumptie-ijs);214397;502707;pub_0216;Voedings- en genotmiddelenindustrie;42745;Divers, overig, diffuus;214397;502707;P;5.0;;;;0.0;;;;0.0;191567.0;214397;502706;214397;502706
1353;ER Reeks 1990-2022 Definitief;2022;204;Koolstofdioxide;T100201;SBI 10-12 (per bedrijf): Voedings- & genotmiddelenindustrie;72016;Bel Leerdammer BV (Dalfsen);10510;Vervaardiging van zuivelproducten (geen consumptie-ijs);214397;502707;pub_0216;Voedings- en genotmiddelenindustrie;42746;Stoomketel;214390;502720;P;40.0;;;;0.51;;;;0.099;5260000.0;214390;502719;214397;502706
1354;ER Reeks 1990-2022 Definitief;2022;204;Koolstofdioxide;T100600;SBI 17 (per bedrijf): Vervaardiging van papier, karton en papier- en kartonwaren;4301;Smurfit Kappa Roermond Papier BV;17122;Vervaardiging van papier en karton voor verpakking;198000;357600;pub_0211;Papier(waren);35027;Schoorsteen ketel 6 en 14;198000;357600;P;40.0;;;;0.0;;;;2.06;31432713.0;198000;357599;198000;357599
1355;ER Reeks 1990-2022 Definitief;2022;204;Koolstofdioxide;T100600;SBI 17 (per bedrijf): Vervaardiging van papier, karton en papier- en kartonwaren;4301;Smurfit Kappa Roermond Papier BV;17122;Vervaardiging van papier en karton voor verpakking;198000;357600;pub_0211;Papier(waren);35028;Schoorsteen ketel 7;198000;357600;P;15.0;;;;0.0;;;;1.26;14353199.0;198000;357599;198000;357599
1356;ER Reeks 1990-2022 Definitief;2022;204;Koolstofdioxide;T108502;SBI 35.12 (per bedrijf): Transportnet voor aardgas;21528;Gasunie (Wieringermeer);35120;Beheer en exploitatie van transportnetten voor elektriciteit, aardgas en warm water;132250;530325;pub_0502;Olie- gaswinning land;35845;3-1 SOLAR;132249;529999;P;17.0;;;;1.3;448.0;9.0;11.55;6.466;9648357.0;132249;529998;132250;530324
1357;ER Reeks 1990-2022 Definitief;2022;204;Koolstofdioxide;T101100;SBI 20.1 (per bedrijf): Vervaardiging van chemische basisproducten;10004;Lyondell Chemie Nederland BV;20141;Vervaardiging van petrochemische producten;76900;433220;pub_0301;Chemische Industrie basisproducten;35298;B-911 Proces Fornuis;76940;433300;P;33.0;;;;1.2;426.0;3.0;3.95;2.1;13562506.0;76940;433299;76900;433219
1358;ER Reeks 1990-2022 Definitief;2022;204;Koolstofdioxide;T101100;SBI 20.1 (per bedrijf): Vervaardiging van chemische basisproducten;10004;Lyondell Chemie Nederland BV;20141;Vervaardiging van petrochemische producten;76900;433220;pub_0301;Chemische Industrie basisproducten;35301;F-12180, Proces Fornuis;76950;433290;P;25.0;;;;1.1;327.0;3.0;3.06;1.238;11601556.000000004;76950;433289;76900;433219
1359;ER Reeks 1990-2022 Definitief;2022;204;Koolstofdioxide;T101100;SBI 20.1 (per bedrijf): Vervaardiging van chemische basisproducten;10001;Nobian Industrial Chemicals BV (Botlek);20130;Vervaardiging van overige anorganische basischemicaliën;78660;432300;pub_0301;Chemische Industrie basisproducten;39651;Divers, overig, diffuus;78660;432300;P;5.0;;;;0.0;;;;0.0;429366.6895;78660;432299;78660;432299
1360;ER Reeks 1990-2022 Definitief;2022;204;Koolstofdioxide;T102500;SBI 20.13 (per bedrijf): Basischemie anorganisch;10001;Nobian Industrial Chemicals BV (Botlek);20130;Vervaardiging van overige anorganische basischemicaliën;78660;432300;pub_0301;Chemische Industrie basisproducten;39651;Divers, overig, diffuus;78660;432300;P;5.0;;;;0.0;;;;0.0;887000.0;78660;432299;78660;432299
1361;ER Reeks 1990-2022 Definitief;2022;204;Koolstofdioxide;T101702;SBI 20.5 (per bedrijf): Overige chemische producten;21403;Cabot Norit Nederland B.V.;20590;Vervaardiging van overige chemische producten n.e.g.;116710;492900;pub_0304;Chemische Industrie overig;8086;SO en Overig;116683;492917;P;15.0;;;;0.0;;;;0.1;271147.0;116683;492916;116710;492899
1362;ER Reeks 1990-2022 Definitief;2022;204;Koolstofdioxide;T101702;SBI 20.5 (per bedrijf): Overige chemische producten;21403;Cabot Norit Nederland B.V.;20590;Vervaardiging van overige chemische producten n.e.g.;116710;492900;pub_0304;Chemische Industrie overig;35259;EO 1 + EO 2 + Naverb;116701;492857;P;23.0;;;;0.13;;;;0.319;2338510.5;116701;492856;116710;492899
1363;ER Reeks 1990-2022 Definitief;2022;204;Koolstofdioxide;T101702;SBI 20.5 (per bedrijf): Overige chemische producten;21403;Cabot Norit Nederland B.V.;20590;Vervaardiging van overige chemische producten n.e.g.;116710;492900;pub_0304;Chemische Industrie overig;35260;EO 3 + Naverb;116721;492894;P;30.0;;;;0.9;;;;0.66;2338510.5;116721;492893;116710;492899
1364;ER Reeks 1990-2022 Definitief;2022;204;Koolstofdioxide;T103600;SBI 20.59 (per bedrijf): Vervaardiging van overige chemische producten n.e.g.;21403;Cabot Norit Nederland B.V.;20590;Vervaardiging van overige chemische producten n.e.g.;116710;492900;pub_0304;Chemische Industrie overig;35261;Malerij;116713;492964;P;19.0;;;;0.28;;;;0.0;2842168.3;116713;492963;116710;492899
1365;ER Reeks 1990-2022 Definitief;2022;204;Koolstofdioxide;T104706;SBI 24.45 (per bedrijf) Vervaardiging van overige non-ferrometalen, zink;43013;Nyrstar Budel BV;24430;Vervaardiging van lood, zink en tin;169900;361000;pub_0201;Basismetaal;38976;ontluchting elektrolysehal (emissiepunt 14);169900;361000;O;20.0;71.0;71.0;;5000.0;;;;6.41;50958.0;169900;360999;169900;360999
1366;ER Reeks 1990-2022 Definitief;2022;204;Koolstofdioxide;T106200;SBI 25 (per bedrijf): Metaalproductenindustrie (exclusief machinebouw);43139;Ardagh Metal Beverage Netherlands BV;25920;Vervaardiging van verpakkingsmiddelen van licht metaal;165900;419700;pub_0210;Metaalelektro;37033;Naverbrander;165900;419700;P;18.0;;;;1.8;180.0;2.0;2.78;0.6;63691.0;165900;419699;165900;419699
1367;ER Reeks 1990-2022 Definitief;2022;204;Koolstofdioxide;T101100;SBI 20.1 (per bedrijf): Vervaardiging van chemische basisproducten;10001;Nobian Industrial Chemicals BV (Botlek);20130;Vervaardiging van overige anorganische basischemicaliën;78660;432300;pub_0301;Chemische Industrie basisproducten;39655;F-3202    EVB;78650;432120;P;30.0;;;;0.0;;;;13.099;63272740.2635668;78650;432119;78660;432299
1368;ER Reeks 1990-2022 Definitief;2022;204;Koolstofdioxide;T101100;SBI 20.1 (per bedrijf): Vervaardiging van chemische basisproducten;10003;DSM Resins BV;20160;Vervaardiging van kunststof in primaire vorm;70183;442535;pub_0301;Chemische Industrie basisproducten;38949;Desotech F-832;70210;442560;P;20.0;;;;0.07;;;;0.0465;206132.0;70210;442559;70183;442534
1369;ER Reeks 1990-2022 Definitief;2022;204;Koolstofdioxide;T104201;SBI 38.2 (per bedrijf): Afvalinzameling/beh, AVI's;10076;HVC Afvalcentrale Dordrecht;38210;Behandeling van onschadelijk afval;110212;425400;pub_0901;AVI's;34980;Schoorsteen Vuilverbranding;110212;425400;P;80.0;;;;6.28;109.41;10.0;62.0;7.755;326670000.0;110212;425399;110212;425399
1370;ER Reeks 1990-2022 Definitief;2022;204;Koolstofdioxide;T100201;SBI 10-12 (per bedrijf): Voedings- & genotmiddelenindustrie;10097;Sime Darby Unimills B.V.;10410;Vervaardiging van plantaardige en dierlijke oliën en vetten (geen margarine en andere spijsvetten);103500;424600;pub_0216;Voedings- en genotmiddelenindustrie;41694;EMFA(ketels);103511;424489;P;15.0;;;;0.0;280.0;;0.33;0.114;1293000.0;103511;424488;103500;424599
1371;ER Reeks 1990-2022 Definitief;2022;204;Koolstofdioxide;T101100;SBI 20.1 (per bedrijf): Vervaardiging van chemische basisproducten;101104;Dow Benelux BV (Delfzijl);20141;Vervaardiging van petrochemische producten;259700;592600;pub_0301;Chemische Industrie basisproducten;42450;Fornuis H-990;259700;592600;P;8.0;;;;0.0;143.0;;0.96;0.161;4635435.0;259700;592599;259700;592599
1372;ER Reeks 1990-2022 Definitief;2022;204;Koolstofdioxide;T101100;SBI 20.1 (per bedrijf): Vervaardiging van chemische basisproducten;101105;PQ Silicas BV (Winschoten);20130;Vervaardiging van overige anorganische basischemicaliën;266100;573750;pub_0301;Chemische Industrie basisproducten;42557;Stoomketel H-7201;266080;573750;P;14.0;;;;0.5;;;;0.11;1310177.0;266080;573749;266100;573749
1373;ER Reeks 1990-2022 Definitief;2022;204;Koolstofdioxide;T101100;SBI 20.1 (per bedrijf): Vervaardiging van chemische basisproducten;101404;Delamine BV;20149;Vervaardiging van organische basischemicaliën (geen petrochemische producten);259936;593060;pub_0301;Chemische Industrie basisproducten;42892;Diffusie Emissies;259936;593060;P;5.0;;;;0.0;;;;0.001;1604474.0;259936;593059;259936;593059
1374;ER Reeks 1990-2022 Definitief;2022;204;Koolstofdioxide;T101100;SBI 20.1 (per bedrijf): Vervaardiging van chemische basisproducten;101407;Zeolyst CV;20130;Vervaardiging van overige anorganische basischemicaliën;261647;592403;pub_0301;Chemische Industrie basisproducten;46978;hete olie systeem 2571;261647;592403;P;20.0;;;;0.785;;;;0.001;118819.0;261647;592402;261647;592402
1375;ER Reeks 1990-2022 Definitief;2022;204;Koolstofdioxide;T104700;SBI 20.11 (per bedrijf): Vervaardiging van industriële gassen;203825;Linde Gas Benelux BV;20110;Vervaardiging van industriële gassen;204514;451908;pub_0301;Chemische Industrie basisproducten;39739;Divers, overig, diffuus;204514;451908;P;5.0;;;;;;;;0.0;164605.0;204514;451907;204514;451907
1376;ER Reeks 1990-2022 Definitief;2022;204;Koolstofdioxide;T105600;SBI 10.8 (per bedrijf): Overige voedingsmiddelenindustrie (exclusief SBI 10.81 en 10.82);203868;De Bioderij BV;10720;Vervaardiging van beschuit en koekjes en van ander houdbaar banketbakkerswerk;110031;426433;pub_0216;Voedings- en genotmiddelenindustrie;46037;Schoorstenen hal 2;110008;426429;P;30.0;;;;1.1;150.0;4.0;4.16;0.737;206581.1645175;110008;426428;110031;426432
1377;ER Reeks 1990-2022 Definitief;2022;204;Koolstofdioxide;T107600;SBI 01 (per bedrijf): Landbouw, jacht en dienstverlening voor de landbouw en jacht;204038;Keizersberg Diervoeders Elsendorp BV;1499;Fokken en houden van overige dieren (rest);181499;399733;pub_0105;Landbouwbedrijven;45990;Schoorsteen CV-ketels;181499;399733;P;5.0;;;;1.0;50.0;0.0;0.009;0.0004095;7158.0;181499;399732;181499;399732
1378;ER Reeks 1990-2022 Definitief;2022;204;Koolstofdioxide;T108500;SBI 35 (per bedrijf): Productie en distributie van elektriciteit en gas;204363;Nuon HWC Schuytgraaf;35111;Productie van elektriciteit door thermische, kern- en warmtekrachtcentrales;186213;439706;pub_0503;Opwekking electriciteit;38435;NHA20;186213;439706;P;21.0;;;;1.3;180.0;2.0;2.2;0.475;601534.5000000001;186213;439705;186213;439705
1379;ER Reeks 1990-2022 Definitief;2022;204;Koolstofdioxide;T108500;SBI 35 (per bedrijf): Productie en distributie van elektriciteit en gas;204617;Centrale Rotterdam;35111;Productie van elektriciteit door thermische, kern- en warmtekrachtcentrales;64578;440415;pub_0503;Opwekking electriciteit;45598;schoorsteen Hoofdketel;64497;440325;P;125.0;;;;50.0;50.0;9.0;445.0;21.712;2472014000.0;64497;440324;64578;440414
1380;ER Reeks 1990-2022 Definitief;2022;204;Koolstofdioxide;T108500;SBI 35 (per bedrijf): Productie en distributie van elektriciteit en gas;204617;Centrale Rotterdam;35111;Productie van elektriciteit door thermische, kern- en warmtekrachtcentrales;64578;440415;pub_0503;Opwekking electriciteit;45600;schoorsteen Hulpketel 2;64615;440345;P;12.0;;;;1.13;120.0;6.0;7.15;0.991;1769000.0;64615;440344;64578;440414
1381;ER Reeks 1990-2022 Definitief;2022;204;Koolstofdioxide;T108500;SBI 35 (per bedrijf): Productie en distributie van elektriciteit en gas;204654;Enecogen VOF;35120;Beheer en exploitatie van transportnetten voor elektriciteit, aardgas en warm water;66120;441896;pub_0503;Opwekking electriciteit;41924;Stack Gasturbine Unit 10;66018;441750;P;55.0;;;;37.48;80.0;15.0;564.8;49.313;532435312.8;66018;441749;66120;441895
1382;ER Reeks 1990-2022 Definitief;2022;204;Koolstofdioxide;T108500;SBI 35 (per bedrijf): Productie en distributie van elektriciteit en gas;204944;Eneco Bio Golden Raand;35120;Beheer en exploitatie van transportnetten voor elektriciteit, aardgas en warm water;261424;592709;pub_0503;Opwekking electriciteit;45628;Schoorsteen BEC Delfzijl;261337;592991;P;80.0;;;;3.6287;179.8;12.0;42.36;9.127;398244700.0;261337;592990;261424;592708
1383;ER Reeks 1990-2022 Definitief;2022;204;Koolstofdioxide;T100901;SBI 24 (per bedrijf): Vervaardiging van metalen in primaire vorm;23301;Tata Steel IJmuiden BV;24100;Vervaardiging van ijzer en staal en van ferrolegeringen;100985;499055;pub_0201;Basismetaal;44863;DIV_02;102366;499739;O;3.0;50.0;50.0;;2500.0;;;;1.0;551564.4;102366;499738;100985;499054
1384;ER Reeks 1990-2022 Definitief;2022;204;Koolstofdioxide;T102202;SBI 24.1-24.3 (per bedrijf): Basismetaalindustrie, verwerking en vervaardiging ijzer en staal;23301;Tata Steel IJmuiden BV;24100;Vervaardiging van ijzer en staal en van ferrolegeringen;100985;499055;pub_0201;Basismetaal;44864;ENB03;100970;499378;P;23.0;;;;4.15265;;;;5.703;299654032.25981367;100970;499377;100985;499054
1385;ER Reeks 1990-2022 Definitief;2022;204;Koolstofdioxide;T101100;SBI 20.1 (per bedrijf): Vervaardiging van chemische basisproducten;10079;Chemours Netherlands BV;20160;Vervaardiging van kunststof in primaire vorm;109500;425710;pub_0301;Chemische Industrie basisproducten;44626;TFE fornuis Haven FL20a;109626;425883;P;38.0;;;;0.64;;;;0.715;3202380.03357404;109626;425882;109500;425709
1386;ER Reeks 1990-2022 Definitief;2022;204;Koolstofdioxide;T101100;SBI 20.1 (per bedrijf): Vervaardiging van chemische basisproducten;10079;Chemours Netherlands BV;20160;Vervaardiging van kunststof in primaire vorm;109500;425710;pub_0301;Chemische Industrie basisproducten;46787;Dieselmotoren voor bluswaterpompen;109669;425659;P;5.0;;;;0.2;;;;0.001;7450.0;109669;425658;109500;425709
1387;ER Reeks 1990-2022 Definitief;2022;204;Koolstofdioxide;T102201;SBI 19.201 (per bedrijf): Aardolieraffinage;10057;Shell Nederland Raffinaderij BV;19201;Aardolieraffinage;82574;432924;pub_0401;Raffinage en verwerking;42207;HCU;82574;432924;P;80.0;;;;0.5;194.0;15.0;7.39;1.727;46636747.0;82574;432923;82574;432923
1388;ER Reeks 1990-2022 Definitief;2022;204;Koolstofdioxide;T102201;SBI 19.201 (per bedrijf): Aardolieraffinage;10057;Shell Nederland Raffinaderij BV;19201;Aardolieraffinage;82574;432924;pub_0401;Raffinage en verwerking;42212;Hoge schoorsteen 1;82574;432924;P;213.0;;;;13.0;229.0;4.0;49.01;13.655;403211235.6;82574;432923;82574;432923
1389;ER Reeks 1990-2022 Definitief;2022;204;Koolstofdioxide;T102201;SBI 19.201 (per bedrijf): Aardolieraffinage;10057;Shell Nederland Raffinaderij BV;19201;Aardolieraffinage;82574;432924;pub_0401;Raffinage en verwerking;42215;HV-7/8;83010;432485;P;117.0;;;;0.64;212.0;23.0;14.75;3.788;92985180.0;83010;432484;82574;432923
1390;ER Reeks 1990-2022 Definitief;2022;204;Koolstofdioxide;T102201;SBI 19.201 (per bedrijf): Aardolieraffinage;10057;Shell Nederland Raffinaderij BV;19201;Aardolieraffinage;82574;432924;pub_0401;Raffinage en verwerking;42218;SARU;83100;433050;P;85.0;;;;0.79;403.0;3.0;2.41;1.21;15116489.0;83100;433049;82574;432923
1391;ER Reeks 1990-2022 Definitief;2022;204;Koolstofdioxide;T102201;SBI 19.201 (per bedrijf): Aardolieraffinage;10057;Shell Nederland Raffinaderij BV;19201;Aardolieraffinage;82574;432924;pub_0401;Raffinage en verwerking;44599;HDS6;82830;432370;P;75.0;;;;0.95;164.0;2.0;1.84;0.359;11579110.0;82830;432369;82574;432923
1392;ER Reeks 1990-2022 Definitief;2022;204;Koolstofdioxide;T108500;SBI 35 (per bedrijf): Productie en distributie van elektriciteit en gas;204957;Eneco Solar, Bio & Hydro BV, WKC Ypenburg;35120;Beheer en exploitatie van transportnetten voor elektriciteit, aardgas en warm water;85471;452540;pub_0503;Opwekking electriciteit;45534;WKK 2 schoorsteen;85455;452580;P;20.0;;;;0.28;110.0;;2.4;0.2964;5017266.0;85455;452579;85471;452539
1393;ER Reeks 1990-2022 Definitief;2022;204;Koolstofdioxide;T108500;SBI 35 (per bedrijf): Productie en distributie van elektriciteit en gas;204957;Eneco Solar, Bio & Hydro BV, WKC Ypenburg;35120;Beheer en exploitatie van transportnetten voor elektriciteit, aardgas en warm water;85471;452540;pub_0503;Opwekking electriciteit;45538;WKK 6 schoorsteen;85455;452580;P;20.0;;;;0.28;110.0;9.0;2.4;0.302;3930550.0;85455;452579;85471;452539
1394;ER Reeks 1990-2022 Definitief;2022;204;Koolstofdioxide;T101702;SBI 20.5 (per bedrijf): Overige chemische producten;21101;Albemarle Catalysts Company B.V.;20590;Vervaardiging van overige chemische producten n.e.g.;124570;488620;pub_0304;Chemische Industrie overig;7555;HPC-proces;124120;488650;P;25.0;;;;0.0;350.0;;2.5;1.085;8596663.0;124120;488649;124570;488619
1395;ER Reeks 1990-2022 Definitief;2022;204;Koolstofdioxide;T100201;SBI 10-12 (per bedrijf): Voedings- & genotmiddelenindustrie;22626;Cargill BV (Multiseed);10410;Vervaardiging van plantaardige en dierlijke oliën en vetten (geen margarine en andere spijsvetten);112985;491728;pub_0216;Voedings- en genotmiddelenindustrie;36426;Hoge druk ketel Raffinaderij;112900;491800;P;12.0;;;;0.07;;;;0.058;1462776.0;112900;491799;112985;491727
1396;ER Reeks 1990-2022 Definitief;2022;204;Koolstofdioxide;T100600;SBI 17 (per bedrijf): Vervaardiging van papier, karton en papier- en kartonwaren;24302;Crown van Gelder N.V.;17121;Vervaardiging van grafisch papier en karton;103980;497960;pub_0211;Papier(waren);42824;STEG installatie;103980;497960;P;40.0;;;;3.14;;;;6.1;112292991.489017;103980;497959;103980;497959
1397;ER Reeks 1990-2022 Definitief;2022;204;Koolstofdioxide;T106100;SBI 22.2 (per bedrijf): Vervaardiging van producten van kunststof;24605;Forbo Flooring BV;22230;Vervaardiging van kunststofproducten voor de bouw;112868;500232;pub_0213;Rubber- en kunstofverw. Industrie;42910;Divers, overig, diffuus;112868;500232;P;5.0;;;;;;;;0.0;1001209.0;112868;500231;112868;500231
1398;ER Reeks 1990-2022 Definitief;2022;204;Koolstofdioxide;T101100;SBI 20.1 (per bedrijf): Vervaardiging van chemische basisproducten;85003;DSM Engineering Plastics (Emmen) BV;20160;Vervaardiging van kunststof in primaire vorm;257552;533045;pub_0301;Chemische Industrie basisproducten;37619;HTM-unit lijn 1/2/3;257574;532751;P;40.0;;;;0.3;166.0;2.0;0.47;0.093;2920000.0;257574;532750;257552;533044
1399;ER Reeks 1990-2022 Definitief;2022;204;Koolstofdioxide;T100201;SBI 10-12 (per bedrijf): Voedings- & genotmiddelenindustrie;92004;Hochwald Nederland BV;10510;Vervaardiging van zuivelproducten (geen consumptie-ijs);163330;563820;pub_0216;Voedings- en genotmiddelenindustrie;36534;verwarming e.d.;163330;563899;P;10.0;;;;0.0;;;;0.001;214571.0;163330;563898;163330;563819
1400;ER Reeks 1990-2022 Definitief;2022;204;Koolstofdioxide;T100201;SBI 10-12 (per bedrijf): Voedings- & genotmiddelenindustrie;92008;Exploitatiemaatschappij Phoenix BV;10510;Vervaardiging van zuivelproducten (geen consumptie-ijs);181400;551120;pub_0216;Voedings- en genotmiddelenindustrie;36358;Stoomconversie ketel 2;181473;551091;P;36.0;;;;0.0;;;;0.01;401000.0;181473;551090;181400;551119
1401;ER Reeks 1990-2022 Definitief;2022;204;Koolstofdioxide;T106100;SBI 22.2 (per bedrijf): Vervaardiging van producten van kunststof;24605;Forbo Flooring BV;22230;Vervaardiging van kunststofproducten voor de bouw;112868;500232;pub_0213;Rubber- en kunstofverw. Industrie;45657;ep  B5-1-1;113129;500680;P;22.0;;;;0.5;22.0;2.0;1.2;0.015;39583.84;113129;500679;112868;500231
1402;ER Reeks 1990-2022 Definitief;2022;204;Koolstofdioxide;T106100;SBI 22.2 (per bedrijf): Vervaardiging van producten van kunststof;24605;Forbo Flooring BV;22230;Vervaardiging van kunststofproducten voor de bouw;112868;500232;pub_0213;Rubber- en kunstofverw. Industrie;45665;ep  N12-0-1;113100;500581;P;15.0;;;;0.74;113.0;4.0;3.1;0.402;494798.0;113100;500580;112868;500231
1403;ER Reeks 1990-2022 Definitief;2022;204;Koolstofdioxide;T106100;SBI 22.2 (per bedrijf): Vervaardiging van producten van kunststof;24605;Forbo Flooring BV;22230;Vervaardiging van kunststofproducten voor de bouw;112868;500232;pub_0213;Rubber- en kunstofverw. Industrie;45668;ep  N19-0-1;113076;500574;P;15.0;;;;0.5;137.0;9.0;4.7;0.754;217711.12;113076;500573;112868;500231
1404;ER Reeks 1990-2022 Definitief;2022;204;Koolstofdioxide;T102201;SBI 19.201 (per bedrijf): Aardolieraffinage;10061;Esso Nederland BV (Raffinaderij Rotterdam);19201;Aardolieraffinage;79871;432082;pub_0401;Raffinage en verwerking;45597;WSP en TGCU fornuizen (F6701,F7501);79306;432019;P;90.0;;;;8.042;;;;10.103;110852605.0;79306;432018;79871;432081
1405;ER Reeks 1990-2022 Definitief;2022;204;Koolstofdioxide;T104201;SBI 38.2 (per bedrijf): Afvalinzameling/beh, AVI's;10063;AVR NV (Rijnmond);38210;Behandeling van onschadelijk afval;78545;434865;pub_0901;AVI's;39571;Biomassa Energie Centrale;78367;434831;P;80.0;;;;2.54;60.1;10.0;26.0;1.606;221794451.2;78367;434830;78545;434864
1406;ER Reeks 1990-2022 Definitief;2022;204;Koolstofdioxide;T100201;SBI 10-12 (per bedrijf): Voedings- & genotmiddelenindustrie;22102;Loders Croklaan B.V.;10410;Vervaardiging van plantaardige en dierlijke oliën en vetten (geen margarine en andere spijsvetten);115800;499830;pub_0216;Voedings- en genotmiddelenindustrie;45566;Geka Ketel Deo;115742;499647;P;16.0;;;;0.2;273.0;1.0;0.12;0.04;778806.0;115742;499646;115800;499829
1407;ER Reeks 1990-2022 Definitief;2022;204;Koolstofdioxide;T100201;SBI 10-12 (per bedrijf): Voedings- & genotmiddelenindustrie;22602;Tate & Lyle Netherlands BV;10620;Vervaardiging van zetmeel en zetmeelproducten;115900;497600;pub_0216;Voedings- en genotmiddelenindustrie;42979;Stookinstallatie (<50) Stoomketel2;115992;497639;P;50.0;;;;3.1;100.0;8.0;23.61;0.0;16564685.0;115992;497638;115900;497599
1408;ER Reeks 1990-2022 Definitief;2022;204;Koolstofdioxide;T100600;SBI 17 (per bedrijf): Vervaardiging van papier, karton en papier- en kartonwaren;94301;Huhtamaki Nederland BV;17290;Vervaardiging van overige papier- en kartonwaren;165330;577300;pub_0211;Papier(waren);40772;M52;165347;577329;P;7.0;;;;0.0;;;;0.3;93465.16;165347;577328;165330;577299
1409;ER Reeks 1990-2022 Definitief;2022;204;Koolstofdioxide;T102800;SBI 20.16 (per bedrijf): Vervaardiging van kunststof in primaire vorm;94706;BASF Nederland B.V. (Nijehaske);20160;Vervaardiging van kunststof in primaire vorm;188750;553750;pub_0301;Chemische Industrie basisproducten;40752;RTO (Thermische naverbrandingsinstallatie);188750;553750;P;10.0;;;;0.5;97.0;4.0;2.09;0.228;200184.813175;188750;553749;188750;553749
1410;ER Reeks 1990-2022 Definitief;2022;204;Koolstofdioxide;T100201;SBI 10-12 (per bedrijf): Voedings- & genotmiddelenindustrie;95003;Lamb Weston / Meyer VOF (Klooster Lidlum);10310;Vervaardiging van aardappelproducten;163915;582995;pub_0216;Voedings- en genotmiddelenindustrie;37047;Naverbrander;163915;582995;P;9.0;;;;0.06;95.0;10.0;0.57;0.061;506697.48;163915;582994;163915;582994
1411;ER Reeks 1990-2022 Definitief;2022;204;Koolstofdioxide;T102102;SBI 23 (per bedrijf): Bouwmaterialen- en glasindustrie;10723;O-I Manufacturing Netherlands BV (Leerdam);23130;Vervaardiging van holglas;134256;433341;pub_0203;Bouwmaterialenindustrie;35129;SCHOORSTEEN GLASOVEN L 6;134270;433430;P;45.0;;;;1.0;;;;1.0;20107016.487;134270;433429;134256;433340
1412;ER Reeks 1990-2022 Definitief;2022;204;Koolstofdioxide;T103601;SBI 23.1 (per bedrijf): Vervaardiging van glas en glaswerk;10723;O-I Manufacturing Netherlands BV (Leerdam);23130;Vervaardiging van holglas;134256;433341;pub_0203;Bouwmaterialenindustrie;35131;SCHOORSTEEN GLASOVEN L 8;134240;433300;P;45.0;;;;0.0;;;;1.0;18300273.745925;134240;433299;134256;433340
1413;ER Reeks 1990-2022 Definitief;2022;204;Koolstofdioxide;T102102;SBI 23 (per bedrijf): Bouwmaterialen- en glasindustrie;10723;O-I Manufacturing Netherlands BV (Leerdam);23130;Vervaardiging van holglas;134256;433341;pub_0203;Bouwmaterialenindustrie;35133;SCHOORSTEEN KRISTALOVENS;134240;433300;P;30.0;;;;0.0;;;;0.1;17722711.0;134240;433299;134256;433340
1414;ER Reeks 1990-2022 Definitief;2022;204;Koolstofdioxide;T102102;SBI 23 (per bedrijf): Bouwmaterialen- en glasindustrie;10789;Monier BV (Woerden);23320;Vervaardiging van keramische producten voor de bouw (geen tegels en plavuizen);119600;455350;pub_0203;Bouwmaterialenindustrie;41730;ovens;119600;455350;P;40.0;;;;36.0;110.0;12.0;43.4;5.461;12667177.9035;119600;455349;119600;455349
1415;ER Reeks 1990-2022 Definitief;2022;204;Koolstofdioxide;T100201;SBI 10-12 (per bedrijf): Voedings- & genotmiddelenindustrie;102001;FrieslandCampina Bedum;10510;Vervaardiging van zuivelproducten (geen consumptie-ijs);235710;592080;pub_0216;Voedings- en genotmiddelenindustrie;35496;Stoomketel 3;235710;592080;P;26.0;;;;0.0;;;;0.727;2973060.0;235710;592079;235710;592079
1416;ER Reeks 1990-2022 Definitief;2022;204;Koolstofdioxide;T100201;SBI 10-12 (per bedrijf): Voedings- & genotmiddelenindustrie;102620;Avebe u.a. (Ter Apelkanaal);10620;Vervaardiging van zetmeel en zetmeelproducten;266540;549498;pub_0216;Voedings- en genotmiddelenindustrie;43057;Schoorsteen WKK 3;266590;549562;P;10.0;;;;7.07;80.0;7.0;50.34;4.395;53800000.0;266590;549561;266540;549497
1417;ER Reeks 1990-2022 Definitief;2022;204;Koolstofdioxide;T108500;SBI 35 (per bedrijf): Productie en distributie van elektriciteit en gas;104001;ENGIE Energie Nederland NV (Eemscentrale);35111;Productie van elektriciteit door thermische, kern- en warmtekrachtcentrales;254265;606627;pub_0503;Opwekking electriciteit;42516;EC6;254265;606627;P;67.0;;;;39.0;90.0;16.0;622.0;62.294;238271240.0;254265;606626;254265;606626
1418;ER Reeks 1990-2022 Definitief;2022;204;Koolstofdioxide;T100600;SBI 17 (per bedrijf): Vervaardiging van papier, karton en papier- en kartonwaren;104302;Solidus Solutions Board B.V. (Hoogkerk);17121;Vervaardiging van grafisch papier en karton;229850;581350;pub_0211;Papier(waren);42690;Ketels 7 en 8;229850;581350;O;13.0;1.0;1.0;;0.64;;;;0.259;7020000.0;229850;581349;229850;581349
1419;ER Reeks 1990-2022 Definitief;2022;204;Koolstofdioxide;T108500;SBI 35 (per bedrijf): Productie en distributie van elektriciteit en gas;28176;Nuon Power IJmond 1;35111;Productie van elektriciteit door thermische, kern- en warmtekrachtcentrales;101894;498859;pub_0503;Opwekking electriciteit;43337;Divers, overig, diffuus;103911;498474;P;5.0;;;;0.0;;;;0.0;5863.0;103911;498473;101894;498858
1420;ER Reeks 1990-2022 Definitief;2022;204;Koolstofdioxide;T102102;SBI 23 (per bedrijf): Bouwmaterialen- en glasindustrie;4709;Kleiwarenfabriek Joosten Kessel BV;23320;Vervaardiging van keramische producten voor de bouw (geen tegels en plavuizen);198620;364930;pub_0203;Bouwmaterialenindustrie;36525;schoorsteen tunneloven;198620;364930;P;40.0;;;;1.0;190.0;7.0;7.41;1.694;8763632.9394;198620;364929;198620;364929
1421;ER Reeks 1990-2022 Definitief;2022;204;Koolstofdioxide;T102102;SBI 23 (per bedrijf): Bouwmaterialen- en glasindustrie;4753;Rockwool B.V.;23990;Vervaardiging van niet-metaalhoudende minerale producten (geen schuur-, slijp- en polijstmiddelen);200915;353671;pub_0203;Bouwmaterialenindustrie;35007;PSM leidingisolatie;200915;353671;P;100.0;;;;2.11;44.0;12.0;25.6;1.052;2340400.2684;200915;353670;200915;353670
1422;ER Reeks 1990-2022 Definitief;2022;204;Koolstofdioxide;T101100;SBI 20.1 (per bedrijf): Vervaardiging van chemische basisproducten;48002;Unipol Holland BV;20160;Vervaardiging van kunststof in primaire vorm;166312;421568;pub_0301;Chemische Industrie basisproducten;45481;dieselaggregaat;166291;421551;P;3.0;;;;0.018;;;;0.059;4131.0;166291;421550;166312;421567
1423;ER Reeks 1990-2022 Definitief;2022;204;Koolstofdioxide;T102102;SBI 23 (per bedrijf): Bouwmaterialen- en glasindustrie;44773;Saint Gobain Construction Products;23140;Vervaardiging van glasvezels;100624;397751;pub_0203;Bouwmaterialenindustrie;37440;Schoorsteen ketels 4;100770;397800;P;13.0;;;;0.5;12.0;2.0;1.15;0.0;7093194.0;100770;397799;100624;397750
1424;ER Reeks 1990-2022 Definitief;2022;204;Koolstofdioxide;T106100;SBI 22.2 (per bedrijf): Vervaardiging van producten van kunststof;45669;Caligen Europe BV;22210;Vervaardiging van platen, folie, buizen en profielen van kunststof;112150;402250;pub_0213;Rubber- en kunstofverw. Industrie;23311;Afzuiging Schuimproductie;112150;402250;P;12.0;;;;0.0;16.0;;20.8;0.107;324520.0;112150;402249;112150;402249
1425;ER Reeks 1990-2022 Definitief;2022;204;Koolstofdioxide;T100201;SBI 10-12 (per bedrijf): Voedings- & genotmiddelenindustrie;92012;FrieslandCampina (Leeuwarden);10510;Vervaardiging van zuivelproducten (geen consumptie-ijs);183850;579150;pub_0216;Voedings- en genotmiddelenindustrie;35958;WKK;183850;579150;P;70.0;;;;0.0;;;;0.1;51200000.0;183850;579149;183850;579149
1426;ER Reeks 1990-2022 Definitief;2022;204;Koolstofdioxide;T100600;SBI 17 (per bedrijf): Vervaardiging van papier, karton en papier- en kartonwaren;104307;Solidus Solutions (Bad Nieuweschans);17121;Vervaardiging van grafisch papier en karton;276380;578810;pub_0211;Papier(waren);42743;Schoorsteen stoomketel 1;276340;578689;P;15.0;;;;1.0;;;;0.1;12892667.0;276340;578688;276380;578809
1427;ER Reeks 1990-2022 Definitief;2022;204;Koolstofdioxide;T103700;SBI 20.6 (per bedrijf): Vervaardiging van synthetische en kunstmatige vezels;105004;Teijin Aramid BV;20600;Vervaardiging van synthetische en kunstmatige vezels;258810;593450;pub_0304;Chemische Industrie overig;35150;Gas gestookt fornuis AF-8201B = L32;259780;593530;P;25.0;;;;0.0;;;;0.4;3476033.93345178;259780;593529;258810;593449
1428;ER Reeks 1990-2022 Definitief;2022;204;Koolstofdioxide;T103700;SBI 20.6 (per bedrijf): Vervaardiging van synthetische en kunstmatige vezels;105004;Teijin Aramid BV;20600;Vervaardiging van synthetische en kunstmatige vezels;258810;593450;pub_0304;Chemische Industrie overig;35152;Verbrandingsinstallatie PPD-incinerator AF8701 = L7;259790;593590;P;25.0;;;;0.0;;;;0.04;328000.0;259790;593589;258810;593449
1429;ER Reeks 1990-2022 Definitief;2022;204;Koolstofdioxide;T100201;SBI 10-12 (per bedrijf): Voedings- & genotmiddelenindustrie;105007;FrieslandCampina Cheese Marum;10510;Vervaardiging van zuivelproducten (geen consumptie-ijs);213000;573000;pub_0216;Voedings- en genotmiddelenindustrie;42751;Schoorsteen ketel 1;213056;573543;P;12.0;;;;0.7;;;;6.3;7986465.0;213056;573542;213000;572999
1430;ER Reeks 1990-2022 Definitief;2022;204;Koolstofdioxide;T100201;SBI 10-12 (per bedrijf): Voedings- & genotmiddelenindustrie;105007;FrieslandCampina Cheese Marum;10510;Vervaardiging van zuivelproducten (geen consumptie-ijs);213000;573000;pub_0216;Voedings- en genotmiddelenindustrie;42752;Schoorsteen reserveketel;213056;573543;P;12.0;;;;0.7;;;;0.25;196129.0;213056;573542;213000;572999
1431;ER Reeks 1990-2022 Definitief;2022;204;Koolstofdioxide;T101702;SBI 20.5 (per bedrijf): Overige chemische producten;105027;Kisuma Chemicals BV;20590;Vervaardiging van overige chemische producten n.e.g.;255841;570713;pub_0304;Chemische Industrie overig;36476;Divers, overig, diffuus;255841;570713;P;5.0;;;;0.0;;;;0.0;8540000.0;255841;570712;255841;570712
1432;ER Reeks 1990-2022 Definitief;2022;204;Koolstofdioxide;T104702;SBI 24.45 (per bedrijf) Vervaardiging van overige non-ferrometalen, aluminium;48051;KBM Master Alloys BV (Oss);24420;Vervaardiging van aluminium;166180;421650;pub_0201;Basismetaal;42949;Divers, overig, diffuus;166180;421650;P;5.0;;;;0.0;;;;0.0;109630.0;166180;421649;166180;421649
1433;ER Reeks 1990-2022 Definitief;2022;204;Koolstofdioxide;T104706;SBI 24.45 (per bedrijf) Vervaardiging van overige non-ferrometalen, zink;48073;Nedzink BV;24430;Vervaardiging van lood, zink en tin;169850;360930;pub_0201;Basismetaal;34997;Walserij (gieten en ovens);169850;360930;P;16.0;;;;0.78;;;;0.001;259435.683;169850;360929;169850;360929
1434;ER Reeks 1990-2022 Definitief;2022;204;Koolstofdioxide;T102102;SBI 23 (per bedrijf): Bouwmaterialen- en glasindustrie;5726;Wienerberger Steenfabriek Nuance;23320;Vervaardiging van keramische producten voor de bouw (geen tegels en plavuizen);199240;403900;pub_0203;Bouwmaterialenindustrie;44229;Standaard steenbakkerij;199240;403900;P;32.0;;;;0.0;;;;1.0;4322672.6;199240;403899;199240;403899
1435;ER Reeks 1990-2022 Definitief;2022;204;Koolstofdioxide;T101100;SBI 20.1 (per bedrijf): Vervaardiging van chemische basisproducten;5727;Umicore Nederland BV;20120;Vervaardiging van kleurstoffen en pigmenten;178058;308751;pub_0301;Chemische Industrie basisproducten;36141;Schoorsteen ovens;178160;309020;P;12.0;;;;0.0;;;;0.074;18779275.931675;178160;309019;178058;308750
1436;ER Reeks 1990-2022 Definitief;2022;204;Koolstofdioxide;T104702;SBI 24.45 (per bedrijf) Vervaardiging van overige non-ferrometalen, aluminium;5739;E-max Remelt;24420;Vervaardiging van aluminium;200842;321125;pub_0201;Basismetaal;36500;Rookgasreiniging BMD1;200842;321125;P;18.0;;;;0.57;;;;0.457;4768511.0;200842;321124;200842;321124
1437;ER Reeks 1990-2022 Definitief;2022;204;Koolstofdioxide;T106600;SBI 29 (per bedrijf): Auto-industrie;113;VDL Nedcar BV;29100;Vervaardiging van auto's;186200;339300;pub_0210;Metaalelektro;36246;Decentrale ketel nabij lakstraat;186514;339222;P;12.0;;;;0.2;;;;0.4;1151778.27128661;186514;339221;186200;339299
1438;ER Reeks 1990-2022 Definitief;2022;204;Koolstofdioxide;T108500;SBI 35 (per bedrijf): Productie en distributie van elektriciteit en gas;114002;Nuon WKC Almere;35111;Productie van elektriciteit door thermische, kern- en warmtekrachtcentrales;143323;488954;pub_0503;Opwekking electriciteit;8802;Hulpketels;143339;488984;P;10.0;;;;1.0;110.0;1.0;4.0;0.503;7896460.0;143339;488983;143323;488953
1439;ER Reeks 1990-2022 Definitief;2022;204;Koolstofdioxide;T105000;SBI 10.1 (per bedrijf): Slachterijen en vleesverwerking;114720;Vetsmelterij C.M. Bosland BV;10110;Slachterijen (geen pluimvee-);146061;491635;pub_0216;Voedings- en genotmiddelenindustrie;35032;Dierlijk vet smelten;146061;491635;P;15.0;;;;0.5;180.0;0.0;0.08464;0.018;385358.017975001;146061;491634;146061;491634
1440;ER Reeks 1990-2022 Definitief;2022;204;Koolstofdioxide;T100201;SBI 10-12 (per bedrijf): Voedings- & genotmiddelenindustrie;114720;Vetsmelterij C.M. Bosland BV;10110;Slachterijen (geen pluimvee-);146061;491635;pub_0216;Voedings- en genotmiddelenindustrie;35032;Dierlijk vet smelten;146061;491635;P;15.0;;;;0.5;180.0;0.0;0.08464;0.018;4811914.982025;146061;491634;146061;491634
1441;ER Reeks 1990-2022 Definitief;2022;204;Koolstofdioxide;T108500;SBI 35 (per bedrijf): Productie en distributie van elektriciteit en gas;115084;Stadsverwarming Purmerend HWC1;35140;Handel in elektriciteit en in gas via leidingen;126444;501583;pub_0503;Opwekking electriciteit;43009;Ketels;126444;501583;P;25.0;;;;0.95;110.0;5.0;4.7;0.591;15708671.0;126444;501582;126444;501582
1442;ER Reeks 1990-2022 Definitief;2022;204;Koolstofdioxide;T100600;SBI 17 (per bedrijf): Vervaardiging van papier, karton en papier- en kartonwaren;60;Sappi Maastricht BV;17121;Vervaardiging van grafisch papier en karton;176620;318700;pub_0211;Papier(waren);41896;Hoofdinstallatie 60 MW / 135 ton;176690;318740;P;50.0;;;;7.0;;;;6.0;121212000.0;176690;318739;176620;318699
1443;ER Reeks 1990-2022 Definitief;2022;204;Koolstofdioxide;T103000;SBI 20.3 (per bedrijf): Vervaardiging van verf, lak, vernis, inkt en mastiek;61213;PPG Coatings;20300;Vervaardiging van verf, vernis e.d., drukinkt en mastiek;156750;432750;pub_0304;Chemische Industrie overig;38994;CV-ketel (gebouw 10);156750;432750;P;5.0;;;;0.49;60.0;0.0;0.00325;0.000433485;51529.0;156750;432749;156750;432749
1444;ER Reeks 1990-2022 Definitief;2022;204;Koolstofdioxide;T103000;SBI 20.3 (per bedrijf): Vervaardiging van verf, lak, vernis, inkt en mastiek;61213;PPG Coatings;20300;Vervaardiging van verf, vernis e.d., drukinkt en mastiek;156750;432750;pub_0304;Chemische Industrie overig;38998;Thermische olie ketel;156750;432750;P;21.0;;;;0.7;253.0;0.0;0.03083;0.01;116608.0;156750;432749;156750;432749
1445;ER Reeks 1990-2022 Definitief;2022;204;Koolstofdioxide;T104201;SBI 38.2 (per bedrijf): Afvalinzameling/beh, AVI's;75305;Twence BV Boeldershoek;38210;Behandeling van onschadelijk afval;250428;472719;pub_0901;AVI's;45529;Schoorsteen NSA lijn-1/2;250442;472679;P;10.0;;;;0.05;200.0;30.0;1.5;0.362;4090.0;250442;472678;250428;472718
1446;ER Reeks 1990-2022 Definitief;2022;204;Koolstofdioxide;T102102;SBI 23 (per bedrijf): Bouwmaterialen- en glasindustrie;79;Steenfabriek Linssen BV;23320;Vervaardiging van keramische producten voor de bouw (geen tegels en plavuizen);199520;318420;pub_0203;Bouwmaterialenindustrie;36576;schoorsteen tunneloven;199520;318420;P;35.0;;;;0.5;170.0;2.0;1.11;0.225;2945535.6084;199520;318419;199520;318419
1447;ER Reeks 1990-2022 Definitief;2022;204;Koolstofdioxide;T103600;SBI 20.59 (per bedrijf): Vervaardiging van overige chemische producten n.e.g.;81103;Cabot Norit Activated Carbon (Klazienaveen);20590;Vervaardiging van overige chemische producten n.e.g.;263800;528000;pub_0304;Chemische Industrie overig;46768;RR2;263841;528092;P;40.0;;;;1.99;42.0;2.0;4.31;0.166;2983.0;263841;528091;263800;527999
1448;ER Reeks 1990-2022 Definitief;2022;204;Koolstofdioxide;T100201;SBI 10-12 (per bedrijf): Voedings- & genotmiddelenindustrie;81104;DOC Kaas (Zuivelfabriek);10510;Vervaardiging van zuivelproducten (geen consumptie-ijs);228600;525100;pub_0216;Voedings- en genotmiddelenindustrie;41661;Stoomketel 2;228122;526111;P;18.0;;;;1.2;;;;0.232;5237278.0;228122;526110;228600;525099
1449;ER Reeks 1990-2022 Definitief;2022;204;Koolstofdioxide;T100201;SBI 10-12 (per bedrijf): Voedings- & genotmiddelenindustrie;42410;Heineken Nederland BV (Den Bosch);11050;Vervaardiging van bier;147500;412600;pub_0216;Voedings- en genotmiddelenindustrie;55873;Nood-stoomketel 99;147500;412600;P;14.0;;;;0.79;;;;0.0;1098731.4083202;147500;412599;147500;412599
1450;ER Reeks 1990-2022 Definitief;2022;204;Koolstofdioxide;T101702;SBI 20.5 (per bedrijf): Overige chemische producten;76019;BYK Netherlands B.V.;20590;Vervaardiging van overige chemische producten n.e.g.;210675;472957;pub_0304;Chemische Industrie overig;57942;Thermische olieketel;210634;473005;P;10.0;;;;0.03;;;;0.2;131747.83452;210634;473004;210675;472956
1451;ER Reeks 1990-2022 Definitief;2022;204;Koolstofdioxide;T100600;SBI 17 (per bedrijf): Vervaardiging van papier, karton en papier- en kartonwaren;104307;Solidus Solutions (Bad Nieuweschans);17121;Vervaardiging van grafisch papier en karton;276380;578810;pub_0211;Papier(waren);56840;fakkel AWZI 2021;276221;578664;P;6.0;;;;0.5;;;;0.007;68768.5;276221;578663;276380;578809
1452;ER Reeks 1990-2022 Definitief;2022;204;Koolstofdioxide;T102501;SBI 20.141 (per bedrijf): Vervaardiging van petrochemische producten;115036;Lyondell Chemie Nederland B.V.;20141;Vervaardiging van petrochemische producten;61001;443044;pub_0301;Chemische Industrie basisproducten;56976;SP-11601 (CSP incinerator);61264;443159;P;45.0;;;;3.8;125.0;5.0;17.5;2.539;14355681.2628;61264;443158;61001;443043
1453;ER Reeks 1990-2022 Definitief;2022;204;Koolstofdioxide;T108500;SBI 35 (per bedrijf): Productie en distributie van elektriciteit en gas;206213;HWC Amsterdam Driehoek;35111;Productie van elektriciteit door thermische, kern- en warmtekrachtcentrales;117319;483773;pub_0503;Opwekking electriciteit;56946;HWC;117316;483779;P;22.0;;;;1.287;110.0;2.0;2.61;0.328;2067691.0;117316;483778;117319;483772
1454;ER Reeks 1990-2022 Definitief;2022;204;Koolstofdioxide;T102700;SBI 20.15 (per bedrijf): Vervaardiging van kunstmeststoffen en stikstofverbindingen;51105;YARA Sluiskil BV;20150;Vervaardiging van kunstmeststoffen en stikstofverbindingen;47750;366500;pub_0303;Chemische Industrie kunstmeststoffen;39669;Divers, overig, diffuus;47750;366500;P;35.0;;;;0.0;;;;1.0;1599370262.0;47750;366499;47750;366499
1455;ER Reeks 1990-2022 Definitief;2022;204;Koolstofdioxide;T107500;SBI 45 (per bedrijf): Handel en reparatie van auto's en motorfietsen;51107;ARKEMA Vlissingen BV;46751;Groothandel in chemische grondstoffen en chemicaliën voor industriële toepassing;37013;386172;pub_1201;Energiegebruik en processen Handel, Diensten en Overheid (HDO);38607;Schoorsteen overig;36890;385500;P;30.0;;;;1.33;51.0;42857.0;57000.0;0.741;195768.0736;36890;385499;37013;386171
1456;ER Reeks 1990-2022 Definitief;2022;204;Koolstofdioxide;T100201;SBI 10-12 (per bedrijf): Voedings- & genotmiddelenindustrie;200131;HAK;10390;Verwerking van groente en fruit (niet tot sap en maaltijden);130356;422745;pub_0216;Voedings- en genotmiddelenindustrie;41818;verwarmingsketel;130547;422682;P;10.0;;;;0.07;;;;2.0;597400.0;130547;422681;130356;422744
1457;ER Reeks 1990-2022 Definitief;2022;204;Koolstofdioxide;T104200;SBI 23.2-23.4 (per bedrijf): Vervaardiging van keramische producten;200228;Gouda Refractories BV;23200;Vervaardiging van vuurvaste keramische producten;107135;447577;pub_0203;Bouwmaterialenindustrie;41635;Schoorsteen tunneloven 1;107092;447475;P;30.0;;;;0.25;261.0;5.0;1.3;0.416;5912.26308300001;107092;447474;107135;447576
1458;ER Reeks 1990-2022 Definitief;2022;204;Koolstofdioxide;T102102;SBI 23 (per bedrijf): Bouwmaterialen- en glasindustrie;200228;Gouda Refractories BV;23200;Vervaardiging van vuurvaste keramische producten;107135;447577;pub_0203;Bouwmaterialenindustrie;41636;Schoorsteen tunneloven 2;107002;447328;P;30.0;;;;0.5;220.0;6.0;3.1;0.828;4226139.108933;107002;447327;107135;447576
1459;ER Reeks 1990-2022 Definitief;2022;204;Koolstofdioxide;T102102;SBI 23 (per bedrijf): Bouwmaterialen- en glasindustrie;200355;Wienerberger Dakpannenfabriek Narvik Tegelen;23320;Vervaardiging van keramische producten voor de bouw (geen tegels en plavuizen);208516;372291;pub_0203;Bouwmaterialenindustrie;36781;Ovens;208516;372291;P;35.0;;;;0.0;;;;1.0;8354796.42;208516;372290;208516;372290
1460;ER Reeks 1990-2022 Definitief;2022;204;Koolstofdioxide;T108500;SBI 35 (per bedrijf): Productie en distributie van elektriciteit en gas;200508;E.on Schenkkade;35111;Productie van elektriciteit door thermische, kern- en warmtekrachtcentrales;82782;454755;pub_0503;Opwekking electriciteit;37312;HBW1;82782;454755;P;40.0;;;;0.0;176.0;;7.9;1.65347;4072000.0;82782;454754;82782;454754
1461;ER Reeks 1990-2022 Definitief;2022;204;Koolstofdioxide;T108500;SBI 35 (per bedrijf): Productie en distributie van elektriciteit en gas;200508;E.on Schenkkade;35111;Productie van elektriciteit door thermische, kern- en warmtekrachtcentrales;82782;454755;pub_0503;Opwekking electriciteit;37314;HBW3;82782;454755;P;40.0;;;;0.0;176.0;;7.9;1.65347;482000.0;82782;454754;82782;454754
1462;ER Reeks 1990-2022 Definitief;2022;204;Koolstofdioxide;T108500;SBI 35 (per bedrijf): Productie en distributie van elektriciteit en gas;200508;E.on Schenkkade;35111;Productie van elektriciteit door thermische, kern- en warmtekrachtcentrales;82782;454755;pub_0503;Opwekking electriciteit;37315;HBW4;82782;454755;P;40.0;;;;0.0;176.0;;7.9;1.664;1389000.0;82782;454754;82782;454754
1463;ER Reeks 1990-2022 Definitief;2022;204;Koolstofdioxide;T111201;SBI 38.2 (per bedrijf): Behandeling van afval;200538;GMB Slibverwerking Zutphen BV;38210;Behandeling van onschadelijk afval;210294;463909;pub_0901;AVI's;37245;schoorsteen;210294;463909;P;85.0;;;;3.5;28.3;15.0;53.6;1.122;33605250.0;210294;463908;210294;463908
1464;ER Reeks 1990-2022 Definitief;2022;204;Koolstofdioxide;T102102;SBI 23 (per bedrijf): Bouwmaterialen- en glasindustrie;66224;Wienerberger Dakpannenfabriek Narvik Deest;23320;Vervaardiging van keramische producten voor de bouw (geen tegels en plavuizen);174810;433654;pub_0203;Bouwmaterialenindustrie;36825;Ovens;174661;433666;P;35.0;;;;0.0;;;;1.0;8558342.92;174661;433665;174810;433653
1465;ER Reeks 1990-2022 Definitief;2022;204;Koolstofdioxide;T102201;SBI 19.201 (per bedrijf): Aardolieraffinage;51501;Zeeland Refinery N.V.;19201;Aardolieraffinage;39593;385373;pub_0401;Raffinage en verwerking;43469;CCR ontluchting 221M49;39593;385373;P;40.0;;;;1.0;;;;0.01;686383.0;39593;385372;39593;385372
1466;ER Reeks 1990-2022 Definitief;2022;204;Koolstofdioxide;T101100;SBI 20.1 (per bedrijf): Vervaardiging van chemische basisproducten;71103;Nouryon Functional Chemicals;20141;Vervaardiging van petrochemische producten;208550;472800;pub_0301;Chemische Industrie basisproducten;35581;overig gasverbruik;208703;472627;P;9.0;;;;0.0;;;;0.001;1000000.0;208703;472626;208550;472799
1467;ER Reeks 1990-2022 Definitief;2022;204;Koolstofdioxide;T100201;SBI 10-12 (per bedrijf): Voedings- & genotmiddelenindustrie;42823;Unilever Nederland BV;10130;Vleesverwerking (niet tot maaltijden);165200;419600;pub_0216;Voedings- en genotmiddelenindustrie;43247;schoorsteen ketelhuis;165200;419600;P;16.0;;;;1.0;;;;2.15;10152885.0;165200;419599;165200;419599
1468;ER Reeks 1990-2022 Definitief;2022;204;Koolstofdioxide;T106100;SBI 22.2 (per bedrijf): Vervaardiging van producten van kunststof;115090;AFP Holland BV;22210;Vervaardiging van platen, folie, buizen en profielen van kunststof;192784;467112;pub_0213;Rubber- en kunstofverw. Industrie;41811;Divers, overig, diffuus;192784;467112;P;5.0;;;;;;;;0.0;257000.0;192784;467111;192784;467111
1469;ER Reeks 1990-2022 Definitief;2022;204;Koolstofdioxide;T100201;SBI 10-12 (per bedrijf): Voedings- & genotmiddelenindustrie;200653;Saturn Petcare;10920;Vervaardiging van voeders voor huisdieren;201248;498216;pub_0216;Voedings- en genotmiddelenindustrie;37377;Stoomketel Viessmann Werke;201248;498216;P;18.0;;;;0.67;55.0;2.0;1.1064;0.061;5140000.0;201248;498215;201248;498215
1470;ER Reeks 1990-2022 Definitief;2022;204;Koolstofdioxide;T102201;SBI 19.201 (per bedrijf): Aardolieraffinage;10059;Gunvor Petroleum Europoort B.V.;19201;Aardolieraffinage;71000;439203;pub_0401;Raffinage en verwerking;47513;4007-B;71145;439322;P;66.0;;;;0.64;747.0;1.0;0.71;0.67;4867661.7;71145;439321;71000;439202
1471;ER Reeks 1990-2022 Definitief;2022;204;Koolstofdioxide;T106200;SBI 25 (per bedrijf): Metaalproductenindustrie (exclusief machinebouw);203284;Staalstraal Brabant BV;25610;Oppervlaktebehandeling en bekleding van metaal;118320;408760;pub_0210;Metaalelektro;42710;Emissiepunt 2: Gietart I;118320;408760;P;10.0;;;;0.2;29.0;11.0;2.182;0.048;0.33;118320;408759;118320;408759
1472;ER Reeks 1990-2022 Definitief;2022;204;Koolstofdioxide;T105000;SBI 10.1 (per bedrijf): Slachterijen en vleesverwerking;62108;Polskamp BV;10120;Pluimveeslachterijen;170075;478262;pub_0216;Voedings- en genotmiddelenindustrie;43523;Divers, overig, diffuus;170075;478262;P;5.0;;;;;;;;0.0;13950.0;170075;478261;170075;478261
1473;ER Reeks 1990-2022 Definitief;2022;204;Koolstofdioxide;T100201;SBI 10-12 (per bedrijf): Voedings- & genotmiddelenindustrie;72914;Abbott Laboratories B.V.;10860;Vervaardiging van gehomogeniseerde voedingspreparaten en dieetvoeding;201500;503488;pub_0216;Voedings- en genotmiddelenindustrie;47590;Schoorsteen gasheater;201525;503366;P;44.0;;;;0.2;66.0;15.0;3.0;0.208;5311003.0;201525;503365;201500;503487
1474;ER Reeks 1990-2022 Definitief;2022;204;Koolstofdioxide;T108500;SBI 35 (per bedrijf): Productie en distributie van elektriciteit en gas;203228;Nuon Power Projects 1 BV (Eemshaven);35111;Productie van elektriciteit door thermische, kern- en warmtekrachtcentrales;252795;607838;pub_0503;Opwekking electriciteit;45416;Divers, overig, diffuus;252795;607838;P;5.0;;;;;;;;0.0;96510.0;252795;607837;252795;607837
1475;ER Reeks 1990-2022 Definitief;2022;204;Koolstofdioxide;T108500;SBI 35 (per bedrijf): Productie en distributie van elektriciteit en gas;203228;Nuon Power Projects 1 BV (Eemshaven);35111;Productie van elektriciteit door thermische, kern- en warmtekrachtcentrales;252795;607838;pub_0503;Opwekking electriciteit;45577;EH10;252441;608022;P;85.0;;;;37.4;93.0;5.0;201.0;20.905;423492921.0;252441;608021;252795;607837
1476;ER Reeks 1990-2022 Definitief;2022;204;Koolstofdioxide;T108500;SBI 35 (per bedrijf): Productie en distributie van elektriciteit en gas;203228;Nuon Power Projects 1 BV (Eemshaven);35111;Productie van elektriciteit door thermische, kern- en warmtekrachtcentrales;252795;607838;pub_0503;Opwekking electriciteit;45578;EH20;252485;608011;P;85.0;;;;37.4;93.0;5.0;177.0;18.409;376951778.0;252485;608010;252795;607837
1477;ER Reeks 1990-2022 Definitief;2022;204;Koolstofdioxide;T108500;SBI 35 (per bedrijf): Productie en distributie van elektriciteit en gas;203228;Nuon Power Projects 1 BV (Eemshaven);35111;Productie van elektriciteit door thermische, kern- en warmtekrachtcentrales;252795;607838;pub_0503;Opwekking electriciteit;45584;HK2;252393;608146;P;20.0;;;;1.5;125.0;2.0;3.0;0.435;5690567.0;252393;608145;252795;607837
1478;ER Reeks 1990-2022 Definitief;2022;204;Koolstofdioxide;T108500;SBI 35 (per bedrijf): Productie en distributie van elektriciteit en gas;203228;Nuon Power Projects 1 BV (Eemshaven);35111;Productie van elektriciteit door thermische, kern- en warmtekrachtcentrales;252795;607838;pub_0503;Opwekking electriciteit;45586;NA2;252346;607918;P;6.0;;;;0.2;;;;0.7;27151.0;252346;607917;252795;607837
1479;ER Reeks 1990-2022 Definitief;2022;204;Koolstofdioxide;T151100;SBI 46/47 (per bedrijf): Detail- en groothandel;200900;Arkema BV Location Brummen;46751;Groothandel in chemische grondstoffen en chemicaliën voor industriële toepassing;207534;457475;pub_1201;Energiegebruik en processen Handel, Diensten en Overheid (HDO);20335;gasstookinstallaties;207534;457475;P;6.0;;;;0.16;80.0;3.0;0.5;0.0;242000.0;207534;457474;207534;457474
1480;ER Reeks 1990-2022 Definitief;2022;204;Koolstofdioxide;T103000;SBI 20.3 (per bedrijf): Vervaardiging van verf, lak, vernis, inkt en mastiek;205256;DCC Maastricht B.V.;20300;Vervaardiging van verf, vernis e.d., drukinkt en mastiek;175625;319556;pub_0304;Chemische Industrie overig;47490;Kantoren G71;175635;319629;P;5.0;;;;0.5;;;;0.001;289892.0;175635;319628;175625;319555
1481;ER Reeks 1990-2022 Definitief;2022;204;Koolstofdioxide;T151100;SBI 46/47 (per bedrijf): Detail- en groothandel;204215;Enerco BV;46711;Groothandel in vaste brandstoffen;184568;339935;pub_1201;Energiegebruik en processen Handel, Diensten en Overheid (HDO);43713;Divers, overig, diffuus;184568;339935;P;5.0;;;;;;;;0.0;610444.0;184568;339934;184568;339934
1482;ER Reeks 1990-2022 Definitief;2022;204;Koolstofdioxide;T100600;SBI 17 (per bedrijf): Vervaardiging van papier, karton en papier- en kartonwaren;104304;ESKA Graphic Board BV (Hoogezand);17122;Vervaardiging van papier en karton voor verpakking;246200;575950;pub_0211;Papier(waren);48275;Schoorsteen vergasser;246380;575780;P;24.0;;;;1.0;120.0;10.0;10.0;1.387;13777226.6003;246380;575779;246200;575949
1483;ER Reeks 1990-2022 Definitief;2022;204;Koolstofdioxide;T100201;SBI 10-12 (per bedrijf): Voedings- & genotmiddelenindustrie;48177;Peka Kroef BV;10310;Vervaardiging van aardappelproducten;178293;406558;pub_0216;Voedings- en genotmiddelenindustrie;48151;Ketel 1;178275;406753;P;18.0;;;;0.0;;;;0.88;3960000.0;178275;406752;178293;406557
1484;ER Reeks 1990-2022 Definitief;2022;204;Koolstofdioxide;T102800;SBI 20.16 (per bedrijf): Vervaardiging van kunststof in primaire vorm;62;Chemelot Site Permit BV;20160;Vervaardiging van kunststof in primaire vorm;183732;332404;pub_0301;Chemische Industrie basisproducten;61177;ACN AnQore 2-I ABSORBEUR ACN-1;183980;333050;P;65.0;;;;0.6;60.0;;12.20611;0.714057435;86950.0;183980;333049;183732;332403
1485;ER Reeks 1990-2022 Definitief;2022;204;Koolstofdioxide;T102800;SBI 20.16 (per bedrijf): Vervaardiging van kunststof in primaire vorm;62;Chemelot Site Permit BV;20160;Vervaardiging van kunststof in primaire vorm;183732;332404;pub_0301;Chemische Industrie basisproducten;61180;ACN AnQore 4-I FAKKEL ACN-1 (X401);184112;333100;P;65.0;;;;0.71;700.0;;0.1925;0.17142125;1072660.0;184112;333099;183732;332403
1486;ER Reeks 1990-2022 Definitief;2022;204;Koolstofdioxide;T102800;SBI 20.16 (per bedrijf): Vervaardiging van kunststof in primaire vorm;62;Chemelot Site Permit BV;20160;Vervaardiging van kunststof in primaire vorm;183732;332404;pub_0301;Chemische Industrie basisproducten;61187;ACN AnQore 9-II ONTLUCHTING ACN2;183977;332990;P;85.0;;;;0.1;30.0;;0.00056;1.092e-05;485.0;183977;332989;183732;332403
1487;ER Reeks 1990-2022 Definitief;2022;204;Koolstofdioxide;T101100;SBI 20.1 (per bedrijf): Vervaardiging van chemische basisproducten;62;Chemelot Site Permit BV;20160;Vervaardiging van kunststof in primaire vorm;183732;332404;pub_0301;Chemische Industrie basisproducten;61188;AFA OCI 2.1 REFORMER R-101;183650;333304;P;30.0;;;;4.0;220.0;;46.17667;12.306082555;171344553.0;183650;333303;183732;332403
1488;ER Reeks 1990-2022 Definitief;2022;204;Koolstofdioxide;T101100;SBI 20.1 (per bedrijf): Vervaardiging van chemische basisproducten;62;Chemelot Site Permit BV;20160;Vervaardiging van kunststof in primaire vorm;183732;332404;pub_0301;Chemische Industrie basisproducten;61317;LD2 Borealis 2a OVEN F1201 STRAAT 1;183380;330040;P;20.0;;;;0.51;300.0;;1.0;0.3705;2993155.0;183380;330039;183732;332403
1489;ER Reeks 1990-2022 Definitief;2022;204;Koolstofdioxide;T101100;SBI 20.1 (per bedrijf): Vervaardiging van chemische basisproducten;62;Chemelot Site Permit BV;20160;Vervaardiging van kunststof in primaire vorm;183732;332404;pub_0301;Chemische Industrie basisproducten;61320;LD2 Borealis 4 OVEN F2801 STRAAT 2;183420;330010;P;20.0;;;;0.418;320.0;;0.97222;0.38548523;3519062.0;183420;330009;183732;332403
1490;ER Reeks 1990-2022 Definitief;2022;204;Koolstofdioxide;T100201;SBI 10-12 (per bedrijf): Voedings- & genotmiddelenindustrie;56102;Lamb Weston / Meijer Potatoes;10310;Vervaardiging van aardappelproducten;61150;386950;pub_0216;Voedings- en genotmiddelenindustrie;59638;Ketel 4;60979;386964;P;17.0;;;;1.17;;;;0.91625;14400000.0;60979;386963;61150;386949
1491;ER Reeks 1990-2022 Definitief;2022;204;Koolstofdioxide;T103002;SBI 30 (per bedrijf): Overige transportmiddelen;202159;Fokker Aerostructures BV;30300;Vervaardiging van vliegtuigen en onderdelen daarvoor;106240;426515;pub_0210;Metaalelektro;59605;N73032 G36;106147;426497;P;8.0;;;;0.25;85.5;0.0;0.012;0.001;86273.16;106147;426496;106240;426514
1492;ER Reeks 1990-2022 Definitief;2022;204;Koolstofdioxide;T103002;SBI 30 (per bedrijf): Overige transportmiddelen;202159;Fokker Aerostructures BV;30300;Vervaardiging van vliegtuigen en onderdelen daarvoor;106240;426515;pub_0210;Metaalelektro;59606;N73033 G36;106147;426497;P;8.0;;;;0.25;176.0;0.0;0.028;0.006;172546.32;106147;426496;106240;426514
1493;ER Reeks 1990-2022 Definitief;2022;204;Koolstofdioxide;T106200;SBI 25 (per bedrijf): Metaalproductenindustrie (exclusief machinebouw);205183;Van Merksteijn International BV;25930;Vervaardiging van artikelen van draad en van kettingen en veren;238760;487181;pub_0210;Metaalelektro;57120;Poedercoat 3;239127;487304;P;10.0;;;;0.56;;;;0.001;188604.0;239127;487303;238760;487180
1494;ER Reeks 1990-2022 Definitief;2022;204;Koolstofdioxide;T101100;SBI 20.1 (per bedrijf): Vervaardiging van chemische basisproducten;206266;Hexion VAD B.V.;20141;Vervaardiging van petrochemische producten;83857;433269;pub_0301;Chemische Industrie basisproducten;61125;Fornuis F352;83831;433466;P;15.0;;;;0.385;;;;0.25;4615505.0;83831;433465;83857;433268
1495;ER Reeks 1990-2022 Definitief;2022;204;Koolstofdioxide;T102800;SBI 20.16 (per bedrijf): Vervaardiging van kunststof in primaire vorm;62;Chemelot Site Permit BV;20160;Vervaardiging van kunststof in primaire vorm;183732;332404;pub_0301;Chemische Industrie basisproducten;61273;CAP Fibrant 8 ROOKGASSYSTEEM S-4804;183461;332116;P;8.0;;;;0.1;;;;0.0;197574.0;183461;332115;183732;332403
1496;ER Reeks 1990-2022 Definitief;2022;204;Koolstofdioxide;T101100;SBI 20.1 (per bedrijf): Vervaardiging van chemische basisproducten;62;Chemelot Site Permit BV;20160;Vervaardiging van kunststof in primaire vorm;183732;332404;pub_0301;Chemische Industrie basisproducten;61284;CENTRA USG 13 F3700;183555;330125;P;43.0;;;;1.8;133.0;;14.17444;2.174359096;72251056.0;183555;330124;183732;332403
1497;ER Reeks 1990-2022 Definitief;2022;204;Koolstofdioxide;T106200;SBI 25 (per bedrijf): Metaalproductenindustrie (exclusief machinebouw);206270;CAN-PACK Netherlands B.V.;25920;Vervaardiging van verpakkingsmiddelen van licht metaal;176990;383782;pub_0210;Metaalelektro;59652;RTO 28;177234;383961;P;14.0;;;;0.95;121.0;6.0;6.0;0.84;2904822.0;177234;383960;176990;383781
1498;ER Reeks 1990-2022 Definitief;2022;204;Koolstofdioxide;T106200;SBI 25 (per bedrijf): Metaalproductenindustrie (exclusief machinebouw);206270;CAN-PACK Netherlands B.V.;25920;Vervaardiging van verpakkingsmiddelen van licht metaal;176990;383782;pub_0210;Metaalelektro;59674;Washer lijn 19;177101;383884;P;11.0;;;;0.2;112.0;3.0;0.65;0.083;695386.0;177101;383883;176990;383781
1499;ER Reeks 1990-2022 Definitief;2022;204;Koolstofdioxide;T106200;SBI 25 (per bedrijf): Metaalproductenindustrie (exclusief machinebouw);206270;CAN-PACK Netherlands B.V.;25920;Vervaardiging van verpakkingsmiddelen van licht metaal;176990;383782;pub_0210;Metaalelektro;59678;Boiler lijn 28;177244;383919;P;11.0;;;;0.628;;;;0.025;154000.0;177244;383918;176990;383781
1500;ER Reeks 1990-2022 Definitief;2022;204;Koolstofdioxide;T100600;SBI 17 (per bedrijf): Vervaardiging van papier, karton en papier- en kartonwaren;24606;BN International BV;17240;Vervaardiging van behangselpapier;145000;479450;pub_0211;Papier(waren);48073;schoorsteen 4b;145144;479491;P;15.0;;;;0.7854;146.0;;3.6;0.61308;3611272.0;145144;479490;145000;479449
1501;ER Reeks 1990-2022 Definitief;2022;204;Koolstofdioxide;T101100;SBI 20.1 (per bedrijf): Vervaardiging van chemische basisproducten;51101;Eastman Chemical Middelburg BV;20160;Vervaardiging van kunststof in primaire vorm;33940;390952;pub_0301;Chemische Industrie basisproducten;48076;Tijddelijke huurunits;33940;390952;P;5.0;;;;0.2;50.0;50.0;10.0;0.488;29900.0;33940;390951;33940;390951
1502;ER Reeks 1990-2022 Definitief;2022;204;Koolstofdioxide;T107200;SBI 41-43 (per bedrijf): Bouwnijverheid;61424;Veolia Industriediensten BV;43210;Elektrotechnische bouwinstallatie;193118;442151;pub_0802;Overig bouw;48080;K13;193143;442175;P;40.0;;;;2.2;130.0;1.0;2.63;0.398;2931059.59;193143;442174;193118;442150
1503;ER Reeks 1990-2022 Definitief;2022;204;Koolstofdioxide;T108500;SBI 35 (per bedrijf): Productie en distributie van elektriciteit en gas;202825;Eneco (Lage Weide);35120;Beheer en exploitatie van transportnetten voor elektriciteit, aardgas en warm water;133424;457245;pub_0503;Opwekking electriciteit;48055;Lage Weide HWC;133356;457128;P;50.0;;;;2.405;;;;14.76;28584455.0;133356;457127;133424;457244
1504;ER Reeks 1990-2022 Definitief;2022;204;Koolstofdioxide;T101702;SBI 20.5 (per bedrijf): Overige chemische producten;205493;Euro Support Advanced Materials B.V.;20590;Vervaardiging van overige chemische producten n.e.g.;172961;407060;pub_0304;Chemische Industrie overig;48108;Scrubber sproeidroger SD003 + SD004;173297;407004;P;11.0;;;;1.1;;;;0.038;222704.0;173297;407003;172961;407059
1505;ER Reeks 1990-2022 Definitief;2022;204;Koolstofdioxide;T102201;SBI 19.201 (per bedrijf): Aardolieraffinage;10061;Esso Nederland BV (Raffinaderij Rotterdam);19201;Aardolieraffinage;79871;432082;pub_0401;Raffinage en verwerking;48101;F4002;79496;431932;P;68.0;;;;7.86;;;;3.758;191218437.0;79496;431931;79871;432081
1506;ER Reeks 1990-2022 Definitief;2022;204;Koolstofdioxide;T100201;SBI 10-12 (per bedrijf): Voedings- & genotmiddelenindustrie;10728;Cargill B.V.;10410;Vervaardiging van plantaardige en dierlijke oliën en vetten (geen margarine en andere spijsvetten);78989;433152;pub_0216;Voedings- en genotmiddelenindustrie;48688;Schoorsteen stoomketel F-571;78000;434125;P;40.0;0.0;0.0;;0.0;;;;1.2;712810.0;78000;434124;78989;433151
1507;ER Reeks 1990-2022 Definitief;2022;204;Koolstofdioxide;T108500;SBI 35 (per bedrijf): Productie en distributie van elektriciteit en gas;12149;Uniper Centrale Maasvlakte;35111;Productie van elektriciteit door thermische, kern- en warmtekrachtcentrales;61481;442057;pub_0503;Opwekking electriciteit;48672;Stack DFB-2;61388;442111;P;40.0;0.0;0.0;;0.0;103.0;7.0;21.2;2.477;86721070.82757495;61388;442110;61481;442056
1508;ER Reeks 1990-2022 Definitief;2022;204;Koolstofdioxide;T102202;SBI 24.1-24.3 (per bedrijf): Basismetaalindustrie, verwerking en vervaardiging ijzer en staal;200781;FNSteel BV;24340;Koudtrekken van draad;104909;430273;pub_0201;Basismetaal;48710;Droogovens;104729;430006;P;22.0;0.0;0.0;;0.0;;;;0.3;94295.0;104729;430005;104909;430272
1509;ER Reeks 1990-2022 Definitief;2022;204;Koolstofdioxide;T151100;SBI 46/47 (per bedrijf): Detail- en groothandel;205503;MRC Plating Products B.V.;46722;Groothandel in ferrometalen en -halffabrikaten;162946;485424;pub_1201;Energiegebruik en processen Handel, Diensten en Overheid (HDO);48077;anodegietmachine;162946;485424;P;9.0;0.0;0.0;;0.0;20.0;13.0;1.611;0.017;118656.0;162946;485423;162946;485423
1510;ER Reeks 1990-2022 Definitief;2022;204;Koolstofdioxide;T100201;SBI 10-12 (per bedrijf): Voedings- & genotmiddelenindustrie;42034;FrieslandCampina Veghel (DMV International);10510;Vervaardiging van zuivelproducten (geen consumptie-ijs);164550;402920;pub_0216;Voedings- en genotmiddelenindustrie;48697;ketel 01;164500;402950;P;16.0;0.0;0.0;;0.0;;;;1.186;23308499.0;164500;402949;164550;402919
1511;ER Reeks 1990-2022 Definitief;2022;204;Koolstofdioxide;T100201;SBI 10-12 (per bedrijf): Voedings- & genotmiddelenindustrie;42629;Cargill BV;10620;Vervaardiging van zetmeel en zetmeelproducten;76778;391435;pub_0216;Voedings- en genotmiddelenindustrie;48682;Stoomketel 3;76842;391469;P;9.0;0.0;0.0;;0.0;;;;0.7125;10044336.0;76842;391468;76778;391434
1512;ER Reeks 1990-2022 Definitief;2022;204;Koolstofdioxide;T107600;SBI 01 (per bedrijf): Landbouw, jacht en dienstverlening voor de landbouw en jacht;69067;Groot Zevert Vergisting;1610;Dienstverlening voor de akker- en/of tuinbouw;237983;454729;pub_0105;Landbouwbedrijven;48915;WKK 4;236125;456488;P;12.0;0.0;0.0;;0.0;150.0;2.0;0.4;0.071;1862889.0;236125;456487;237983;454728
1513;ER Reeks 1990-2022 Definitief;2022;204;Koolstofdioxide;T100201;SBI 10-12 (per bedrijf): Voedings- & genotmiddelenindustrie;62009;FrieslandCampina Butter (Lochem);10510;Vervaardiging van zuivelproducten (geen consumptie-ijs);226100;464540;pub_0216;Voedings- en genotmiddelenindustrie;48707;ketel 2;226059;464574;P;23.0;0.0;0.0;;0.0;;;;0.16;10428840.0;226059;464573;226100;464539
1514;ER Reeks 1990-2022 Definitief;2022;204;Koolstofdioxide;T108500;SBI 35 (per bedrijf): Productie en distributie van elektriciteit en gas;24003;Nuon Power Generation BV (Velsen);35111;Productie van elektriciteit door thermische, kern- en warmtekrachtcentrales;103696;498603;pub_0503;Opwekking electriciteit;48705;Velsen H1;103385;498457;P;20.0;0.0;0.0;;0.0;;;;0.297;430848.0;103385;498456;103696;498602
1515;ER Reeks 1990-2022 Definitief;2022;204;Koolstofdioxide;T100600;SBI 17 (per bedrijf): Vervaardiging van papier, karton en papier- en kartonwaren;64335;Stora Enso De Hoop B.V.;17212;Vervaardiging van golfpapier en -karton;200743;456801;pub_0211;Papier(waren);49874;Schoorsteen BU3;200743;456801;P;4.0;0.0;0.0;0.0;0.8;;;;0.7;1026901.0;200743;456800;200743;456800
1516;ER Reeks 1990-2022 Definitief;2022;204;Koolstofdioxide;T100600;SBI 17 (per bedrijf): Vervaardiging van papier, karton en papier- en kartonwaren;64335;Stora Enso De Hoop B.V.;17212;Vervaardiging van golfpapier en -karton;200743;456801;pub_0211;Papier(waren);49876;Schoorsteen BU5;200743;456801;P;4.0;0.0;0.0;0.0;0.8;;;;1.3;1026899.0;200743;456800;200743;456800
1517;ER Reeks 1990-2022 Definitief;2022;204;Koolstofdioxide;T100600;SBI 17 (per bedrijf): Vervaardiging van papier, karton en papier- en kartonwaren;64360;Parenco B.V.;17121;Vervaardiging van grafisch papier en karton;178450;442450;pub_0211;Papier(waren);49421;Fakkel AWZ;178816;442532;P;8.0;0.0;0.0;0.0;3.1;;;;5.8;562600.659;178816;442531;178450;442449
1518;ER Reeks 1990-2022 Definitief;2022;204;Koolstofdioxide;T100201;SBI 10-12 (per bedrijf): Voedings- & genotmiddelenindustrie;66239;Mead Johnson BV;10860;Vervaardiging van gehomogeniseerde voedingspreparaten en dieetvoeding;184009;428432;pub_0216;Voedings- en genotmiddelenindustrie;49634;Sproeidroger NIRO A;183959;428437;P;30.0;0.0;0.0;0.0;0.5;81.0;1.0;0.62;0.055;1650000.0;183959;428436;184009;428431
1519;ER Reeks 1990-2022 Definitief;2022;204;Koolstofdioxide;T102201;SBI 19.201 (per bedrijf): Aardolieraffinage;10058;BP Rotterdam Refinery;19201;Aardolieraffinage;67036;440390;pub_0401;Raffinage en verwerking;54220;Stack 04  GTA;67050;440350;P;155.0;;;;7.0;;;;7.3;107917745.3577434;67050;440349;67036;440389
1520;ER Reeks 1990-2022 Definitief;2022;204;Koolstofdioxide;T101100;SBI 20.1 (per bedrijf): Vervaardiging van chemische basisproducten;101407;Zeolyst CV;20130;Vervaardiging van overige anorganische basischemicaliën;261647;592403;pub_0301;Chemische Industrie basisproducten;55152;Calciner 6602;261647;592403;P;15.0;;;;0.25;;;;0.075;1044210.0;261647;592402;261647;592402
1521;ER Reeks 1990-2022 Definitief;2022;204;Koolstofdioxide;T100201;SBI 10-12 (per bedrijf): Voedings- & genotmiddelenindustrie;102001;FrieslandCampina Bedum;10510;Vervaardiging van zuivelproducten (geen consumptie-ijs);235710;592080;pub_0216;Voedings- en genotmiddelenindustrie;54266;Flare biogas;235710;592080;P;4.0;;;;0.5;;;;0.1;344681.14526;235710;592079;235710;592079
1522;ER Reeks 1990-2022 Definitief;2022;204;Koolstofdioxide;T108500;SBI 35 (per bedrijf): Productie en distributie van elektriciteit en gas;200522;Ennatuurlijk (Tilburg);35140;Handel in elektriciteit en in gas via leidingen;129552;400368;pub_0503;Opwekking electriciteit;49339;Emissiepunt Ketel 02;129512;400373;P;45.0;;;;1.77;;;;1.55;1112606.1344;129512;400372;129552;400367
1523;ER Reeks 1990-2022 Definitief;2022;204;Koolstofdioxide;T104201;SBI 38.2 (per bedrijf): Afvalinzameling/beh, AVI's;203346;Inter-Che-M BV;38220;Behandeling van schadelijk afval;178673;429681;pub_0901;AVI's;55122;Hal 1 / schoorsteen CV;178646;429718;P;7.0;;;;0.00785;14.0;4.0;0.0352;0.0;7470.0;178646;429717;178673;429680
1524;ER Reeks 1990-2022 Definitief;2022;204;Koolstofdioxide;T104201;SBI 38.2 (per bedrijf): Afvalinzameling/beh, AVI's;203346;Inter-Che-M BV;38220;Behandeling van schadelijk afval;178673;429681;pub_0901;AVI's;55138;Hal 4 / schoorsteen thermischeketel (407);178830;429701;P;10.0;;;;0.0314;150.0;8.0;0.243;0.043;19500.0;178830;429700;178673;429680
1525;ER Reeks 1990-2022 Definitief;2022;204;Koolstofdioxide;T103100;SBI 21.1 (per bedrijf): Vervaardiging van farmaceutische producten;205498;Merck Sharp & Dohme BV (De Geer);21100;Vervaardiging van farmaceutische grondstoffen;166567;421525;pub_0304;Chemische Industrie overig;48701;KK2;166616;421938;P;6.0;;;;0.5;100.0;0.0;0.017;0.002;9449.55;166616;421937;166567;421524
1526;ER Reeks 1990-2022 Definitief;2022;204;Koolstofdioxide;T101100;SBI 20.1 (per bedrijf): Vervaardiging van chemische basisproducten;51104;Dow Benelux BV (Hoek);20141;Vervaardiging van petrochemische producten;43193;373788;pub_0301;Chemische Industrie basisproducten;54392;STACK Boiler 6 P&U;43133;372887;P;60.0;;;;3.94;;;;1.001;86693139.0;43133;372886;43193;373787
1527;ER Reeks 1990-2022 Definitief;2022;204;Koolstofdioxide;T101100;SBI 20.1 (per bedrijf): Vervaardiging van chemische basisproducten;51104;Dow Benelux BV (Hoek);20141;Vervaardiging van petrochemische producten;43193;373788;pub_0301;Chemische Industrie basisproducten;54393;STACK GTG 101 P&U;42918;372687;P;35.0;;;;23.8;;;;30.435;448838741.3;42918;372686;43193;373787
1528;ER Reeks 1990-2022 Definitief;2022;204;Koolstofdioxide;T107200;SBI 41-43 (per bedrijf): Bouwnijverheid;61424;Veolia Industriediensten BV;43210;Elektrotechnische bouwinstallatie;193118;442151;pub_0802;Overig bouw;54612;K14;193106;442161;P;40.0;;;;1.13;164.0;10.0;11.1;2.166;49837449.0;193106;442160;193118;442150
1529;ER Reeks 1990-2022 Definitief;2022;204;Koolstofdioxide;T100201;SBI 10-12 (per bedrijf): Voedings- & genotmiddelenindustrie;82002;FrieslandCampina Domo (Beilen);10510;Vervaardiging van zuivelproducten (geen consumptie-ijs);231300;541530;pub_0216;Voedings- en genotmiddelenindustrie;54175;Noodaggregaat bluswater voorziening;231300;541523;P;2.0;;;;1.0;200.0;0.0;0.0004;9.62e-05;4450.0;231300;541522;231300;541529
1530;ER Reeks 1990-2022 Definitief;2022;204;Koolstofdioxide;T100201;SBI 10-12 (per bedrijf): Voedings- & genotmiddelenindustrie;204287;Global Food Group BV eierverwerking;10890;Vervaardiging van overige voedingsmiddelen n.e.g.;182020;367682;pub_0216;Voedings- en genotmiddelenindustrie;56112;viessmannkachel;181981;367679;P;10.0;;;;7.0;12.0;0.0;0.005;0.0;308228.09526;181981;367678;182020;367681
1531;ER Reeks 1990-2022 Definitief;2022;204;Koolstofdioxide;T103100;SBI 21.1 (per bedrijf): Vervaardiging van farmaceutische producten;21302;Abbott Healthcare Products BV;21200;Vervaardiging van farmaceutische producten (geen grondstoffen);130940;479560;pub_0304;Chemische Industrie overig;55652;Afvoer CV-installaties;130759;479607;P;20.0;;;;1.0;;;;0.071;647604.0;130759;479606;130940;479559
1532;ER Reeks 1990-2022 Definitief;2022;204;Koolstofdioxide;T100201;SBI 10-12 (per bedrijf): Voedings- & genotmiddelenindustrie;62031;Arla Foods BV;10510;Vervaardiging van zuivelproducten (geen consumptie-ijs);161240;472064;pub_0216;Voedings- en genotmiddelenindustrie;55811;Stoomketel 3;161168;471952;P;10.0;;;;0.0;;;;6.2;870113.0;161168;471951;161240;472063
1533;ER Reeks 1990-2022 Definitief;2022;204;Koolstofdioxide;T101100;SBI 20.1 (per bedrijf): Vervaardiging van chemische basisproducten;10006;Shell Nederland Chemie BV (Pernis);20141;Vervaardiging van petrochemische producten;84625;433319;pub_0301;Chemische Industrie basisproducten;55813;CVP F-4101 HCS Laadstation DVI;82800;433656;P;5.0;;;;3.0;;;;5.0;5149166.0;82800;433655;84625;433318
1534;ER Reeks 1990-2022 Definitief;2022;204;Koolstofdioxide;T107001;SBI 84.1 (per bedrijf): Openbaar bestuur;203707;Afvalstoffendienst gemeente 's-Hertogenbosch;84110;Algemeen overheidsbestuur;147413;415914;pub_0904;Overige afvalbedrijven;48825;schoorsteen biokachel;140035;382566;P;15.0;;;;0.8;150.0;1.0;0.5;0.089;3043471.44;140035;382565;147413;415913
1535;ER Reeks 1990-2022 Definitief;2022;204;Koolstofdioxide;T103900;SBI 49-53 (per bedrijf): Transport, communicatie;205591;Exploitatiemaatschappij J. ter Horst BV;49410;Goederenvervoer over de weg (geen verhuizingen);237057;473936;pub_1201;Energiegebruik en processen Handel, Diensten en Overheid (HDO);48693;Stookinstallatie;237059;473934;P;7.0;;;;0.015;100.0;2.0;0.036;0.004;4402.60995;237059;473933;237057;473935
1536;ER Reeks 1990-2022 Definitief;2022;204;Koolstofdioxide;T101100;SBI 20.1 (per bedrijf): Vervaardiging van chemische basisproducten;10079;Chemours Netherlands BV;20160;Vervaardiging van kunststof in primaire vorm;109500;425710;pub_0301;Chemische Industrie basisproducten;49397;Boiler West;109596;425601;P;25.0;0.0;0.0;0.0;1.54;;;;1.375;8824364.33893685;109596;425600;109500;425709
1537;ER Reeks 1990-2022 Definitief;2022;204;Koolstofdioxide;T106100;SBI 22.2 (per bedrijf): Vervaardiging van producten van kunststof;104611;Schur Flexible Benelux BV;22220;Vervaardiging van verpakkingsmiddelen van kunststof;222100;575550;pub_0213;Rubber- en kunstofverw. Industrie;49712;Verwarmingstoestel Van 't Hoffstraat;221129;577505;P;6.0;0.0;0.0;0.0;0.004455;;;;0.029;49519.2771699;221129;577504;222100;575549
1538;ER Reeks 1990-2022 Definitief;2022;204;Koolstofdioxide;T100201;SBI 10-12 (per bedrijf): Voedings- & genotmiddelenindustrie;12134;Archer Daniels Midland Europoort BV (ADM);10410;Vervaardiging van plantaardige en dierlijke oliën en vetten (geen margarine en andere spijsvetten);68067;441593;pub_0216;Voedings- en genotmiddelenindustrie;49192;Ketel Raffinaderij 1 (27.1);68067;441593;P;28.0;0.0;0.0;0.0;0.5;296.0;0.0;0.02;0.007;1700000.0;68067;441592;68067;441592
1539;ER Reeks 1990-2022 Definitief;2022;204;Koolstofdioxide;T104201;SBI 38.2 (per bedrijf): Afvalinzameling/beh, AVI's;203220;EEW Energy from Waste Delfzijl B.V.;38210;Behandeling van onschadelijk afval;261673;592659;pub_0901;AVI's;49355;Emissiepunt: Lijn 3;261627;592631;P;70.0;0.0;0.0;0.0;3.5;146.6;8.0;29.48;5.095;232571634.0;261627;592630;261673;592658
1540;ER Reeks 1990-2022 Definitief;2022;204;Koolstofdioxide;T103100;SBI 21.1 (per bedrijf): Vervaardiging van farmaceutische producten;204062;Intervet Schering-Plough Animal Health (De Bilt);21200;Vervaardiging van farmaceutische producten (geen grondstoffen);141194;457889;pub_0304;Chemische Industrie overig;49416;BB001 32033;141194;457889;P;6.0;0.0;0.0;0.0;0.05;;;;0.261;31800.0;141194;457888;141194;457888
1541;ER Reeks 1990-2022 Definitief;2022;204;Koolstofdioxide;T106100;SBI 22.2 (per bedrijf): Vervaardiging van producten van kunststof;205221;Van Merksteijn Plastics B.V.;22210;Vervaardiging van platen, folie, buizen en profielen van kunststof;252205;469558;pub_0213;Rubber- en kunstofverw. Industrie;49773;TNV Naverbrander;251994;469858;P;29.0;0.0;0.0;0.0;1.226;;;;1.0;376621.845883578;251994;469857;252205;469557
1542;ER Reeks 1990-2022 Definitief;2022;204;Koolstofdioxide;T103000;SBI 20.3 (per bedrijf): Vervaardiging van verf, lak, vernis, inkt en mastiek;205256;DCC Maastricht B.V.;20300;Vervaardiging van verf, vernis e.d., drukinkt en mastiek;175625;319556;pub_0304;Chemische Industrie overig;49292;Ketelhuis G21;175775;319796;P;10.0;0.0;0.0;0.0;0.25;;;;0.001;2927477.0;175775;319795;175625;319555
1543;ER Reeks 1990-2022 Definitief;2022;204;Koolstofdioxide;T101702;SBI 20.5 (per bedrijf): Overige chemische producten;205493;Euro Support Advanced Materials B.V.;20590;Vervaardiging van overige chemische producten n.e.g.;172961;407060;pub_0304;Chemische Industrie overig;49429;Scrubber sproeidroger SD011 (box 7);173328;407052;P;9.0;0.0;0.0;0.0;0.5;;;;0.013;259658.0;173328;407051;172961;407059
1544;ER Reeks 1990-2022 Definitief;2022;204;Koolstofdioxide;T101100;SBI 20.1 (per bedrijf): Vervaardiging van chemische basisproducten;205998;Koster Keunen (Holland) B.V.;20149;Vervaardiging van organische basischemicaliën (geen petrochemische producten);142348;374440;pub_0301;Chemische Industrie basisproducten;49812;stoomketel;142295;374438;P;4.0;0.0;0.0;0.0;0.2;;;;0.03;260000.0;142295;374437;142348;374439
1545;ER Reeks 1990-2022 Definitief;2022;204;Koolstofdioxide;T100600;SBI 17 (per bedrijf): Vervaardiging van papier, karton en papier- en kartonwaren;24302;Crown van Gelder N.V.;17121;Vervaardiging van grafisch papier en karton;103980;497960;pub_0211;Papier(waren);49892;IRdroger PM1 vanaf 2018;103980;497960;P;20.0;0.0;0.0;0.0;0.0;;;;0.2;1201110.0;103980;497959;103980;497959
1546;ER Reeks 1990-2022 Definitief;2022;204;Koolstofdioxide;T100600;SBI 17 (per bedrijf): Vervaardiging van papier, karton en papier- en kartonwaren;24302;Crown van Gelder N.V.;17121;Vervaardiging van grafisch papier en karton;103980;497960;pub_0211;Papier(waren);49893;IRdroger PM2 vanaf 2018;103980;497960;P;20.0;0.0;0.0;0.0;0.0;;;;0.3;1601480.0;103980;497959;103980;497959
1547;ER Reeks 1990-2022 Definitief;2022;204;Koolstofdioxide;T101100;SBI 20.1 (per bedrijf): Vervaardiging van chemische basisproducten;41102;Allnex Netherlands B.V.;20160;Vervaardiging van kunststof in primaire vorm;77249;391375;pub_0301;Chemische Industrie basisproducten;49521;Stoomketel 2;77370;391289;P;12.0;0.0;0.0;0.0;0.5;;;;0.179;2754637.0;77370;391288;77249;391374
1548;ER Reeks 1990-2022 Definitief;2022;204;Koolstofdioxide;T101100;SBI 20.1 (per bedrijf): Vervaardiging van chemische basisproducten;51104;Dow Benelux BV (Hoek);20141;Vervaardiging van petrochemische producten;43193;373788;pub_0301;Chemische Industrie basisproducten;38513;STACK BA-98+BA-99 (KTI) LE1;43075;373981;P;60.0;;;;2.56;;;;0.228;90273177.0;43075;373980;43193;373787
1549;ER Reeks 1990-2022 Definitief;2022;204;Koolstofdioxide;T101100;SBI 20.1 (per bedrijf): Vervaardiging van chemische basisproducten;51104;Dow Benelux BV (Hoek);20141;Vervaardiging van petrochemische producten;43193;373788;pub_0301;Chemische Industrie basisproducten;38519;STACK FH-6-815 LE22;43690;373408;P;30.0;;;;0.1;;;;0.001;1873000.0;43690;373407;43193;373787
1550;ER Reeks 1990-2022 Definitief;2022;204;Koolstofdioxide;T104300;SBI 23.32 (per bedrijf): Vervaardiging van bakstenen en dakpannen;64701;Steenfabriek De Rijswaard BV;23320;Vervaardiging van keramische producten voor de bouw (geen tegels en plavuizen);138150;420050;pub_0203;Bouwmaterialenindustrie;16447;Oven;138150;420050;P;42.0;;;;1.29;120.0;10.0;12.77;1.771;11498200.0;138150;420049;138150;420049
1551;ER Reeks 1990-2022 Definitief;2022;204;Koolstofdioxide;T102102;SBI 23 (per bedrijf): Bouwmaterialen- en glasindustrie;64715;Wienerberger Steenfabriek Erlecom;23320;Vervaardiging van keramische producten voor de bouw (geen tegels en plavuizen);194676;429274;pub_0203;Bouwmaterialenindustrie;44382;Standaard steenbakkerij;194676;429274;P;29.0;;;;0.5;;;;1.0;8474539.428;194676;429273;194676;429273
1552;ER Reeks 1990-2022 Definitief;2022;204;Koolstofdioxide;T102102;SBI 23 (per bedrijf): Bouwmaterialen- en glasindustrie;64718;Rodruza Steenfabriek de Zandberg;23320;Vervaardiging van keramische producten voor de bouw (geen tegels en plavuizen);195162;430027;pub_0203;Bouwmaterialenindustrie;36579;ovens;195162;430027;P;50.0;;;;1.5;150.0;4.0;6.48;1.148;13408821.9;195162;430026;195162;430026
1553;ER Reeks 1990-2022 Definitief;2022;204;Koolstofdioxide;T102102;SBI 23 (per bedrijf): Bouwmaterialen- en glasindustrie;64719;Wienerberger Steenfabriek Haaften;23320;Vervaardiging van keramische producten voor de bouw (geen tegels en plavuizen);141400;425550;pub_0203;Bouwmaterialenindustrie;44383;Standaard steenbakkerij;141400;425550;P;31.0;;;;0.5;;;;1.0;11134304.97;141400;425549;141400;425549
1554;ER Reeks 1990-2022 Definitief;2022;204;Koolstofdioxide;T100201;SBI 10-12 (per bedrijf): Voedings- & genotmiddelenindustrie;12172;Promelca B.V. (Gorinchem);10510;Vervaardiging van zuivelproducten (geen consumptie-ijs);125150;426700;pub_0216;Voedings- en genotmiddelenindustrie;35410;Luchtverhitters E3;125122;426831;P;46.0;;;;0.4;;;;0.09;3841000.0;125122;426830;125150;426699
1555;ER Reeks 1990-2022 Definitief;2022;204;Koolstofdioxide;T103601;SBI 23.1 (per bedrijf): Vervaardiging van glas en glaswerk;151;O-I Manufacturing Netherlands BV (Maastricht);23130;Vervaardiging van holglas;177322;318844;pub_0203;Bouwmaterialenindustrie;34831;Schoorsteen glasoven M2;177350;318800;P;45.0;;;;2.0;167.0;2.0;4.79;0.953;6976502.5801;177350;318799;177322;318843
1556;ER Reeks 1990-2022 Definitief;2022;204;Koolstofdioxide;T103601;SBI 23.1 (per bedrijf): Vervaardiging van glas en glaswerk;151;O-I Manufacturing Netherlands BV (Maastricht);23130;Vervaardiging van holglas;177322;318844;pub_0203;Bouwmaterialenindustrie;34832;Schoorsteen glasoven M3;177350;318800;P;45.0;;;;2.0;166.0;2.0;3.75;0.742;4105356.709325;177350;318799;177322;318843
1557;ER Reeks 1990-2022 Definitief;2022;204;Koolstofdioxide;T101100;SBI 20.1 (per bedrijf): Vervaardiging van chemische basisproducten;19070;Indorama Ventures Europe BV;20160;Vervaardiging van kunststof in primaire vorm;66394;442175;pub_0301;Chemische Industrie basisproducten;37613;fluid bed incinerator;66393;442182;P;30.0;;;;0.64;58.0;6.0;3.54;0.209;7435389.275;66393;442181;66394;442174
1558;ER Reeks 1990-2022 Definitief;2022;204;Koolstofdioxide;T101100;SBI 20.1 (per bedrijf): Vervaardiging van chemische basisproducten;19070;Indorama Ventures Europe BV;20160;Vervaardiging van kunststof in primaire vorm;66394;442175;pub_0301;Chemische Industrie basisproducten;37614;Heat Transfer Medium Fornuis;66529;442069;P;30.0;;;;1.33;209.0;6.0;7.8;1.973;15538543.0;66529;442068;66394;442174
1559;ER Reeks 1990-2022 Definitief;2022;204;Koolstofdioxide;T102102;SBI 23 (per bedrijf): Bouwmaterialen- en glasindustrie;64740;Wienerberger Steenfabriek de Wolfswaard;23320;Vervaardiging van keramische producten voor de bouw (geen tegels en plavuizen);173530;440320;pub_0203;Bouwmaterialenindustrie;44386;Standaard steenbakkerij;173530;440320;P;25.0;;;;0.0;;;;1.0;9373138.701;173530;440319;173530;440319
1560;ER Reeks 1990-2022 Definitief;2022;204;Koolstofdioxide;T100201;SBI 10-12 (per bedrijf): Voedings- & genotmiddelenindustrie;42034;FrieslandCampina Veghel (DMV International);10510;Vervaardiging van zuivelproducten (geen consumptie-ijs);164550;402920;pub_0216;Voedings- en genotmiddelenindustrie;36135;SCHOORSTEEN MELKEIWIT KETEL;164550;402900;P;10.0;;;;0.0;;;;0.07;1923978.0;164550;402899;164550;402919
1561;ER Reeks 1990-2022 Definitief;2022;204;Koolstofdioxide;T104704;SBI 24.45 (per bedrijf) Vervaardiging van overige non-ferrometalen, koper;63012;Aurubis Netherlands B.V.;24440;Vervaardiging van koper;211100;463650;pub_0201;Basismetaal;49436;Droogtunnel bandoven 2;211013;463667;P;16.0;0.0;0.0;0.0;0.185;30.8;0.0;0.06;0.001;334262.0;211013;463666;211100;463649
1562;ER Reeks 1990-2022 Definitief;2022;204;Koolstofdioxide;T104704;SBI 24.45 (per bedrijf) Vervaardiging van overige non-ferrometalen, koper;63012;Aurubis Netherlands B.V.;24440;Vervaardiging van koper;211100;463650;pub_0201;Basismetaal;49442;Pre-heater bandoven 1;211073;463641;P;40.0;0.0;0.0;0.0;0.2;62.55;1.0;0.19;0.012;222034.0;211073;463640;211100;463649
1563;ER Reeks 1990-2022 Definitief;2022;204;Koolstofdioxide;T104704;SBI 24.45 (per bedrijf) Vervaardiging van overige non-ferrometalen, koper;63012;Aurubis Netherlands B.V.;24440;Vervaardiging van koper;211100;463650;pub_0201;Basismetaal;49443;Pre-heater bandoven 2;211007;463645;P;40.0;0.0;0.0;0.0;0.6;53.4;4.0;2.36;0.125;334262.0;211007;463644;211100;463649
1564;ER Reeks 1990-2022 Definitief;2022;204;Koolstofdioxide;T151100;SBI 46/47 (per bedrijf): Detail- en groothandel;125;Steenfabriek Nievelsteen BV;46739;Groothandel in bouwmaterialen algemeen assortiment;203250;322800;pub_1201;Energiegebruik en processen Handel, Diensten en Overheid (HDO);59698;Oven;203226;322846;P;5.0;;;;0.48;140.0;1.0;0.484;0.08;2672202.0;203226;322845;203250;322799
1565;ER Reeks 1990-2022 Definitief;2022;204;Koolstofdioxide;T100201;SBI 10-12 (per bedrijf): Voedings- & genotmiddelenindustrie;10546;Bel Leerdammer BV (Schoonrewoerd);10510;Vervaardiging van zuivelproducten (geen consumptie-ijs);136450;437100;pub_0216;Voedings- en genotmiddelenindustrie;56464;NSA;136424;437112;P;10.0;;;;0.071;430.0;5.0;0.3261;0.175;1960.0;136424;437111;136450;437099
1566;ER Reeks 1990-2022 Definitief;2022;204;Koolstofdioxide;T106100;SBI 22.2 (per bedrijf): Vervaardiging van producten van kunststof;10998;Draka Interfoam BV;22210;Vervaardiging van platen, folie, buizen en profielen van kunststof;99700;478740;pub_0213;Rubber- en kunstofverw. Industrie;57881;Schuimproductie-MP2;99691;478787;P;11.0;;;;0.21;;;;0.021;110991.33;99691;478786;99700;478739
1567;ER Reeks 1990-2022 Definitief;2022;204;Koolstofdioxide;T106100;SBI 22.2 (per bedrijf): Vervaardiging van producten van kunststof;10998;Draka Interfoam BV;22210;Vervaardiging van platen, folie, buizen en profielen van kunststof;99700;478740;pub_0213;Rubber- en kunstofverw. Industrie;57882;Schuimproductie-MP3;99696;478785;P;11.0;;;;0.21;;;;0.019;102769.75;99696;478784;99700;478739
1568;ER Reeks 1990-2022 Definitief;2022;204;Koolstofdioxide;T101702;SBI 20.5 (per bedrijf): Overige chemische producten;21101;Albemarle Catalysts Company B.V.;20590;Vervaardiging van overige chemische producten n.e.g.;124570;488620;pub_0304;Chemische Industrie overig;56928;Stoomketel 3, nieuw ketelhuis;124206;488708;P;20.0;;;;0.5027;68.0;2.0;0.972;0.07;3900000.0;124206;488707;124570;488619
1569;ER Reeks 1990-2022 Definitief;2022;204;Koolstofdioxide;T103600;SBI 20.59 (per bedrijf): Vervaardiging van overige chemische producten n.e.g.;21403;Cabot Norit Nederland B.V.;20590;Vervaardiging van overige chemische producten n.e.g.;116710;492900;pub_0304;Chemische Industrie overig;57943;Thermoreactor;116644;492920;P;20.0;;;;0.64;;;;0.319;2842168.3;116644;492919;116710;492899
1570;ER Reeks 1990-2022 Definitief;2022;204;Koolstofdioxide;T100201;SBI 10-12 (per bedrijf): Voedings- & genotmiddelenindustrie;115185;DOC Kaas (Zuivelpark);10510;Vervaardiging van zuivelproducten (geen consumptie-ijs);231671;525745;pub_0216;Voedings- en genotmiddelenindustrie;35455;Stoomketel 2;231475;525788;P;22.0;;;;2.54;103.0;1.0;2.401;0.281;1294469.0;231475;525787;231671;525744
1571;ER Reeks 1990-2022 Definitief;2022;204;Koolstofdioxide;T100201;SBI 10-12 (per bedrijf): Voedings- & genotmiddelenindustrie;115185;DOC Kaas (Zuivelpark);10510;Vervaardiging van zuivelproducten (geen consumptie-ijs);231671;525745;pub_0216;Voedings- en genotmiddelenindustrie;35456;WKC;231464;525788;P;22.0;;;;2.01;131.0;6.0;12.439;1.901;42238984.0;231464;525787;231671;525744
1572;ER Reeks 1990-2022 Definitief;2022;204;Koolstofdioxide;T102102;SBI 23 (per bedrijf): Bouwmaterialen- en glasindustrie;49013;Ardagh Glass Moerdijk;23130;Vervaardiging van holglas;100317;410161;pub_0203;Bouwmaterialenindustrie;41722;Overige diffuse emissies;100290;410030;O;15.0;13.0;13.0;;160.0;;;;1.0;6697724.000000005;100290;410029;100317;410160
1573;ER Reeks 1990-2022 Definitief;2022;204;Koolstofdioxide;T101100;SBI 20.1 (per bedrijf): Vervaardiging van chemische basisproducten;51101;Eastman Chemical Middelburg BV;20160;Vervaardiging van kunststof in primaire vorm;33940;390952;pub_0301;Chemische Industrie basisproducten;38042;Hotoil units 1 (B-575);34190;391065;P;10.0;;;;0.2;50.0;50.0;10.0;0.488;2900000.0;34190;391064;33940;390951
1574;ER Reeks 1990-2022 Definitief;2022;204;Koolstofdioxide;T104702;SBI 24.45 (per bedrijf) Vervaardiging van overige non-ferrometalen, aluminium;43856;Sapa Profiles NL BV (Drunen);24420;Vervaardiging van aluminium;138700;411500;pub_0201;Basismetaal;38318;Homogeniseeroven V (IN10);138700;411500;P;12.0;;;;0.13;30.0;10769.0;1400.0;0.00758333333333333;1090000.0;138700;411499;138700;411499
1575;ER Reeks 1990-2022 Definitief;2022;204;Koolstofdioxide;T108500;SBI 35 (per bedrijf): Productie en distributie van elektriciteit en gas;44004;RWE Generation NL B.V.;35111;Productie van elektriciteit door thermische, kern- en warmtekrachtcentrales;117446;413372;pub_0503;Opwekking electriciteit;42444;Schoorsteen eenheid 9;117400;413730;P;175.0;;;;42.0;55.0;14.0;573.0;31.636;3440000000.000002;117400;413729;117446;413371
1576;ER Reeks 1990-2022 Definitief;2022;204;Koolstofdioxide;T100201;SBI 10-12 (per bedrijf): Voedings- & genotmiddelenindustrie;82603;Avebe u.a. (Gasselternijveen);10620;Vervaardiging van zetmeel en zetmeelproducten;254450;556800;pub_0216;Voedings- en genotmiddelenindustrie;42680;Stoomketel 2;254448;556857;P;20.0;;;;0.0;83.0;;1.23;0.112;4430000.0;254448;556856;254450;556799
1577;ER Reeks 1990-2022 Definitief;2022;204;Koolstofdioxide;T108500;SBI 35 (per bedrijf): Productie en distributie van elektriciteit en gas;24002;Nuon Power Generation BV (Diemen);35111;Productie van elektriciteit door thermische, kern- en warmtekrachtcentrales;130055;483500;pub_0503;Opwekking electriciteit;43340;Diemen 33;130049;483505;P;65.0;;;;23.6;62.0;13.0;309.0;19.838;110013979.0;130049;483504;130055;483499
1578;ER Reeks 1990-2022 Definitief;2022;204;Koolstofdioxide;T100201;SBI 10-12 (per bedrijf): Voedings- & genotmiddelenindustrie;114785;Romi Smilfood BV (Heerenveen);10420;Vervaardiging van margarine en overige spijsvetten;193000;549500;pub_0216;Voedings- en genotmiddelenindustrie;37096;Viessman CV ketel 1400 kW;193000;549500;P;8.0;;;;0.13;;;;0.044;977500.0;193000;549499;193000;549499
1579;ER Reeks 1990-2022 Definitief;2022;204;Koolstofdioxide;T100201;SBI 10-12 (per bedrijf): Voedings- & genotmiddelenindustrie;114785;Romi Smilfood BV (Heerenveen);10420;Vervaardiging van margarine en overige spijsvetten;193000;549500;pub_0216;Voedings- en genotmiddelenindustrie;37097;Viessman CV ketel 720 kW;193000;549500;P;10.0;;;;0.05;;;;0.005;103500.0;193000;549499;193000;549499
1580;ER Reeks 1990-2022 Definitief;2022;204;Koolstofdioxide;T108500;SBI 35 (per bedrijf): Productie en distributie van elektriciteit en gas;10953;E.On Generations Den Haag;35111;Productie van elektriciteit door thermische, kern- en warmtekrachtcentrales;79821;454750;pub_0503;Opwekking electriciteit;40788;HK106;79805;454805;P;26.0;;;;1.1;;;;1.0;5981000.0;79805;454804;79821;454749
1581;ER Reeks 1990-2022 Definitief;2022;204;Koolstofdioxide;T108400;SBI 30.1 (per bedrijf): Scheepsbouw;10983;IHC Smit BV;30110;Bouw van schepen en drijvend materieel (geen sport- en recreatievaartuigen);102750;433250;pub_0210;Metaalelektro;41764;Divers, overig, diffuus;102750;433250;P;5.0;;;;;;;;0.0;14666.24;102750;433249;102750;433249
1582;ER Reeks 1990-2022 Definitief;2022;204;Koolstofdioxide;T101100;SBI 20.1 (per bedrijf): Vervaardiging van chemische basisproducten;1107;Nouryon Functional Chemicals BV;20141;Vervaardiging van petrochemische producten;202300;352150;pub_0301;Chemische Industrie basisproducten;35332;Divers, overig, diffuus;202300;352150;P;5.0;;;;0.0;;;;0.0;15811.0;202300;352149;202300;352149
1583;ER Reeks 1990-2022 Definitief;2022;204;Koolstofdioxide;T101100;SBI 20.1 (per bedrijf): Vervaardiging van chemische basisproducten;1107;Nouryon Functional Chemicals BV;20141;Vervaardiging van petrochemische producten;202300;352150;pub_0301;Chemische Industrie basisproducten;35335;stoomketel-installatie;202300;352150;P;20.0;;;;0.1;;;;0.248;8417525.0;202300;352149;202300;352149
1584;ER Reeks 1990-2022 Definitief;2022;204;Koolstofdioxide;T100201;SBI 10-12 (per bedrijf): Voedings- & genotmiddelenindustrie;62010;Nestle Nederland BV (Nunspeet);10860;Vervaardiging van gehomogeniseerde voedingspreparaten en dieetvoeding;182480;488580;pub_0216;Voedings- en genotmiddelenindustrie;47065;specialiteiten;182550;488597;P;27.0;;;;0.64;;;;0.04;997599.0;182550;488596;182480;488579
1585;ER Reeks 1990-2022 Definitief;2022;204;Koolstofdioxide;T100201;SBI 10-12 (per bedrijf): Voedings- & genotmiddelenindustrie;62013;FrieslandCampina Cheese Steenderen;10510;Vervaardiging van zuivelproducten (geen consumptie-ijs);210530;452620;pub_0216;Voedings- en genotmiddelenindustrie;35200;Stoomketel;210530;452620;P;8.0;;;;0.44;;;;0.15;3706581.0;210530;452619;210530;452619
1586;ER Reeks 1990-2022 Definitief;2022;204;Koolstofdioxide;T100201;SBI 10-12 (per bedrijf): Voedings- & genotmiddelenindustrie;62852;Pluimveeslachterij Van den Bor BV;10120;Pluimveeslachterijen;160350;468480;pub_0216;Voedings- en genotmiddelenindustrie;43958;Divers, overig, diffuus;160350;468480;P;5.0;;;;;;;;0.0;387829.0;160350;468479;160350;468479
1587;ER Reeks 1990-2022 Definitief;2022;204;Koolstofdioxide;T102300;SBI 24.4/24.5 (per bedrijf): Basismetaalindustrie, vervaardiging van non-ferro metalen en gieten van metalen;3513;MGG Netherlands BV;24530;Gieten van lichte metalen;207290;372300;pub_0201;Basismetaal;34999;Divers, overig, diffuus;207290;372300;P;5.0;;;;0.0;;;;0.0;3902454.0;207290;372299;207290;372299
1588;ER Reeks 1990-2022 Definitief;2022;204;Koolstofdioxide;T100201;SBI 10-12 (per bedrijf): Voedings- & genotmiddelenindustrie;62925;Aviko BV;10310;Vervaardiging van aardappelproducten;210103;453484;pub_0216;Voedings- en genotmiddelenindustrie;44589;wkc k1;210136;453684;P;15.0;;;;1.7;110.0;11.0;19.0;2.391;30000000.0;210136;453683;210103;453483
1589;ER Reeks 1990-2022 Definitief;2022;204;Koolstofdioxide;T103900;SBI 49-53 (per bedrijf): Transport, communicatie;11090;Odfjell Terminals (Rotterdam) BV;52101;Opslag in tanks;81505;432967;pub_1201;Energiegebruik en processen Handel, Diensten en Overheid (HDO);35607;CCR nieuw;81505;432967;P;12.0;;;;0.0;80.0;;0.01;0.001;11720.0;81505;432966;81505;432966
1590;ER Reeks 1990-2022 Definitief;2022;204;Koolstofdioxide;T103900;SBI 49-53 (per bedrijf): Transport, communicatie;11090;Odfjell Terminals (Rotterdam) BV;52101;Opslag in tanks;81505;432967;pub_1201;Energiegebruik en processen Handel, Diensten en Overheid (HDO);35609;HT-ketel 1;81505;432967;P;20.0;;;;0.0;;;;0.132;7663899.0;81505;432966;81505;432966
1591;ER Reeks 1990-2022 Definitief;2022;204;Koolstofdioxide;T105700;SBI 11.07 (per bedrijf): Vervaardiging van dranken;11105;Heineken Nederland BV (Zoeterwoude);11050;Vervaardiging van bier;97050;461400;pub_0216;Voedings- en genotmiddelenindustrie;35422;Brouwproces;97050;461400;P;25.0;;;;0.0;;;;0.0;29000000.0;97050;461399;97050;461399
1592;ER Reeks 1990-2022 Definitief;2022;204;Koolstofdioxide;T101100;SBI 20.1 (per bedrijf): Vervaardiging van chemische basisproducten;41101;SABIC Innovative Plastics BV;20160;Vervaardiging van kunststof in primaire vorm;76463;391896;pub_0301;Chemische Industrie basisproducten;44615;Fictieve schoorsteen Proces-installaties;76480;391959;P;15.0;;;;50.0;20.0;3.0;150.0;1.541;816802.168575;76480;391958;76463;391895
1593;ER Reeks 1990-2022 Definitief;2022;204;Koolstofdioxide;T100201;SBI 10-12 (per bedrijf): Voedings- & genotmiddelenindustrie;202229;IOI - Loders Croklaan Oils B.V.;10410;Vervaardiging van plantaardige en dierlijke oliën en vetten (geen margarine en andere spijsvetten);61400;443100;pub_0216;Voedings- en genotmiddelenindustrie;40798;L11 Stoomketel 2 (Loos);62558;442601;P;10.0;;;;28.0;58.0;0.0;1.149;0.068;2026027.76137355;62558;442600;61400;443099
1594;ER Reeks 1990-2022 Definitief;2022;204;Koolstofdioxide;T100201;SBI 10-12 (per bedrijf): Voedings- & genotmiddelenindustrie;202229;IOI - Loders Croklaan Oils B.V.;10410;Vervaardiging van plantaardige en dierlijke oliën en vetten (geen margarine en andere spijsvetten);61400;443100;pub_0216;Voedings- en genotmiddelenindustrie;40800;X 31600 GEKA Ketel;62586;442587;P;47.0;;;;0.28;179.0;3.0;0.849;0.182;2025310.79036497;62586;442586;61400;443099
1595;ER Reeks 1990-2022 Definitief;2022;204;Koolstofdioxide;T108500;SBI 35 (per bedrijf): Productie en distributie van elektriciteit en gas;202419;Eneco (Nieuwegein);35120;Beheer en exploitatie van transportnetten voor elektriciteit, aardgas en warm water;134208;448648;pub_0503;Opwekking electriciteit;44456;Gehele bedrijf;134208;448648;P;35.0;;;;2.3;100.0;0.0;0.03;0.003;1377421.0;134208;448647;134208;448647
1596;ER Reeks 1990-2022 Definitief;2022;204;Koolstofdioxide;T106100;SBI 22.2 (per bedrijf): Vervaardiging van producten van kunststof;41113;Synbra Technology BV;22230;Vervaardiging van kunststofproducten voor de bouw;103026;404397;pub_0213;Rubber- en kunstofverw. Industrie;44644;biofoam productie;103025;404396;P;0.0;;;;0.0;25.0;;1.0;0.017;137000.0;103025;404395;103026;404396
1597;ER Reeks 1990-2022 Definitief;2022;204;Koolstofdioxide;T102501;SBI 20.141 (per bedrijf): Vervaardiging van petrochemische producten;51104;Dow Benelux BV (Hoek);20141;Vervaardiging van petrochemische producten;43193;373788;pub_0301;Chemische Industrie basisproducten;38454;LDPE silo's;43193;373788;P;28.0;;;;0.05;;;;0.001;1440781.65;43193;373787;43193;373787
1598;ER Reeks 1990-2022 Definitief;2022;204;Koolstofdioxide;T102501;SBI 20.141 (per bedrijf): Vervaardiging van petrochemische producten;51104;Dow Benelux BV (Hoek);20141;Vervaardiging van petrochemische producten;43193;373788;pub_0301;Chemische Industrie basisproducten;38455;LDPE Spindrogers;43193;373788;P;16.0;;;;0.3;;;;0.001;411651.9;43193;373787;43193;373787
1599;ER Reeks 1990-2022 Definitief;2022;204;Koolstofdioxide;T104201;SBI 38.2 (per bedrijf): Afvalinzameling/beh, AVI's;64004;AVR Afvalverwerking BV (Duiven);38210;Behandeling van onschadelijk afval;197134;442636;pub_0901;AVI's;38077;Thermische Conversie Installatie;197200;442790;P;90.0;;;;21.24;204.56;2.0;16.0;3.956;88319607.0;197200;442789;197134;442635
1600;ER Reeks 1990-2022 Definitief;2022;204;Koolstofdioxide;T104201;SBI 38.2 (per bedrijf): Afvalinzameling/beh, AVI's;64005;ARN B.V.;38210;Behandeling van onschadelijk afval;183067;428715;pub_0901;AVI's;37156;Stortgasmotoren en fakkel;183050;428630;P;10.0;;;;0.0;;;;0.049;1865711.0;183050;428629;183067;428714
1601;ER Reeks 1990-2022 Definitief;2022;204;Koolstofdioxide;T100600;SBI 17 (per bedrijf): Vervaardiging van papier, karton en papier- en kartonwaren;64304;Papierfabriek Doetinchem BV;17122;Vervaardiging van papier en karton voor verpakking;217250;441700;pub_0211;Papier(waren);12071;Dieselaggregaten (noodvoorzieningen);217250;441700;P;5.0;;;;0.0;100.0;;0.1;0.011;1378.0;217250;441699;217250;441699
1602;ER Reeks 1990-2022 Definitief;2022;204;Koolstofdioxide;T100600;SBI 17 (per bedrijf): Vervaardiging van papier, karton en papier- en kartonwaren;64345;Mayr-Melnhof Eerbeek BV;17122;Vervaardiging van papier en karton voor verpakking;201330;457510;pub_0211;Papier(waren);39555;Divers, overig, diffuus;201330;457510;P;5.0;;;;0.0;;;;0.0;2661357.0;201330;457509;201330;457509
1603;ER Reeks 1990-2022 Definitief;2022;204;Koolstofdioxide;T100600;SBI 17 (per bedrijf): Vervaardiging van papier, karton en papier- en kartonwaren;64360;Parenco B.V.;17121;Vervaardiging van grafisch papier en karton;178450;442450;pub_0211;Papier(waren);34769;Gasturbine GT11;178551;442466;P;40.0;;;;9.1;104.0;3.0;27.8;3.284;79134387.73;178551;442465;178450;442449
1604;ER Reeks 1990-2022 Definitief;2022;204;Koolstofdioxide;T151100;SBI 46/47 (per bedrijf): Detail- en groothandel;202990;Alco Energy Rotterdam;46712;Groothandel in vloeibare en gasvormige brandstoffen;72210;438230;pub_1201;Energiegebruik en processen Handel, Diensten en Overheid (HDO);46741;Bluswaterpomp;71968;438342;P;2.0;;;;0.04;100.0;3.0;0.1;0.011;5333.8991537273;71968;438341;72210;438229
1605;ER Reeks 1990-2022 Definitief;2022;204;Koolstofdioxide;T108500;SBI 35 (per bedrijf): Productie en distributie van elektriciteit en gas;12149;Uniper Centrale Maasvlakte;35111;Productie van elektriciteit door thermische, kern- en warmtekrachtcentrales;61481;442057;pub_0503;Opwekking electriciteit;41685;Stack HRSG ketel;61399;442197;P;40.0;;;;8.3;92.0;16.0;134.6;13.826;123132940.9999999;61399;442196;61481;442056
1606;ER Reeks 1990-2022 Definitief;2022;204;Koolstofdioxide;T108500;SBI 35 (per bedrijf): Productie en distributie van elektriciteit en gas;12152;Uniper HWC Delftsevaart;35111;Productie van elektriciteit door thermische, kern- en warmtekrachtcentrales;92841;437409;pub_0503;Opwekking electriciteit;38418;HK5;92821;437430;P;31.0;;;;2.0;;;;3.0;42000.0;92821;437429;92841;437408
1607;ER Reeks 1990-2022 Definitief;2022;204;Koolstofdioxide;T104201;SBI 38.2 (per bedrijf): Afvalinzameling/beh, AVI's;12158;DRSH Zuiveringsslib N.V.;38210;Behandeling van onschadelijk afval;110420;425520;pub_0901;AVI's;36536;Schoorsteen zuiveringsslib verbranding;110237;425537;P;80.0;;;;2.6;125.8;11.0;27.37;3.999;137846000.0;110237;425536;110420;425519
1608;ER Reeks 1990-2022 Definitief;2022;204;Koolstofdioxide;T107201;SBI 85-88 (per bedrijf): Onderwijs en gezondheids- en welzijnszorg;12166;TU Delft Warmtekrachtcentrale;85420;Universitair hoger onderwijs;85100;446200;pub_1201;Energiegebruik en processen Handel, Diensten en Overheid (HDO);45956;NSA;85100;446200;P;24.0;;;;0.049;;;;0.01;2848.0;85100;446199;85100;446199
1609;ER Reeks 1990-2022 Definitief;2022;204;Koolstofdioxide;T101100;SBI 20.1 (per bedrijf): Vervaardiging van chemische basisproducten;51104;Dow Benelux BV (Hoek);20141;Vervaardiging van petrochemische producten;43193;373788;pub_0301;Chemische Industrie basisproducten;38477;STACK 10F-405 LE22;43692;373426;P;30.0;;;;0.1;;;;0.001;1437000.0;43692;373425;43193;373787
1610;ER Reeks 1990-2022 Definitief;2022;204;Koolstofdioxide;T101100;SBI 20.1 (per bedrijf): Vervaardiging van chemische basisproducten;51104;Dow Benelux BV (Hoek);20141;Vervaardiging van petrochemische producten;43193;373788;pub_0301;Chemische Industrie basisproducten;38491;STACK BA-107 + BA-108 LE1;42989;373954;P;62.0;;;;2.0;;;;0.138;34595387.0;42989;373953;43193;373787
1611;ER Reeks 1990-2022 Definitief;2022;204;Koolstofdioxide;T101100;SBI 20.1 (per bedrijf): Vervaardiging van chemische basisproducten;51104;Dow Benelux BV (Hoek);20141;Vervaardiging van petrochemische producten;43193;373788;pub_0301;Chemische Industrie basisproducten;38492;STACK BA107 LE3;42599;373957;P;62.0;;;;3.24;;;;0.239;14262599.0;42599;373956;43193;373787
1612;ER Reeks 1990-2022 Definitief;2022;204;Koolstofdioxide;T101100;SBI 20.1 (per bedrijf): Vervaardiging van chemische basisproducten;51104;Dow Benelux BV (Hoek);20141;Vervaardiging van petrochemische producten;43193;373788;pub_0301;Chemische Industrie basisproducten;38493;STACK BA108 LE3;42601;373960;P;62.0;;;;3.24;;;;0.239;56018661.0;42601;373959;43193;373787
1613;ER Reeks 1990-2022 Definitief;2022;204;Koolstofdioxide;T106200;SBI 25 (per bedrijf): Metaalproductenindustrie (exclusief machinebouw);200719;Wuppermann Staal Nederland BV;25610;Oppervlaktebehandeling en bekleding van metaal;100338;411937;pub_0210;Metaalelektro;39666;Divers, overig, diffuus;100338;411937;P;5.0;;;;;;;;0.0;1772040.0;100338;411936;100338;411936
1614;ER Reeks 1990-2022 Definitief;2022;204;Koolstofdioxide;T104201;SBI 38.2 (per bedrijf): Afvalinzameling/beh, AVI's;201012;Renewi Drachten-De Lier;38110;Inzameling van onschadelijk afval;199856;569827;pub_0901;AVI's;38872;Divers, overig, diffuus;199856;569827;P;5.0;;;;;;;;0.0;358680.0;199856;569826;199856;569826
1615;ER Reeks 1990-2022 Definitief;2022;204;Koolstofdioxide;T102300;SBI 24.4/24.5 (per bedrijf): Basismetaalindustrie, vervaardiging van non-ferro metalen en gieten van metalen;201326;Brabant Alucast International;24530;Gieten van lichte metalen;166299;421695;pub_0201;Basismetaal;42149;smeltoven S&K10000;166299;421695;P;16.0;;;;0.16;330.0;11.0;2.1;0.857;1422688.05;166299;421694;166299;421694
1616;ER Reeks 1990-2022 Definitief;2022;204;Koolstofdioxide;T103100;SBI 21.1 (per bedrijf): Vervaardiging van farmaceutische producten;21302;Abbott Healthcare Products BV;21200;Vervaardiging van farmaceutische producten (geen grondstoffen);130940;479560;pub_0304;Chemische Industrie overig;42470;Noodstroomaggregaten dieselolie;130650;479630;P;6.0;;;;0.0;;;;0.0;26384.0;130650;479629;130940;479559
1617;ER Reeks 1990-2022 Definitief;2022;204;Koolstofdioxide;T102202;SBI 24.1-24.3 (per bedrijf): Basismetaalindustrie, verwerking en vervaardiging ijzer en staal;43002;Salzgitter Mannesmann Seamless Tubes BV;24200;Vervaardiging van stalen buizen, pijpen, holle profielen en fittings daarvoor;174950;386900;pub_0201;Basismetaal;43016;Divers, overig, diffuus;174950;386900;P;5.0;;;;0.0;;;;0.0;1697000.0;174950;386899;174950;386899
1618;ER Reeks 1990-2022 Definitief;2022;204;Koolstofdioxide;T100201;SBI 10-12 (per bedrijf): Voedings- & genotmiddelenindustrie;52612;Cargill Benelux BV;10620;Vervaardiging van zetmeel en zetmeelproducten;44338;361919;pub_0216;Voedings- en genotmiddelenindustrie;38350;Divers, overig, diffuus;44338;361919;P;30.0;;;;0.0;;;;0.0;591255.3349125;44338;361918;44338;361918
1619;ER Reeks 1990-2022 Definitief;2022;204;Koolstofdioxide;T100201;SBI 10-12 (per bedrijf): Voedings- & genotmiddelenindustrie;52612;Cargill Benelux BV;10620;Vervaardiging van zetmeel en zetmeelproducten;44338;361919;pub_0216;Voedings- en genotmiddelenindustrie;38358;emissiepunt 239;44338;361919;P;37.0;;;;3.0;;;;0.001;949076.2777125;44338;361918;44338;361918
1620;ER Reeks 1990-2022 Definitief;2022;204;Koolstofdioxide;T100201;SBI 10-12 (per bedrijf): Voedings- & genotmiddelenindustrie;52612;Cargill Benelux BV;10620;Vervaardiging van zetmeel en zetmeelproducten;44338;361919;pub_0216;Voedings- en genotmiddelenindustrie;38361;emissiepunt 540B;44338;361919;P;23.0;;;;4.0;;;;6.211;32362158.9177225;44338;361918;44338;361918
1621;ER Reeks 1990-2022 Definitief;2022;204;Koolstofdioxide;T101100;SBI 20.1 (per bedrijf): Vervaardiging van chemische basisproducten;71105;Nobian Chemicals BV (Hengelo);20130;Vervaardiging van overige anorganische basischemicaliën;251088;474121;pub_0301;Chemische Industrie basisproducten;36258;Ketel 9 (Installatie nr 17);251088;474121;P;80.0;;;;3.8;;;;5.1;56710961.3249994;251088;474120;251088;474120
1622;ER Reeks 1990-2022 Definitief;2022;204;Koolstofdioxide;T108502;SBI 35.12 (per bedrijf): Transportnet voor aardgas;71514;Gasunie Vilsteren/Ommen;35120;Beheer en exploitatie van transportnetten voor elektriciteit, aardgas en warm water;221116;501184;pub_0502;Olie- gaswinning land;38940;2-C-004 GE-FS5;221116;501184;P;17.0;;;;25.0;254.0;;47.48;14.752036;13352.0;221116;501183;221116;501183
1623;ER Reeks 1990-2022 Definitief;2022;204;Koolstofdioxide;T100201;SBI 10-12 (per bedrijf): Voedings- & genotmiddelenindustrie;72024;Lyempf Kampen BV;10510;Vervaardiging van zuivelproducten (geen consumptie-ijs);191550;507000;pub_0216;Voedings- en genotmiddelenindustrie;41746;Rookgas stoomketel;191545;507020;P;24.0;;;;0.92;117.0;0.0;0.426;0.057;8490000.0;191545;507019;191550;506999
1624;ER Reeks 1990-2022 Definitief;2022;204;Koolstofdioxide;T100201;SBI 10-12 (per bedrijf): Voedings- & genotmiddelenindustrie;72027;Hyproca Dairy BV;10510;Vervaardiging van zuivelproducten (geen consumptie-ijs);225250;502670;pub_0216;Voedings- en genotmiddelenindustrie;37383;Stoomketel Ten Horn;225250;502670;P;8.0;;;;0.0;;;;0.001;3490000.0;225250;502669;225250;502669
1625;ER Reeks 1990-2022 Definitief;2022;204;Koolstofdioxide;T108502;SBI 35.12 (per bedrijf): Transportnet voor aardgas;21528;Gasunie (Wieringermeer);35120;Beheer en exploitatie van transportnetten voor elektriciteit, aardgas en warm water;132250;530325;pub_0502;Olie- gaswinning land;35842;Divers, overig, diffuus;132250;530325;P;5.0;;;;0.0;;;;0.0;919070.2632500001;132250;530324;132250;530324
1626;ER Reeks 1990-2022 Definitief;2022;204;Koolstofdioxide;T108502;SBI 35.12 (per bedrijf): Transportnet voor aardgas;21528;Gasunie (Wieringermeer);35120;Beheer en exploitatie van transportnetten voor elektriciteit, aardgas en warm water;132250;530325;pub_0502;Olie- gaswinning land;35844;2-1 STAL-LAVAL;132281;530128;P;11.0;;;;11.0;342.0;3.0;30.11;12.758;23468.0;132281;530127;132250;530324
1627;ER Reeks 1990-2022 Definitief;2022;204;Koolstofdioxide;T108502;SBI 35.12 (per bedrijf): Transportnet voor aardgas;21528;Gasunie (Wieringermeer);35120;Beheer en exploitatie van transportnetten voor elektriciteit, aardgas en warm water;132250;530325;pub_0502;Olie- gaswinning land;45518;Noodgenerator: MTU8V396 TE34;132114;530055;P;4.0;;;;0.13;12.0;0.0;0.01;0.0;653.20325;132114;530054;132250;530324
1628;ER Reeks 1990-2022 Definitief;2022;204;Koolstofdioxide;T108502;SBI 35.12 (per bedrijf): Transportnet voor aardgas;21529;Gasunie (Beverwijk);35120;Beheer en exploitatie van transportnetten voor elektriciteit, aardgas en warm water;108327;500235;pub_0502;Olie- gaswinning land;35638;2-3 SOLAR;108409;500230;P;12.0;;;;0.79;334.0;12.0;9.57;3.957;5763.0;108409;500229;108327;500234
1629;ER Reeks 1990-2022 Definitief;2022;204;Koolstofdioxide;T100201;SBI 10-12 (per bedrijf): Voedings- & genotmiddelenindustrie;22012;CONO Kaasmakers (Middenbeemster);10510;Vervaardiging van zuivelproducten (geen consumptie-ijs);120220;507805;pub_0216;Voedings- en genotmiddelenindustrie;35585;Divers, overig, diffuus;120220;507805;P;5.0;;;;0.0;;;;0.0;37725.0;120220;507804;120220;507804
1630;ER Reeks 1990-2022 Definitief;2022;204;Koolstofdioxide;T104702;SBI 24.45 (per bedrijf) Vervaardiging van overige non-ferrometalen, aluminium;53504;Zalco B.V.;24420;Vervaardiging van aluminium;37954;386866;pub_0201;Basismetaal;42808;Gieterij;37954;386866;P;10.0;;;;0.0;12.0;;0.1;0.0;14979954.0;37954;386865;37954;386865
1631;ER Reeks 1990-2022 Definitief;2022;204;Koolstofdioxide;T101100;SBI 20.1 (per bedrijf): Vervaardiging van chemische basisproducten;10004;Lyondell Chemie Nederland BV;20141;Vervaardiging van petrochemische producten;76900;433220;pub_0301;Chemische Industrie basisproducten;35296;B-890 Proces Fornuis;76950;433310;P;33.0;;;;2.8;334.0;3.0;9.25;3.824;37018358.0;76950;433309;76900;433219
1632;ER Reeks 1990-2022 Definitief;2022;204;Koolstofdioxide;T101100;SBI 20.1 (per bedrijf): Vervaardiging van chemische basisproducten;10006;Shell Nederland Chemie BV (Pernis);20141;Vervaardiging van petrochemische producten;84625;433319;pub_0301;Chemische Industrie basisproducten;44591;COD A-4201;85059;433389;P;24.0;;;;0.0;;;;0.6;656991.0;85059;433388;84625;433318
1633;ER Reeks 1990-2022 Definitief;2022;204;Koolstofdioxide;T151100;SBI 46/47 (per bedrijf): Detail- en groothandel;203590;Arkema BV (Rotterdam);46751;Groothandel in chemische grondstoffen en chemicaliën voor industriële toepassing;82620;434005;pub_1201;Energiegebruik en processen Handel, Diensten en Overheid (HDO);41666;56EL05 (Me-92 Fakkel);82525;433842;P;55.0;;;;0.2;;;;0.062;99600.0;82525;433841;82620;434004
1634;ER Reeks 1990-2022 Definitief;2022;204;Koolstofdioxide;T104706;SBI 24.45 (per bedrijf) Vervaardiging van overige non-ferrometalen, zink;43013;Nyrstar Budel BV;24430;Vervaardiging van lood, zink en tin;169900;361000;pub_0201;Basismetaal;38986;Schoorsteen centrale Ketel 1 (Bronswerk) (emissiepunt 1);169900;361000;P;20.0;;;;0.5;;;;1.664;3849812.0;169900;360999;169900;360999
1635;ER Reeks 1990-2022 Definitief;2022;204;Koolstofdioxide;T104706;SBI 24.45 (per bedrijf) Vervaardiging van overige non-ferrometalen, zink;43013;Nyrstar Budel BV;24430;Vervaardiging van lood, zink en tin;169900;361000;pub_0201;Basismetaal;38992;uitlaat oliebranders zwavelzuurfabriek (emissiepunt 3);169900;361000;P;8.0;;;;0.64;;;;0.767;104232.96;169900;360999;169900;360999
1636;ER Reeks 1990-2022 Definitief;2022;204;Koolstofdioxide;T103900;SBI 49-53 (per bedrijf): Transport, communicatie;10069;Standic BV;52101;Opslag in tanks;103000;422400;pub_1201;Energiegebruik en processen Handel, Diensten en Overheid (HDO);45117;CV installatie Heetwater Tankenpark;102946;422214;P;6.0;;;;0.28;95.0;1.0;0.3442;0.037;527660.0;102946;422213;103000;422399
1637;ER Reeks 1990-2022 Definitief;2022;204;Koolstofdioxide;T100201;SBI 10-12 (per bedrijf): Voedings- & genotmiddelenindustrie;10097;Sime Darby Unimills B.V.;10410;Vervaardiging van plantaardige en dierlijke oliën en vetten (geen margarine en andere spijsvetten);103500;424600;pub_0216;Voedings- en genotmiddelenindustrie;41692;Divers, overig, diffuus;103500;424600;P;5.0;;;;0.0;;;;0.0;5267.0;103500;424599;103500;424599
1638;ER Reeks 1990-2022 Definitief;2022;204;Koolstofdioxide;T101100;SBI 20.1 (per bedrijf): Vervaardiging van chemische basisproducten;101407;Zeolyst CV;20130;Vervaardiging van overige anorganische basischemicaliën;261647;592403;pub_0301;Chemische Industrie basisproducten;42478;flashdroger 6201;261647;592403;P;20.0;;;;0.36;;;;0.122;1031447.0;261647;592402;261647;592402
1639;ER Reeks 1990-2022 Definitief;2022;204;Koolstofdioxide;T108500;SBI 35 (per bedrijf): Productie en distributie van elektriciteit en gas;204617;Centrale Rotterdam;35111;Productie van elektriciteit door thermische, kern- en warmtekrachtcentrales;64578;440415;pub_0503;Opwekking electriciteit;45601;schoorsteen Hulpketel 3;64553;440346;P;12.0;;;;1.13;120.0;633.0;7.15;0.975975;1011000.0;64553;440345;64578;440414
1640;ER Reeks 1990-2022 Definitief;2022;204;Koolstofdioxide;T108500;SBI 35 (per bedrijf): Productie en distributie van elektriciteit en gas;204654;Enecogen VOF;35120;Beheer en exploitatie van transportnetten voor elektriciteit, aardgas en warm water;66120;441896;pub_0503;Opwekking electriciteit;41921;Hulpketel;66023;441751;P;55.0;;;;2.0;95.0;1.0;1.26;0.134;2568357.4;66023;441750;66120;441895
1641;ER Reeks 1990-2022 Definitief;2022;204;Koolstofdioxide;T108502;SBI 35.12 (per bedrijf): Transportnet voor aardgas;101515;Gasunie (Spijk);35120;Beheer en exploitatie van transportnetten voor elektriciteit, aardgas en warm water;253587;603833;pub_0502;Olie- gaswinning land;42776;Divers, overig, diffuus;253587;603833;P;5.0;;;;0.0;;;;0.0;321890.455470129;253587;603832;253587;603832
1642;ER Reeks 1990-2022 Definitief;2022;204;Koolstofdioxide;T108502;SBI 35.12 (per bedrijf): Transportnet voor aardgas;101515;Gasunie (Spijk);35120;Beheer en exploitatie van transportnetten voor elektriciteit, aardgas en warm water;253587;603833;pub_0502;Olie- gaswinning land;42780;1-4 DLS HVA16;253583;603881;P;14.0;;;;0.4;358.0;8.0;3.19;1.417;146807.0;253583;603880;253587;603832
1643;ER Reeks 1990-2022 Definitief;2022;204;Koolstofdioxide;T108502;SBI 35.12 (per bedrijf): Transportnet voor aardgas;101515;Gasunie (Spijk);35120;Beheer en exploitatie van transportnetten voor elektriciteit, aardgas en warm water;253587;603833;pub_0502;Olie- gaswinning land;45523;Noodgenerator A409H-24-78-001 725kW;253617;603811;P;4.0;;;;0.0385;293.0;0.0;0.01;0.004;233.772264935452;253617;603810;253587;603832
1644;ER Reeks 1990-2022 Definitief;2022;204;Koolstofdioxide;T102800;SBI 20.16 (per bedrijf): Vervaardiging van kunststof in primaire vorm;10079;Chemours Netherlands BV;20160;Vervaardiging van kunststof in primaire vorm;109500;425710;pub_0301;Chemische Industrie basisproducten;44628;Thermal Converter FL29;109665;425908;P;46.0;;;;0.07;;;;0.001;2090578.818575;109665;425907;109500;425709
1645;ER Reeks 1990-2022 Definitief;2022;204;Koolstofdioxide;T102201;SBI 19.201 (per bedrijf): Aardolieraffinage;10057;Shell Nederland Raffinaderij BV;19201;Aardolieraffinage;82574;432924;pub_0401;Raffinage en verwerking;42204;GT-2;82705;433010;P;60.0;;;;2.41;94.0;7.0;17.35;1.827;101837514.0;82705;433009;82574;432923
1646;ER Reeks 1990-2022 Definitief;2022;204;Koolstofdioxide;T102201;SBI 19.201 (per bedrijf): Aardolieraffinage;10057;Shell Nederland Raffinaderij BV;19201;Aardolieraffinage;82574;432924;pub_0401;Raffinage en verwerking;42209;HDS-2;82730;432500;P;60.0;;;;0.13;242.0;8.0;1.01;0.298;6378260.0;82730;432499;82574;432923
1647;ER Reeks 1990-2022 Definitief;2022;204;Koolstofdioxide;T102201;SBI 19.201 (per bedrijf): Aardolieraffinage;10057;Shell Nederland Raffinaderij BV;19201;Aardolieraffinage;82574;432924;pub_0401;Raffinage en verwerking;42211;HD-Select;82620;432750;P;61.0;;;;2.14;261.0;0.0;0.39;0.125;2426033.0;82620;432749;82574;432923
1648;ER Reeks 1990-2022 Definitief;2022;204;Koolstofdioxide;T102201;SBI 19.201 (per bedrijf): Aardolieraffinage;10057;Shell Nederland Raffinaderij BV;19201;Aardolieraffinage;82574;432924;pub_0401;Raffinage en verwerking;44600;zuurgasfakkel ABC terrein;83060;433140;P;130.0;;;;0.0;;;;3.14;1129441.0;83060;433139;82574;432923
1649;ER Reeks 1990-2022 Definitief;2022;204;Koolstofdioxide;T106200;SBI 25 (per bedrijf): Metaalproductenindustrie (exclusief machinebouw);205183;Van Merksteijn International BV;25930;Vervaardiging van artikelen van draad en van kettingen en veren;238760;487181;pub_0210;Metaalelektro;45637;Verwarming gebouwen;238786;487316;P;9.0;;;;0.56;;;;0.001;1601581.0;238786;487315;238760;487180
1650;ER Reeks 1990-2022 Definitief;2022;204;Koolstofdioxide;T102201;SBI 19.201 (per bedrijf): Aardolieraffinage;21010;Sonneborn Refined Products BV (Amsterdam);19201;Aardolieraffinage;116857;489691;pub_0401;Raffinage en verwerking;43047;Divers, overig, diffuus;116857;489691;P;5.0;;;;0.0;;;;0.0;1881933.2025;116857;489690;116857;489690
1651;ER Reeks 1990-2022 Definitief;2022;204;Koolstofdioxide;T101702;SBI 20.5 (per bedrijf): Overige chemische producten;21101;Albemarle Catalysts Company B.V.;20590;Vervaardiging van overige chemische producten n.e.g.;124570;488620;pub_0304;Chemische Industrie overig;7560;KL-351;124158;488852;P;17.0;;;;0.0;200.0;0.0;0.042;0.01;870000.0;124158;488851;124570;488619
1652;ER Reeks 1990-2022 Definitief;2022;204;Koolstofdioxide;T108500;SBI 35 (per bedrijf): Productie en distributie van elektriciteit en gas;24003;Nuon Power Generation BV (Velsen);35111;Productie van elektriciteit door thermische, kern- en warmtekrachtcentrales;103696;498603;pub_0503;Opwekking electriciteit;43343;Velsen 24;103850;498460;P;155.0;;;;26.0;141.0;7.0;193.0;31.967;1567614727.9999986;103850;498459;103696;498602
1653;ER Reeks 1990-2022 Definitief;2022;204;Koolstofdioxide;T100201;SBI 10-12 (per bedrijf): Voedings- & genotmiddelenindustrie;92004;Hochwald Nederland BV;10510;Vervaardiging van zuivelproducten (geen consumptie-ijs);163330;563820;pub_0216;Voedings- en genotmiddelenindustrie;36532;Ketel-3;163325;563814;P;50.0;;;;0.0;;;;0.013;113267.0;163325;563813;163330;563819
1654;ER Reeks 1990-2022 Definitief;2022;204;Koolstofdioxide;T100201;SBI 10-12 (per bedrijf): Voedings- & genotmiddelenindustrie;92008;Exploitatiemaatschappij Phoenix BV;10510;Vervaardiging van zuivelproducten (geen consumptie-ijs);181400;551120;pub_0216;Voedings- en genotmiddelenindustrie;36354;Droogtoren Egron 1;181464;551099;P;30.0;;;;0.0;;;;0.5;2430049.0;181464;551098;181400;551119
1655;ER Reeks 1990-2022 Definitief;2022;204;Koolstofdioxide;T100600;SBI 17 (per bedrijf): Vervaardiging van papier, karton en papier- en kartonwaren;24606;BN International BV;17240;Vervaardiging van behangselpapier;145000;479450;pub_0211;Papier(waren);35411;Divers, overig, diffuus;145000;479450;P;5.0;;;;0.0;;;;0.0;16000.0;145000;479449;145000;479449
1656;ER Reeks 1990-2022 Definitief;2022;204;Koolstofdioxide;T102201;SBI 19.201 (per bedrijf): Aardolieraffinage;10059;Gunvor Petroleum Europoort B.V.;19201;Aardolieraffinage;71000;439203;pub_0401;Raffinage en verwerking;39584;Hele Raffinaderij;71000;439203;P;0.0;;;;0.0;;;;0.01;103457.0;71000;439202;71000;439202
1657;ER Reeks 1990-2022 Definitief;2022;204;Koolstofdioxide;T102201;SBI 19.201 (per bedrijf): Aardolieraffinage;10061;Esso Nederland BV (Raffinaderij Rotterdam);19201;Aardolieraffinage;79871;432082;pub_0401;Raffinage en verwerking;45588;APS formuizen / stoomketels (F5101/2,SG861);79810;432199;P;150.0;;;;23.328;;;;13.97;526908013.0;79810;432198;79871;432081
1658;ER Reeks 1990-2022 Definitief;2022;204;Koolstofdioxide;T102201;SBI 19.201 (per bedrijf): Aardolieraffinage;10061;Esso Nederland BV (Raffinaderij Rotterdam);19201;Aardolieraffinage;79871;432082;pub_0401;Raffinage en verwerking;45595;VPS improvement fornuis (F6402);79537;432156;P;45.0;;;;1.15;;;;0.966;16107809.2519451;79537;432155;79871;432081
1659;ER Reeks 1990-2022 Definitief;2022;204;Koolstofdioxide;T104201;SBI 38.2 (per bedrijf): Afvalinzameling/beh, AVI's;10063;AVR NV (Rijnmond);38210;Behandeling van onschadelijk afval;78545;434865;pub_0901;AVI's;39574;Vortexovens (11 t/m 14);78401;434827;P;50.0;;;;9.81;77.7;1.0;7.1;0.599;251399999.99999994;78401;434826;78545;434864
1660;ER Reeks 1990-2022 Definitief;2022;204;Koolstofdioxide;T100201;SBI 10-12 (per bedrijf): Voedings- & genotmiddelenindustrie;22102;Loders Croklaan B.V.;10410;Vervaardiging van plantaardige en dierlijke oliën en vetten (geen margarine en andere spijsvetten);115800;499830;pub_0216;Voedings- en genotmiddelenindustrie;44638;Ketel 7;115799;499829;P;20.0;;;;1.1;154.0;1.0;1.1;0.201;31450.0;115799;499828;115800;499829
1661;ER Reeks 1990-2022 Definitief;2022;204;Koolstofdioxide;T100201;SBI 10-12 (per bedrijf): Voedings- & genotmiddelenindustrie;22617;Bunge Netherlands BV (Soja);10410;Vervaardiging van plantaardige en dierlijke oliën en vetten (geen margarine en andere spijsvetten);119443;490547;pub_0216;Voedings- en genotmiddelenindustrie;36422;Ketels en branders;119400;490500;P;16.0;;;;0.0;;;;3.4595;58102000.0;119400;490499;119443;490546
1662;ER Reeks 1990-2022 Definitief;2022;204;Koolstofdioxide;T108500;SBI 35 (per bedrijf): Productie en distributie van elektriciteit en gas;94003;GDF SUEZ Centrale Bergum;35111;Productie van elektriciteit door thermische, kern- en warmtekrachtcentrales;197930;580516;pub_0503;Opwekking electriciteit;44618;BG12;197930;580541;P;48.0;;;;13.0;560.0;24.0;311.0;6.0;1199895.0;197930;580540;197930;580515
1663;ER Reeks 1990-2022 Definitief;2022;204;Koolstofdioxide;T100600;SBI 17 (per bedrijf): Vervaardiging van papier, karton en papier- en kartonwaren;94301;Huhtamaki Nederland BV;17290;Vervaardiging van overige papier- en kartonwaren;165330;577300;pub_0211;Papier(waren);40778;M62;165413;577392;P;8.0;;;;0.0;;;;0.8;808410.03;165413;577391;165330;577299
1664;ER Reeks 1990-2022 Definitief;2022;204;Koolstofdioxide;T101100;SBI 20.1 (per bedrijf): Vervaardiging van chemische basisproducten;94706;BASF Nederland B.V. (Nijehaske);20160;Vervaardiging van kunststof in primaire vorm;188750;553750;pub_0301;Chemische Industrie basisproducten;40751;Heet olie installatie;188720;553775;P;22.0;;;;0.2;240.0;3.0;0.606;0.177;1070515.531575;188720;553774;188750;553749
1665;ER Reeks 1990-2022 Definitief;2022;204;Koolstofdioxide;T104300;SBI 23.32 (per bedrijf): Vervaardiging van bakstenen en dakpannen;95;Kleiwarenfabriek Façade Beek BV;23320;Vervaardiging van keramische producten voor de bouw (geen tegels en plavuizen);182980;328250;pub_0203;Bouwmaterialenindustrie;41805;Schoorsteen tunneloven;182980;328250;P;30.0;;;;0.64;130.0;3.0;2.17;0.329;1669169.558675;182980;328249;182980;328249
1666;ER Reeks 1990-2022 Definitief;2022;204;Koolstofdioxide;T102202;SBI 24.1-24.3 (per bedrijf): Basismetaalindustrie, verwerking en vervaardiging ijzer en staal;23301;Tata Steel IJmuiden BV;24100;Vervaardiging van ijzer en staal en van ferrolegeringen;100985;499055;pub_0201;Basismetaal;44699;ENB07;101392;499077;P;42.0;;;;7.065;;;;12.192;226378868.5049678;101392;499076;100985;499054
1667;ER Reeks 1990-2022 Definitief;2022;204;Koolstofdioxide;T100201;SBI 10-12 (per bedrijf): Voedings- & genotmiddelenindustrie;102302;Suiker Unie Vierverlaten;10810;Vervaardiging van suiker;229011;581366;pub_0216;Voedings- en genotmiddelenindustrie;42852;Gasmotor;229000;581420;P;27.0;;;;0.0;150.0;18.0;0.9;0.159;2125033.0;229000;581419;229011;581365
1668;ER Reeks 1990-2022 Definitief;2022;204;Koolstofdioxide;T104702;SBI 24.45 (per bedrijf) Vervaardiging van overige non-ferrometalen, aluminium;103009;KBM Master Alloys BV (Delfzijl);24420;Vervaardiging van aluminium;260800;592000;pub_0201;Basismetaal;42509;Schoorsteen insmeltoven 2;260800;592000;P;14.0;;;;0.7;300.0;1.0;0.416;0.154;168289.4;260800;591999;260800;591999
1669;ER Reeks 1990-2022 Definitief;2022;204;Koolstofdioxide;T100600;SBI 17 (per bedrijf): Vervaardiging van papier, karton en papier- en kartonwaren;104302;Solidus Solutions Board B.V. (Hoogkerk);17121;Vervaardiging van grafisch papier en karton;229850;581350;pub_0211;Papier(waren);42691;Ketels 9 en 10;229850;581350;P;13.0;;;;0.64;;;;0.259;5350000.0;229850;581349;229850;581349
1670;ER Reeks 1990-2022 Definitief;2022;204;Koolstofdioxide;T101702;SBI 20.5 (per bedrijf): Overige chemische producten;28072;Quaker Chemical BV;20590;Vervaardiging van overige chemische producten n.e.g.;117100;472350;pub_0304;Chemische Industrie overig;35434;Divers, overig, diffuus;117100;472350;P;5.0;;;;0.0;;;;0.0;2079642.0;117100;472349;117100;472349
1671;ER Reeks 1990-2022 Definitief;2022;204;Koolstofdioxide;T104201;SBI 38.2 (per bedrijf): Afvalinzameling/beh, AVI's;28091;HVC (Alkmaar);38210;Behandeling van onschadelijk afval;112698;513765;pub_0901;AVI's;42987;AVI lijn 2;112698;513765;P;80.0;;;;2.54;161.0;10.0;25.98;4.97;177020000.0;112698;513764;112698;513764
1672;ER Reeks 1990-2022 Definitief;2022;204;Koolstofdioxide;T102102;SBI 23 (per bedrijf): Bouwmaterialen- en glasindustrie;4753;Rockwool B.V.;23990;Vervaardiging van niet-metaalhoudende minerale producten (geen schuur-, slijp- en polijstmiddelen);200915;353671;pub_0203;Bouwmaterialenindustrie;35005;Lijn 7 granulaat (losse steenwol);200890;353790;P;100.0;;;;0.49;150.0;16.0;7.6;1.347;26608872.2265;200890;353789;200915;353670
1673;ER Reeks 1990-2022 Definitief;2022;204;Koolstofdioxide;T102102;SBI 23 (per bedrijf): Bouwmaterialen- en glasindustrie;4753;Rockwool B.V.;23990;Vervaardiging van niet-metaalhoudende minerale producten (geen schuur-, slijp- en polijstmiddelen);200915;353671;pub_0203;Bouwmaterialenindustrie;35006;Lijn 8 bouwproducten, dakplaten en halffabrikaat Rockfon;200730;353910;P;85.0;;;;0.62;172.0;14.0;8.7;1.787;30275015.704365;200730;353909;200915;353670
1674;ER Reeks 1990-2022 Definitief;2022;204;Koolstofdioxide;T101702;SBI 20.5 (per bedrijf): Overige chemische producten;48018;FUJIFILM Manufacturing Europe BV;20590;Vervaardiging van overige chemische producten n.e.g.;129000;401000;pub_0304;Chemische Industrie overig;38392;Schoorsteen Heetwater-/ stoomketels;129600;400950;P;20.0;;;;2.63;;;;1.478;7727711.0;129600;400949;129000;400999
1675;ER Reeks 1990-2022 Definitief;2022;204;Koolstofdioxide;T102102;SBI 23 (per bedrijf): Bouwmaterialen- en glasindustrie;44772;Ardagh Glass Dongen BV;23130;Vervaardiging van holglas;127823;402831;pub_0203;Bouwmaterialenindustrie;41726;Schoorsteen glasoven 16;127800;402835;P;62.0;;;;1.8;260.0;3.0;5.2;1.656;23924079.0;127800;402834;127823;402830
1676;ER Reeks 1990-2022 Definitief;2022;204;Koolstofdioxide;T102102;SBI 23 (per bedrijf): Bouwmaterialen- en glasindustrie;44773;Saint Gobain Construction Products;23140;Vervaardiging van glasvezels;100624;397751;pub_0203;Bouwmaterialenindustrie;37439;Schoorsteen ketels 3;100770;397800;P;13.0;;;;0.5;12.0;2.0;1.03;0.0;2249784.0;100770;397799;100624;397750
1677;ER Reeks 1990-2022 Definitief;2022;204;Koolstofdioxide;T100600;SBI 17 (per bedrijf): Vervaardiging van papier, karton en papier- en kartonwaren;104307;Solidus Solutions (Bad Nieuweschans);17121;Vervaardiging van grafisch papier en karton;276380;578810;pub_0211;Papier(waren);42744;Schoorsteen stoomketel 2;276340;578689;P;15.0;;;;1.0;;;;0.1;1615854.0;276340;578688;276380;578809
1678;ER Reeks 1990-2022 Definitief;2022;204;Koolstofdioxide;T106100;SBI 22.2 (per bedrijf): Vervaardiging van producten van kunststof;104611;Schur Flexible Benelux BV;22220;Vervaardiging van verpakkingsmiddelen van kunststof;222100;575550;pub_0213;Rubber- en kunstofverw. Industrie;46823;2 gasgestookte luchtverhitters Kapteynlaan;220715;577402;P;8.0;;;;0.0132665;;;;0.091;41513.3483090555;220715;577401;222100;575549
1679;ER Reeks 1990-2022 Definitief;2022;204;Koolstofdioxide;T106100;SBI 22.2 (per bedrijf): Vervaardiging van producten van kunststof;104611;Schur Flexible Benelux BV;22220;Vervaardiging van verpakkingsmiddelen van kunststof;222100;575550;pub_0213;Rubber- en kunstofverw. Industrie;46831;Verwarmingstoestel 2 Kapteynlaan;220715;577402;P;12.0;;;;0.005024;;;;0.015;3518.0803651742;220715;577401;222100;575549
1680;ER Reeks 1990-2022 Definitief;2022;204;Koolstofdioxide;T101100;SBI 20.1 (per bedrijf): Vervaardiging van chemische basisproducten;104710;ESD-SIC BV;20130;Vervaardiging van overige anorganische basischemicaliën;260222;591232;pub_0301;Chemische Industrie basisproducten;42643;Fakkelinstallatie procesgas;260250;591280;P;30.0;;;;0.05;;;;15.6;4648030.0;260250;591279;260222;591231
1681;ER Reeks 1990-2022 Definitief;2022;204;Koolstofdioxide;T100201;SBI 10-12 (per bedrijf): Voedings- & genotmiddelenindustrie;105007;FrieslandCampina Cheese Marum;10510;Vervaardiging van zuivelproducten (geen consumptie-ijs);213000;573000;pub_0216;Voedings- en genotmiddelenindustrie;42747;Divers, overig, diffuus;213000;573000;P;5.0;;;;0.0;;;;0.0;74079.0;213000;572999;213000;572999
1682;ER Reeks 1990-2022 Definitief;2022;204;Koolstofdioxide;T101100;SBI 20.1 (per bedrijf): Vervaardiging van chemische basisproducten;105016;Nobian Chemicals BV (Chemie Park Delfzijl);20130;Vervaardiging van overige anorganische basischemicaliën;259000;593700;pub_0301;Chemische Industrie basisproducten;42719;Salt ventilatoren;259000;593700;P;22.0;;;;0.5;40.0;3.0;1.25;0.045;235395.27;259000;593699;259000;593699
1683;ER Reeks 1990-2022 Definitief;2022;204;Koolstofdioxide;T100201;SBI 10-12 (per bedrijf): Voedings- & genotmiddelenindustrie;105029;Storteboom Kornhorn BV;10120;Pluimveeslachterijen;212511;577696;pub_0216;Voedings- en genotmiddelenindustrie;46216;Verbrandingsinstallaties;212511;577696;P;7.0;;;;1.0;35.0;5.0;5.0;0.148;2653200.0;212511;577695;212511;577695
1684;ER Reeks 1990-2022 Definitief;2022;204;Koolstofdioxide;T100300;SBI 13/14 (per bedrijf): Vervaardiging van textiel en kleding;10621;Hunter Douglas Europe BV;13960;Vervaardiging van technisch en industrieel textiel;94850;436030;pub_0215;Textiel- en tapijtindustrie;38810;Divers, overig, diffuus;94850;436030;P;5.0;;;;0.0;;;;0.0;1029312.0;94850;436029;94850;436029
1685;ER Reeks 1990-2022 Definitief;2022;204;Koolstofdioxide;T104300;SBI 23.32 (per bedrijf): Vervaardiging van bakstenen en dakpannen;5726;Wienerberger Steenfabriek Nuance;23320;Vervaardiging van keramische producten voor de bouw (geen tegels en plavuizen);199240;403900;pub_0203;Bouwmaterialenindustrie;44229;Standaard steenbakkerij;199240;403900;P;32.0;;;;0.0;;;;1.0;1541888.89;199240;403899;199240;403899
1686;ER Reeks 1990-2022 Definitief;2022;204;Koolstofdioxide;T101100;SBI 20.1 (per bedrijf): Vervaardiging van chemische basisproducten;5729;Celanese Emulsions BV;20160;Vervaardiging van kunststof in primaire vorm;183891;329309;pub_0301;Chemische Industrie basisproducten;35514;Divers, overig, diffuus;183891;329309;P;5.0;;;;0.0;;;;0.0;64237.0;183891;329308;183891;329308
1687;ER Reeks 1990-2022 Definitief;2022;204;Koolstofdioxide;T104702;SBI 24.45 (per bedrijf) Vervaardiging van overige non-ferrometalen, aluminium;5739;E-max Remelt;24420;Vervaardiging van aluminium;200842;321125;pub_0201;Basismetaal;36501;Rookgasreiniging BMD2;200842;321125;P;18.0;;;;0.57;;;;0.432;3299594.0;200842;321124;200842;321124
1688;ER Reeks 1990-2022 Definitief;2022;204;Koolstofdioxide;T104702;SBI 24.45 (per bedrijf) Vervaardiging van overige non-ferrometalen, aluminium;5739;E-max Remelt;24420;Vervaardiging van aluminium;200842;321125;pub_0201;Basismetaal;36504;Schoorsteen HO1;200842;321125;P;18.0;;;;0.85;;;;0.2;1116698.0;200842;321124;200842;321124
1689;ER Reeks 1990-2022 Definitief;2022;204;Koolstofdioxide;T100600;SBI 17 (per bedrijf): Vervaardiging van papier, karton en papier- en kartonwaren;5740;WEPA Nederland B.V.;17220;Vervaardiging van huishoudelijke en sanitaire papierwaren;199937;360577;pub_0211;Papier(waren);35018;Schoorsteen stoomketel;199839;360491;P;9.0;;;;0.0;92.0;;1.65;0.169;84700.0;199839;360490;199937;360576
1690;ER Reeks 1990-2022 Definitief;2022;204;Koolstofdioxide;T100300;SBI 13/14 (per bedrijf): Vervaardiging van textiel en kleding;74154;Ten Cate Technical Fabrics BV (PC Stamstraat);13300;Textielveredeling;229380;485900;pub_0215;Textiel- en tapijtindustrie;35599;37656 Hotflue;229412;486090;P;24.0;;;;0.34;120.0;5.0;1.55;0.0;1373400.0;229412;486089;229380;485899
1691;ER Reeks 1990-2022 Definitief;2022;204;Koolstofdioxide;T104201;SBI 38.2 (per bedrijf): Afvalinzameling/beh, AVI's;74321;Sita Ecoservices Almelo BV;38210;Behandeling van onschadelijk afval;238772;486907;pub_0901;AVI's;45000;DVI-gaswasser;238878;486948;P;6.0;;;;0.05;;;;0.01;30209.07;238878;486947;238772;486906
1692;ER Reeks 1990-2022 Definitief;2022;204;Koolstofdioxide;T106600;SBI 29 (per bedrijf): Auto-industrie;113;VDL Nedcar BV;29100;Vervaardiging van auto's;186200;339300;pub_0210;Metaalelektro;36249;Naverbranders;186693;339213;P;30.0;;;;6.0;60.0;0.0;0.3319;0.02;11423094.8022116;186693;339212;186200;339299
1693;ER Reeks 1990-2022 Definitief;2022;204;Koolstofdioxide;T101100;SBI 20.1 (per bedrijf): Vervaardiging van chemische basisproducten;11366;Emerald Kalama Chemical Rotterdam BV;20149;Vervaardiging van organische basischemicaliën (geen petrochemische producten);77444;433673;pub_0301;Chemische Industrie basisproducten;37479;F-601 Luchtverhitter;77750;433830;P;33.0;;;;1.2;139.0;5.0;6.3;1.027;6448813.229625;77750;433829;77444;433672
1694;ER Reeks 1990-2022 Definitief;2022;204;Koolstofdioxide;T108500;SBI 35 (per bedrijf): Productie en distributie van elektriciteit en gas;114001;Maxima-centrale;35111;Productie van elektriciteit door thermische, kern- en warmtekrachtcentrales;164694;509969;pub_0503;Opwekking electriciteit;36154;Divers, overig, diffuus;164694;509969;P;5.0;;;;0.0;;;;0.0;235097.0;164694;509968;164694;509968
1695;ER Reeks 1990-2022 Definitief;2022;204;Koolstofdioxide;T108500;SBI 35 (per bedrijf): Productie en distributie van elektriciteit en gas;114001;Maxima-centrale;35111;Productie van elektriciteit door thermische, kern- en warmtekrachtcentrales;164694;509969;pub_0503;Opwekking electriciteit;36156;FL5;164694;509969;P;70.0;;;;38.0;90.0;13.0;494.0;49.475;622879733.0;164694;509968;164694;509968
1696;ER Reeks 1990-2022 Definitief;2022;204;Koolstofdioxide;T101100;SBI 20.1 (per bedrijf): Vervaardiging van chemische basisproducten;115036;Lyondell Chemie Nederland B.V.;20141;Vervaardiging van petrochemische producten;61001;443044;pub_0301;Chemische Industrie basisproducten;38570;F-10950A (catalytic converter);60808;443098;P;25.0;;;;3.1;106.0;3.0;9.0;1.086;807756.3632;60808;443097;61001;443043
1697;ER Reeks 1990-2022 Definitief;2022;204;Koolstofdioxide;T102501;SBI 20.141 (per bedrijf): Vervaardiging van petrochemische producten;115036;Lyondell Chemie Nederland B.V.;20141;Vervaardiging van petrochemische producten;61001;443044;pub_0301;Chemische Industrie basisproducten;38570;F-10950A (catalytic converter);60808;443098;P;25.0;;;;3.1;106.0;3.0;9.0;1.086;1401190.6368;60808;443097;61001;443043
1698;ER Reeks 1990-2022 Definitief;2022;204;Koolstofdioxide;T101100;SBI 20.1 (per bedrijf): Vervaardiging van chemische basisproducten;115036;Lyondell Chemie Nederland B.V.;20141;Vervaardiging van petrochemische producten;61001;443044;pub_0301;Chemische Industrie basisproducten;38572;Puntbronnen (fakkel);60813;442780;P;40.0;;;;0.0;;;;0.3;432831.6292;60813;442779;61001;443043
1699;ER Reeks 1990-2022 Definitief;2022;204;Koolstofdioxide;T106000;SBI 22.1 (per bedrijf): Vervaardiging van producten van rubber;115063;Eagle Simrax BV;22190;Vervaardiging van overige producten van rubber;201062;322187;pub_0213;Rubber- en kunstofverw. Industrie;36412;Divers, overig, diffuus;201062;322187;P;5.0;;;;0.0;;;;0.0;191080.0;201062;322186;201062;322186
1700;ER Reeks 1990-2022 Definitief;2022;204;Koolstofdioxide;T106600;SBI 29 (per bedrijf): Auto-industrie;43403;DAF Trucks N.V.;29100;Vervaardiging van auto's;164080;382500;pub_0210;Metaalelektro;36151;Schoorsteen overige verbrandingsinstallaties;164350;382310;P;10.0;;;;1.5;80.0;1.0;0.89;0.078;2728783.0;164350;382309;164080;382499
1701;ER Reeks 1990-2022 Definitief;2022;204;Koolstofdioxide;T106600;SBI 29 (per bedrijf): Auto-industrie;43403;DAF Trucks N.V.;29100;Vervaardiging van auto's;164080;382500;pub_0210;Metaalelektro;44632;Lakstraten (OLS + KTL);164275;382399;P;13.0;;;;0.32;346.0;5.0;1.58;0.678;1658881.0;164275;382398;164080;382499
1702;ER Reeks 1990-2022 Definitief;2022;204;Koolstofdioxide;T104201;SBI 38.2 (per bedrijf): Afvalinzameling/beh, AVI's;75305;Twence BV Boeldershoek;38210;Behandeling van onschadelijk afval;250428;472719;pub_0901;AVI's;46771;Schoorsteen stortgasmotoren 2;250827;472592;P;12.0;;;;0.1;180.0;20.0;2.0;0.431;475966.0;250827;472591;250428;472718
1703;ER Reeks 1990-2022 Definitief;2022;204;Koolstofdioxide;T101100;SBI 20.1 (per bedrijf): Vervaardiging van chemische basisproducten;41103;Synthos Breda B.V.;20160;Vervaardiging van kunststof in primaire vorm;111661;402540;pub_0301;Chemische Industrie basisproducten;56943;Gebouw 17;111877;402525;O;8.0;120.0;20.0;10.0;0.6;;;;0.001;60792.0;111877;402524;111661;402539
1704;ER Reeks 1990-2022 Definitief;2022;204;Koolstofdioxide;T102800;SBI 20.16 (per bedrijf): Vervaardiging van kunststof in primaire vorm;41103;Synthos Breda B.V.;20160;Vervaardiging van kunststof in primaire vorm;111661;402540;pub_0301;Chemische Industrie basisproducten;56944;RTO;111582;402570;P;12.0;;;;1.77;41.0;6.0;10.7;0.398;536803.863275;111582;402569;111661;402539
1705;ER Reeks 1990-2022 Definitief;2022;204;Koolstofdioxide;T104706;SBI 24.45 (per bedrijf) Vervaardiging van overige non-ferrometalen, zink;43013;Nyrstar Budel BV;24430;Vervaardiging van lood, zink en tin;169900;361000;pub_0201;Basismetaal;56963;Aggregaten verzamel;170140;360928;P;4.0;;;;0.64;33.0;;0.33;0.007722;89445.0;170140;360927;169900;360999
1706;ER Reeks 1990-2022 Definitief;2022;204;Koolstofdioxide;T151100;SBI 46/47 (per bedrijf): Detail- en groothandel;200554;Hilton Meats Zaandam B.V.;46320;Groothandel in vlees en vleesproducten en in wild en gevogelte (niet levend);115134;493399;pub_1201;Energiegebruik en processen Handel, Diensten en Overheid (HDO);57740;Aardgasgestookte installatie;115134;493399;P;10.0;;;;1.0;300.0;10.0;10.0;3.698;931154.52;115134;493398;115134;493398
1707;ER Reeks 1990-2022 Definitief;2022;204;Koolstofdioxide;T100201;SBI 10-12 (per bedrijf): Voedings- & genotmiddelenindustrie;200557;Holland Malt (Bavaria);11060;Mouterijen;250261;608613;pub_0216;Voedings- en genotmiddelenindustrie;56601;schoorsteen ketel;250746;608340;P;10.0;;;;0.3;;;;0.1;69700.0;250746;608339;250261;608612
1708;ER Reeks 1990-2022 Definitief;2022;204;Koolstofdioxide;T107600;SBI 01 (per bedrijf): Landbouw, jacht en dienstverlening voor de landbouw en jacht;204609;Leo Hoogweg BV;1134;Teelt van aardappels en overige wortel- en knolgewassen;187950;528503;pub_0105;Landbouwbedrijven;56359;Biomassa;187628;526831;P;40.0;;;;0.79;20.0;8.0;6.0;0.0;78553608.0;187628;526830;187950;528502
1709;ER Reeks 1990-2022 Definitief;2022;204;Koolstofdioxide;T151100;SBI 46/47 (per bedrijf): Detail- en groothandel;205661;Woodvision B.V.;46731;Groothandel in hout en plaatmateriaal;188580;509257;pub_1201;Energiegebruik en processen Handel, Diensten en Overheid (HDO);57090;Schoorsteen cv kantine;188689;509448;P;5.0;;;;0.1;;;;0.002;8961.0;188689;509447;188580;509256
1710;ER Reeks 1990-2022 Definitief;2022;204;Koolstofdioxide;T102700;SBI 20.15 (per bedrijf): Vervaardiging van kunstmeststoffen en stikstofverbindingen;51105;YARA Sluiskil BV;20150;Vervaardiging van kunstmeststoffen en stikstofverbindingen;47750;366500;pub_0303;Chemische Industrie kunstmeststoffen;39684;H 401;48262;366477;P;43.0;;;;6.0;170.0;6.0;38.19;7.748;367699740.0;48262;366476;47750;366499
1711;ER Reeks 1990-2022 Definitief;2022;204;Koolstofdioxide;T151100;SBI 46/47 (per bedrijf): Detail- en groothandel;51107;ARKEMA Vlissingen BV;46751;Groothandel in chemische grondstoffen en chemicaliën voor industriële toepassing;37013;386172;pub_1201;Energiegebruik en processen Handel, Diensten en Overheid (HDO);38608;Sproeidroger D&P;37000;385640;P;10.0;;;;2.0;79.0;34500.0;69000.0;1.59466666666667;3112553.0;37000;385639;37013;386171
1712;ER Reeks 1990-2022 Definitief;2022;204;Koolstofdioxide;T101100;SBI 20.1 (per bedrijf): Vervaardiging van chemische basisproducten;19073;Hexion B.V.;20160;Vervaardiging van kunststof in primaire vorm;83345;432458;pub_0301;Chemische Industrie basisproducten;39581;F-4001 (DPP productie) CDPP;82610;434138;P;30.0;;;;0.5;;;;1.67;22360963.334918;82610;434137;83345;432457
1713;ER Reeks 1990-2022 Definitief;2022;204;Koolstofdioxide;T104300;SBI 23.32 (per bedrijf): Vervaardiging van bakstenen en dakpannen;200141;BV Steenfabriek Hedikhuizen;23320;Vervaardiging van keramische producten voor de bouw (geen tegels en plavuizen);142565;416517;pub_0203;Bouwmaterialenindustrie;36557;Schoorsteen oven;142565;416517;P;30.0;;;;1.5;110.0;4.0;5.43;0.683;2143730.27755;142565;416516;142565;416516
1714;ER Reeks 1990-2022 Definitief;2022;204;Koolstofdioxide;T104200;SBI 23.2-23.4 (per bedrijf): Vervaardiging van keramische producten;200228;Gouda Refractories BV;23200;Vervaardiging van vuurvaste keramische producten;107135;447577;pub_0203;Bouwmaterialenindustrie;45919;Schoorsteen tunneloven 3;106990;447339;P;30.0;;;;0.44;220.0;7.0;3.1;0.828;295613.154150001;106990;447338;107135;447576
1715;ER Reeks 1990-2022 Definitief;2022;204;Koolstofdioxide;T100201;SBI 10-12 (per bedrijf): Voedings- & genotmiddelenindustrie;200292;T. Boer & zn.;10110;Slachterijen (geen pluimvee-);102117;441156;pub_0216;Voedings- en genotmiddelenindustrie;38428;Stookinstallatie;102104;441220;P;7.0;;;;0.15;195.0;2.0;0.316;0.074;749000.0;102104;441219;102117;441155
1716;ER Reeks 1990-2022 Definitief;2022;204;Koolstofdioxide;T102102;SBI 23 (per bedrijf): Bouwmaterialen- en glasindustrie;200376;Wienerberger Dakpanfabriek Janssen-Dings;23320;Vervaardiging van keramische producten voor de bouw (geen tegels en plavuizen);208132;372710;pub_0203;Bouwmaterialenindustrie;38096;productie dakpannen;208132;372710;P;35.0;;;;0.0;;;;1.0;10929692.0;208132;372709;208132;372709
1717;ER Reeks 1990-2022 Definitief;2022;204;Koolstofdioxide;T100600;SBI 17 (per bedrijf): Vervaardiging van papier, karton en papier- en kartonwaren;200441;Amcor Tobacco Packaging Brabant BV;17211;Vervaardiging van verpakkingsmiddelen van papier en karton;77808;391261;pub_0211;Papier(waren);43365;Divers, overig, diffuus;77808;391261;P;5.0;;;;;;;;0.0;643146.0;77808;391260;77808;391260
1718;ER Reeks 1990-2022 Definitief;2022;204;Koolstofdioxide;T100600;SBI 17 (per bedrijf): Vervaardiging van papier, karton en papier- en kartonwaren;200441;Amcor Tobacco Packaging Brabant BV;17211;Vervaardiging van verpakkingsmiddelen van papier en karton;77808;391261;pub_0211;Papier(waren);43366;Naverbrander;77808;391261;P;12.0;;;;1.23;122.0;7.0;8.77;0.0;268084.0;77808;391260;77808;391260
1719;ER Reeks 1990-2022 Definitief;2022;204;Koolstofdioxide;T100201;SBI 10-12 (per bedrijf): Voedings- & genotmiddelenindustrie;200526;Exportslachterij Clazing BV;10120;Pluimveeslachterijen;101169;445769;pub_0216;Voedings- en genotmiddelenindustrie;45035;WKK's;101264;445860;P;6.0;;;;0.03;119.0;1250.0;37.507;0.105;455000.0;101264;445859;101169;445768
1720;ER Reeks 1990-2022 Definitief;2022;204;Koolstofdioxide;T102102;SBI 23 (per bedrijf): Bouwmaterialen- en glasindustrie;65735;Steenfabriek Vogelensangh BV;23320;Vervaardiging van keramische producten voor de bouw (geen tegels en plavuizen);174820;433550;pub_0203;Bouwmaterialenindustrie;36564;Schoorsteen;174820;433550;P;35.0;;;;0.8;170.0;3.0;2.66;0.54;3423219.000000002;174820;433549;174820;433549
1721;ER Reeks 1990-2022 Definitief;2022;204;Koolstofdioxide;T102102;SBI 23 (per bedrijf): Bouwmaterialen- en glasindustrie;65777;Wienerberger Steenfabriek Kijfwaard West;23320;Vervaardiging van keramische producten voor de bouw (geen tegels en plavuizen);200098;432128;pub_0203;Bouwmaterialenindustrie;44392;Standaard steenbakkerij;200098;432128;P;50.0;;;;0.5;;;;1.0;9435066.665;200098;432127;200098;432127
1722;ER Reeks 1990-2022 Definitief;2022;204;Koolstofdioxide;T100600;SBI 17 (per bedrijf): Vervaardiging van papier, karton en papier- en kartonwaren;66220;Solidpack BV;17211;Vervaardiging van verpakkingsmiddelen van papier en karton;199900;460500;pub_0211;Papier(waren);36414;Divers, overig, diffuus;199900;460500;P;5.0;;;;0.0;;;;0.0;174348.0;199900;460499;199900;460499
1723;ER Reeks 1990-2022 Definitief;2022;204;Koolstofdioxide;T104300;SBI 23.32 (per bedrijf): Vervaardiging van bakstenen en dakpannen;66224;Wienerberger Dakpannenfabriek Narvik Deest;23320;Vervaardiging van keramische producten voor de bouw (geen tegels en plavuizen);174810;433654;pub_0203;Bouwmaterialenindustrie;36825;Ovens;174661;433666;P;35.0;;;;0.0;;;;1.0;1006092.13;174661;433665;174810;433653
1724;ER Reeks 1990-2022 Definitief;2022;204;Koolstofdioxide;T111201;SBI 38.2 (per bedrijf): Behandeling van afval;66325;Stichting Mestverwerking Gelderland SMG (KGBI Elspeet);38210;Behandeling van onschadelijk afval;180881;475989;pub_0901;AVI's;35122;Divers, overig, diffuus;180881;475989;P;5.0;;;;0.0;;;;0.0;3190000.0;180881;475988;180881;475988
1725;ER Reeks 1990-2022 Definitief;2022;204;Koolstofdioxide;T106200;SBI 25 (per bedrijf): Metaalproductenindustrie (exclusief machinebouw);69029;Galvaniseerbedrijf De Vries BV;25610;Oppervlaktebehandeling en bekleding van metaal;195880;479350;pub_0210;Metaalelektro;37203;Divers, overig, diffuus;195880;479350;P;5.0;;;;;;;;0.0;111000.0;195880;479349;195880;479349
1726;ER Reeks 1990-2022 Definitief;2022;204;Koolstofdioxide;T100201;SBI 10-12 (per bedrijf): Voedings- & genotmiddelenindustrie;114709;McCain Foods Holland BV (Lelystad);10310;Vervaardiging van aardappelproducten;164429;505923;pub_0216;Voedings- en genotmiddelenindustrie;47733;Stoomketel;164458;505966;P;13.0;;;;0.54;;;;2.1;12300000.0;164458;505965;164429;505922
1727;ER Reeks 1990-2022 Definitief;2022;204;Koolstofdioxide;T102201;SBI 19.201 (per bedrijf): Aardolieraffinage;10059;Gunvor Petroleum Europoort B.V.;19201;Aardolieraffinage;71000;439203;pub_0401;Raffinage en verwerking;47511;307-B;70945;439262;P;66.0;;;;3.9;390.0;1.0;5.55;2.694;29850098.28000005;70945;439261;71000;439202
1728;ER Reeks 1990-2022 Definitief;2022;204;Koolstofdioxide;T100201;SBI 10-12 (per bedrijf): Voedings- & genotmiddelenindustrie;12134;Archer Daniels Midland Europoort BV (ADM);10410;Vervaardiging van plantaardige en dierlijke oliën en vetten (geen margarine en andere spijsvetten);68067;441593;pub_0216;Voedings- en genotmiddelenindustrie;46833;Gasturbine 1 (26.7);68200;442200;P;30.0;;;;1.91;88.0;;26.0;2.4674;44100000.0;68200;442199;68067;441592
1729;ER Reeks 1990-2022 Definitief;2022;204;Koolstofdioxide;T106200;SBI 25 (per bedrijf): Metaalproductenindustrie (exclusief machinebouw);203284;Staalstraal Brabant BV;25610;Oppervlaktebehandeling en bekleding van metaal;118320;408760;pub_0210;Metaalelektro;42708;Divers, overig, diffuus;118320;408760;P;5.0;;;;;;;;0.0;467036.087925;118320;408759;118320;408759
1730;ER Reeks 1990-2022 Definitief;2022;204;Koolstofdioxide;T108500;SBI 35 (per bedrijf): Productie en distributie van elektriciteit en gas;203273;RWE Eemshaven Holding BV;35111;Productie van elektriciteit door thermische, kern- en warmtekrachtcentrales;252795;607838;pub_0503;Opwekking electriciteit;46783;Schoorsteen Blok B;252978;606921;P;120.0;;;;50.0;52.0;11.0;565.0;29.018;3048929178.3284206;252978;606920;252795;607837
1731;ER Reeks 1990-2022 Definitief;2022;204;Koolstofdioxide;T108400;SBI 30.1 (per bedrijf): Scheepsbouw;202935;Alblasserdam Yachtbuilding B.V. (Oceanco);30120;Bouw van sport- en recreatievaartuigen;104638;430413;pub_0210;Metaalelektro;47390;Emissiepunt van stookinstallaties Hal II;104719;430312;P;35.0;;;;0.2;14.0;5.0;1.0;0.003;271000.0;104719;430311;104638;430412
1732;ER Reeks 1990-2022 Definitief;2022;204;Koolstofdioxide;T103900;SBI 49-53 (per bedrijf): Transport, communicatie;11090;Odfjell Terminals (Rotterdam) BV;52101;Opslag in tanks;81505;432967;pub_1201;Energiegebruik en processen Handel, Diensten en Overheid (HDO);48061;Ketel 13;81218;433272;P;20.0;;;;0.0;;;;0.28;742000.0;81218;433271;81505;432966
1733;ER Reeks 1990-2022 Definitief;2022;204;Koolstofdioxide;T102800;SBI 20.16 (per bedrijf): Vervaardiging van kunststof in primaire vorm;62;Chemelot Site Permit BV;20160;Vervaardiging van kunststof in primaire vorm;183732;332404;pub_0301;Chemische Industrie basisproducten;61189;AFA OCI 2.2 AFSCHEIDER V-203;183718;333249;P;30.0;;;;0.6;70.0;;0.94361;0.067468115;58579541.0;183718;333248;183732;332403
1734;ER Reeks 1990-2022 Definitief;2022;204;Koolstofdioxide;T101100;SBI 20.1 (per bedrijf): Vervaardiging van chemische basisproducten;62;Chemelot Site Permit BV;20160;Vervaardiging van kunststof in primaire vorm;183732;332404;pub_0301;Chemische Industrie basisproducten;61319;LD2 Borealis 3 OVEN F1801 STRAAT 1;183380;330020;P;25.0;;;;0.46;440.0;;1.0;0.5525;3842834.0;183380;330019;183732;332403
1735;ER Reeks 1990-2022 Definitief;2022;204;Koolstofdioxide;T102501;SBI 20.141 (per bedrijf): Vervaardiging van petrochemische producten;51104;Dow Benelux BV (Hoek);20141;Vervaardiging van petrochemische producten;43193;373788;pub_0301;Chemische Industrie basisproducten;61768;Hoppers/Blender/Reactie tr 1-4 LDPE;43197;373733;P;16.0;;;;1.0;;;;0.001;205825.95;43197;373732;43193;373787
1736;ER Reeks 1990-2022 Definitief;2022;204;Koolstofdioxide;T102501;SBI 20.141 (per bedrijf): Vervaardiging van petrochemische producten;51104;Dow Benelux BV (Hoek);20141;Vervaardiging van petrochemische producten;43193;373788;pub_0301;Chemische Industrie basisproducten;61778;Procesemissies overige afdelingen;43302;373745;P;5.0;;;;0.0;;;;0.001;316000.0;43302;373744;43193;373787
1737;ER Reeks 1990-2022 Definitief;2022;204;Koolstofdioxide;T103200;SBI 20.4 (per bedrijf): Vervaardiging was- en schoonmaakmiddelen, parfums en cosmetica;61599;Zeepfabriek De Klok BV;20410;Vervaardiging van zeep en wasmiddelen, poets- en reinigingsmiddelen;198900;489900;pub_0304;Chemische Industrie overig;60558;Stoomketel KE1135;199286;489310;P;14.0;;;;0.102;;;;0.0275;216269.719725;199286;489309;198900;489899
1738;ER Reeks 1990-2022 Definitief;2022;204;Koolstofdioxide;T100201;SBI 10-12 (per bedrijf): Voedings- & genotmiddelenindustrie;82002;FrieslandCampina Domo (Beilen);10510;Vervaardiging van zuivelproducten (geen consumptie-ijs);231300;541530;pub_0216;Voedings- en genotmiddelenindustrie;61791;Nood diesel ketel;231300;541530;P;10.0;;;;1.0;193.4;6.0;5.5;1.281;28900.0;231300;541529;231300;541529
1739;ER Reeks 1990-2022 Definitief;2022;204;Koolstofdioxide;T103601;SBI 23.1 (per bedrijf): Vervaardiging van glas en glaswerk;101405;Electric Glass Fiber NL BV;23140;Vervaardiging van glasvezels;241450;577380;pub_0203;Bouwmaterialenindustrie;59266;609 Refiner;241441;577516;P;24.0;;;;0.38;;;;0.532;1900210.8405;241441;577515;241450;577379
1740;ER Reeks 1990-2022 Definitief;2022;204;Koolstofdioxide;T103002;SBI 30 (per bedrijf): Overige transportmiddelen;202159;Fokker Aerostructures BV;30300;Vervaardiging van vliegtuigen en onderdelen daarvoor;106240;426515;pub_0210;Metaalelektro;59285;N73006;106235;426436;P;7.0;;;;0.01;45.4;1.0;0.006;0.00023712;86273.16;106235;426435;106240;426514
1741;ER Reeks 1990-2022 Definitief;2022;204;Koolstofdioxide;T103002;SBI 30 (per bedrijf): Overige transportmiddelen;202159;Fokker Aerostructures BV;30300;Vervaardiging van vliegtuigen en onderdelen daarvoor;106240;426515;pub_0210;Metaalelektro;59288;BJM-AAA-95;105909;426830;P;10.0;;;;0.2;65.0;0.0;0.015;0.001;86273.16;105909;426829;106240;426514
1742;ER Reeks 1990-2022 Definitief;2022;204;Koolstofdioxide;T151100;SBI 46/47 (per bedrijf): Detail- en groothandel;204650;Ferdinand Zandbergen BV;46320;Groothandel in vlees en vleesproducten en in wild en gevogelte (niet levend);159114;455450;pub_1201;Energiegebruik en processen Handel, Diensten en Overheid (HDO);55292;stook1;159114;455450;P;4.0;;;;0.5;56.0;4.0;2.0;0.113;91000.0;159114;455449;159114;455449
1743;ER Reeks 1990-2022 Definitief;2022;204;Koolstofdioxide;T103100;SBI 21.1 (per bedrijf): Vervaardiging van farmaceutische producten;205497;Merck Sharp & Dohme BV (Moleneind);21100;Vervaardiging van farmaceutische grondstoffen;164884;419360;pub_0304;Chemische Industrie overig;59633;stookinstallaties;164862;419430;P;15.0;;;;0.14522;69.85;4.0;0.547;0.041;4421883.0;164862;419429;164884;419359
1744;ER Reeks 1990-2022 Definitief;2022;204;Koolstofdioxide;T101100;SBI 20.1 (per bedrijf): Vervaardiging van chemische basisproducten;206263;Delrin Netherlands B.V.;20160;Vervaardiging van kunststof in primaire vorm;109230;425690;pub_0301;Chemische Industrie basisproducten;61821;Delrin Fakkel anaerobe waterzuivering;109475;425903;P;6.0;;;;1.1;;;;0.001;580976.0;109475;425902;109230;425689
1745;ER Reeks 1990-2022 Definitief;2022;204;Koolstofdioxide;T102800;SBI 20.16 (per bedrijf): Vervaardiging van kunststof in primaire vorm;206263;Delrin Netherlands B.V.;20160;Vervaardiging van kunststof in primaire vorm;109230;425690;pub_0301;Chemische Industrie basisproducten;61823;Formaldehyde plant ECS noord;109842;425606;P;33.0;;;;0.283;;;;0.001;3877824.075;109842;425605;109230;425689
1746;ER Reeks 1990-2022 Definitief;2022;204;Koolstofdioxide;T101100;SBI 20.1 (per bedrijf): Vervaardiging van chemische basisproducten;62;Chemelot Site Permit BV;20160;Vervaardiging van kunststof in primaire vorm;183732;332404;pub_0301;Chemische Industrie basisproducten;61282;CENTRA USG 11 INCINERATOR (TBV EPT3);183605;330070;P;45.0;;;;1.5;144.0;;6.76;1.133652;439395.0;183605;330069;183732;332403
1747;ER Reeks 1990-2022 Definitief;2022;204;Koolstofdioxide;T101100;SBI 20.1 (per bedrijf): Vervaardiging van chemische basisproducten;62;Chemelot Site Permit BV;20160;Vervaardiging van kunststof in primaire vorm;183732;332404;pub_0301;Chemische Industrie basisproducten;61285;CENTRA USG 14 F3800;183610;330125;P;40.0;;;;2.1;116.0;;12.535;1.6458455;25530653.0;183610;330124;183732;332403
1748;ER Reeks 1990-2022 Definitief;2022;204;Koolstofdioxide;T101100;SBI 20.1 (per bedrijf): Vervaardiging van chemische basisproducten;62;Chemelot Site Permit BV;20160;Vervaardiging van kunststof in primaire vorm;183732;332404;pub_0301;Chemische Industrie basisproducten;61287;CENTRA USG 4 SCHOORSTEEN F-3500/1 (F-3500);184035;332220;P;120.0;;;;3.0;110.0;;15.74333;1.944301255;60450705.0;184035;332219;183732;332403
1749;ER Reeks 1990-2022 Definitief;2022;204;Koolstofdioxide;T101100;SBI 20.1 (per bedrijf): Vervaardiging van chemische basisproducten;62;Chemelot Site Permit BV;20160;Vervaardiging van kunststof in primaire vorm;183732;332404;pub_0301;Chemische Industrie basisproducten;61433;NF2 OCI 6d DOLOMIETFILTER 4;183780;332366;P;44.0;;;;0.6;87.0;;4.55556;0.426400416;1156000.0;183780;332365;183732;332403
1750;ER Reeks 1990-2022 Definitief;2022;204;Koolstofdioxide;T101100;SBI 20.1 (per bedrijf): Vervaardiging van chemische basisproducten;62;Chemelot Site Permit BV;20160;Vervaardiging van kunststof in primaire vorm;183732;332404;pub_0301;Chemische Industrie basisproducten;61467;OCI-OMM OCI-OMM E1 SCHOORSTEEN ZOUTOVEN A3703;183575;332435;P;50.0;;;;0.65;150.0;;3.03444;0.53254422;4447000.0;183575;332434;183732;332403
1751;ER Reeks 1990-2022 Definitief;2022;204;Koolstofdioxide;T102800;SBI 20.16 (per bedrijf): Vervaardiging van kunststof in primaire vorm;62;Chemelot Site Permit BV;20160;Vervaardiging van kunststof in primaire vorm;183732;332404;pub_0301;Chemische Industrie basisproducten;61481;Olefins 3 SABIC 14 Ontkolen Kraakovens;183797;329616;P;35.0;;;;0.4;;;;0.0;252000.0;183797;329615;183732;332403
1752;ER Reeks 1990-2022 Definitief;2022;204;Koolstofdioxide;T102800;SBI 20.16 (per bedrijf): Vervaardiging van kunststof in primaire vorm;62;Chemelot Site Permit BV;20160;Vervaardiging van kunststof in primaire vorm;183732;332404;pub_0301;Chemische Industrie basisproducten;61484;Olefins 3 SABIC 17 R531 A / B;183595;329679;P;19.0;;;;0.4;;;;0.0;920.0;183595;329678;183732;332403
1753;ER Reeks 1990-2022 Definitief;2022;204;Koolstofdioxide;T102800;SBI 20.16 (per bedrijf): Vervaardiging van kunststof in primaire vorm;62;Chemelot Site Permit BV;20160;Vervaardiging van kunststof in primaire vorm;183732;332404;pub_0301;Chemische Industrie basisproducten;61498;Olefins 4 SABIC 14 REGENEREER/ACTIVEER OVEN;183900;330930;P;60.0;;;;1.0;550.0;;0.63889;0.444347995;2261000.0;183900;330929;183732;332403
1754;ER Reeks 1990-2022 Definitief;2022;204;Koolstofdioxide;T100600;SBI 17 (per bedrijf): Vervaardiging van papier, karton en papier- en kartonwaren;24606;BN International BV;17240;Vervaardiging van behangselpapier;145000;479450;pub_0211;Papier(waren);48072;Schoorsteen 4a;145144;479491;P;15.0;;;;0.44179;;;;0.082;1793823.932475;145144;479490;145000;479449
1755;ER Reeks 1990-2022 Definitief;2022;204;Koolstofdioxide;T108500;SBI 35 (per bedrijf): Productie en distributie van elektriciteit en gas;44004;RWE Generation NL B.V.;35111;Productie van elektriciteit door thermische, kern- en warmtekrachtcentrales;117446;413372;pub_0503;Opwekking electriciteit;48064;Hulpketels KHAM;117237;413548;P;14.0;;;;3.196;181.0;3.0;10.98;2.383;13300000.0;117237;413547;117446;413371
1756;ER Reeks 1990-2022 Definitief;2022;204;Koolstofdioxide;T107200;SBI 41-43 (per bedrijf): Bouwnijverheid;61424;Veolia Industriediensten BV;43210;Elektrotechnische bouwinstallatie;193118;442151;pub_0802;Overig bouw;48079;K10;193777;442351;P;7.0;;;;0.07;229.0;2.0;0.12;0.033;526042.9;193777;442350;193118;442150
1757;ER Reeks 1990-2022 Definitief;2022;204;Koolstofdioxide;T100201;SBI 10-12 (per bedrijf): Voedings- & genotmiddelenindustrie;66239;Mead Johnson BV;10860;Vervaardiging van gehomogeniseerde voedingspreparaten en dieetvoeding;184009;428432;pub_0216;Voedings- en genotmiddelenindustrie;49632;afvoer CV66200;183972;428528;P;14.0;0.0;0.0;0.0;0.1;104.0;4.0;0.4;0.047;1349000.0;183972;428527;184009;428431
1758;ER Reeks 1990-2022 Definitief;2022;204;Koolstofdioxide;T100201;SBI 10-12 (per bedrijf): Voedings- & genotmiddelenindustrie;66239;Mead Johnson BV;10860;Vervaardiging van gehomogeniseerde voedingspreparaten en dieetvoeding;184009;428432;pub_0216;Voedings- en genotmiddelenindustrie;49635;Sproeidroger NIRO B;183953;428426;P;30.0;0.0;0.0;0.0;0.5;88.0;1.0;0.62;0.061;1370000.0;183953;428425;184009;428431
1759;ER Reeks 1990-2022 Definitief;2022;204;Koolstofdioxide;T101100;SBI 20.1 (per bedrijf): Vervaardiging van chemische basisproducten;10016;Climax Molybdenum BV;20120;Vervaardiging van kleurstoffen en pigmenten;76600;433310;pub_0301;Chemische Industrie basisproducten;48217;Roostfabriek - stofvanger briketplant warm;76628;433298;P;25.0;;;;0.22;;;;0.001;166391.0;76628;433297;76600;433309
1760;ER Reeks 1990-2022 Definitief;2022;204;Koolstofdioxide;T102201;SBI 19.201 (per bedrijf): Aardolieraffinage;10058;BP Rotterdam Refinery;19201;Aardolieraffinage;67036;440390;pub_0401;Raffinage en verwerking;54216;Fakkel-03 FCCU;67100;440670;P;92.0;;;;0.65;;;;7.4;7372506.13858329;67100;440669;67036;440389
1761;ER Reeks 1990-2022 Definitief;2022;204;Koolstofdioxide;T102201;SBI 19.201 (per bedrijf): Aardolieraffinage;10058;BP Rotterdam Refinery;19201;Aardolieraffinage;67036;440390;pub_0401;Raffinage en verwerking;54222;Stack 06  SG1004;66959;439941;P;55.0;;;;3.0;;;;5.15;88529264.2002147;66959;439940;67036;440389
1762;ER Reeks 1990-2022 Definitief;2022;204;Koolstofdioxide;T102201;SBI 19.201 (per bedrijf): Aardolieraffinage;10058;BP Rotterdam Refinery;19201;Aardolieraffinage;67036;440390;pub_0401;Raffinage en verwerking;54225;Stack 09   CRF stack ;66928;439971;P;65.0;;;;7.0;;;;7.85;125361786.781926;66928;439970;67036;440389
1763;ER Reeks 1990-2022 Definitief;2022;204;Koolstofdioxide;T102201;SBI 19.201 (per bedrijf): Aardolieraffinage;10058;BP Rotterdam Refinery;19201;Aardolieraffinage;67036;440390;pub_0401;Raffinage en verwerking;54230;Stack 16  2H4501;67377;440268;P;37.0;;;;0.8;;;;0.71;6190094.12964778;67377;440267;67036;440389
1764;ER Reeks 1990-2022 Definitief;2022;204;Koolstofdioxide;T103100;SBI 21.1 (per bedrijf): Vervaardiging van farmaceutische producten;205498;Merck Sharp & Dohme BV (De Geer);21100;Vervaardiging van farmaceutische grondstoffen;166567;421525;pub_0304;Chemische Industrie overig;48703;SB1;166662;421907;P;12.0;;;;0.5;100.0;0.0;0.076;0.009;43230.5;166662;421906;166567;421524
1765;ER Reeks 1990-2022 Definitief;2022;204;Koolstofdioxide;T103100;SBI 21.1 (per bedrijf): Vervaardiging van farmaceutische producten;205498;Merck Sharp & Dohme BV (De Geer);21100;Vervaardiging van farmaceutische grondstoffen;166567;421525;pub_0304;Chemische Industrie overig;48704;SB2;166661;421899;P;12.0;;;;0.5;100.0;0.0;0.076;0.009;43230.5;166661;421898;166567;421524
1766;ER Reeks 1990-2022 Definitief;2022;204;Koolstofdioxide;T100600;SBI 17 (per bedrijf): Vervaardiging van papier, karton en papier- en kartonwaren;64335;Stora Enso De Hoop B.V.;17212;Vervaardiging van golfpapier en -karton;200743;456801;pub_0211;Papier(waren);49878;Schoorsteen BU7;200743;456801;P;4.0;;;;0.8;;;;1.3;1041366.0;200743;456800;200743;456800
1767;ER Reeks 1990-2022 Definitief;2022;204;Koolstofdioxide;T106100;SBI 22.2 (per bedrijf): Vervaardiging van producten van kunststof;64633;Recticel  BV (Kesteren);22210;Vervaardiging van platen, folie, buizen en profielen van kunststof;168800;438250;pub_0213;Rubber- en kunstofverw. Industrie;54194;LBK gebouw AA;168624;443831;P;24.0;;;;0.0;;;;0.01;165760.0;168624;443830;168800;438249
1768;ER Reeks 1990-2022 Definitief;2022;204;Koolstofdioxide;T100600;SBI 17 (per bedrijf): Vervaardiging van papier, karton en papier- en kartonwaren;66248;Loparex BV;17129;Vervaardiging van papier en karton (geen grafisch en niet voor verpakking);193050;467151;pub_0211;Papier(waren);48592;Naverbrander CM4 per 1-7-2017;193136;467354;P;17.0;;;;1.33;135.0;7.0;9.8;1.548;1510966.293012;193136;467353;193050;467150
1769;ER Reeks 1990-2022 Definitief;2022;204;Koolstofdioxide;T100201;SBI 10-12 (per bedrijf): Voedings- & genotmiddelenindustrie;9013;DIS BV;11070;Vervaardiging van frisdranken, productie van mineraalwater en overig gebotteld water;189088;336292;pub_0216;Voedings- en genotmiddelenindustrie;48655;Divers, overig, diffuus;189088;336292;P;5.0;;;;;;;;0.0;1402931.0;189088;336291;189088;336291
1770;ER Reeks 1990-2022 Definitief;2022;204;Koolstofdioxide;T107201;SBI 85-88 (per bedrijf): Onderwijs en gezondheids- en welzijnszorg;202867;Vrije Universiteit Amsterdam;85420;Universitair hoger onderwijs;119190;483110;pub_1201;Energiegebruik en processen Handel, Diensten en Overheid (HDO);45195;schoorsteen;119225;483025;P;60.0;;;;52831428.0;200.0;19.0;10.0;2.414;22497306.0;119225;483024;119190;483109
1771;ER Reeks 1990-2022 Definitief;2022;204;Koolstofdioxide;T111300;SBI 37 (per bedrijf): Afvalwaterinzameling en -behandeling;205588;Van der Velden Rioleringsbeheer Buren B.V.;37000;Afvalwaterinzameling en -behandeling;141073;446275;pub_1102;Energiegebruik en processen Riolering en waterzuiveringsinstallaties;56273;Fakkel;140772;446201;P;4.0;;;;28.0;850.0;0.0;0.008;0.009;16360.0;140772;446200;141073;446274
1772;ER Reeks 1990-2022 Definitief;2022;204;Koolstofdioxide;T104201;SBI 38.2 (per bedrijf): Afvalinzameling/beh, AVI's;205802;Empyro B.V.;38210;Behandeling van onschadelijk afval;250809;474049;pub_0901;AVI's;56132;Schoorsteen Empyro;250841;474084;P;27.0;;;;61.0;190.0;9.0;5.28;1.207;14799999.99999996;250841;474083;250809;474048
1773;ER Reeks 1990-2022 Definitief;2022;204;Koolstofdioxide;T100201;SBI 10-12 (per bedrijf): Voedings- & genotmiddelenindustrie;22012;CONO Kaasmakers (Middenbeemster);10510;Vervaardiging van zuivelproducten (geen consumptie-ijs);120220;507805;pub_0216;Voedings- en genotmiddelenindustrie;55732;Prokal HK18 stoomketel;120248;507746;P;8.0;;;;0.0;;;;2.2;58425.0;120248;507745;120220;507804
1774;ER Reeks 1990-2022 Definitief;2022;204;Koolstofdioxide;T100201;SBI 10-12 (per bedrijf): Voedings- & genotmiddelenindustrie;42834;Rendac Son BV;10910;Vervaardiging van veevoeders;159100;390650;pub_0216;Voedings- en genotmiddelenindustrie;55837;Hoge druk stoomunit SKL4030E;159100;390650;P;10.0;;;;3.0;;;;0.07;467548.0;159100;390649;159100;390649
1775;ER Reeks 1990-2022 Definitief;2022;204;Koolstofdioxide;T100201;SBI 10-12 (per bedrijf): Voedings- & genotmiddelenindustrie;66239;Mead Johnson BV;10860;Vervaardiging van gehomogeniseerde voedingspreparaten en dieetvoeding;184009;428432;pub_0216;Voedings- en genotmiddelenindustrie;54773;Stoomketel F802;186070;429270;P;20.0;;;;28.0;80.0;6.0;1.64;0.0;2390000.0;186070;429269;184009;428431
1776;ER Reeks 1990-2022 Definitief;2022;204;Koolstofdioxide;T101100;SBI 20.1 (per bedrijf): Vervaardiging van chemische basisproducten;10006;Shell Nederland Chemie BV (Pernis);20141;Vervaardiging van petrochemische producten;84625;433319;pub_0301;Chemische Industrie basisproducten;55814;CVP Pirolo VCU;85217;433546;P;20.0;;;;3.0;;;;1.0;384007.0;85217;433545;84625;433318
1777;ER Reeks 1990-2022 Definitief;2022;204;Koolstofdioxide;T102201;SBI 19.201 (per bedrijf): Aardolieraffinage;10057;Shell Nederland Raffinaderij BV;19201;Aardolieraffinage;82574;432924;pub_0401;Raffinage en verwerking;55841;VCU IMF tanks;85579;432755;P;9.0;;;;4.0;;;;4.5;482000.0;85579;432754;82574;432923
1778;ER Reeks 1990-2022 Definitief;2022;204;Koolstofdioxide;T137300;SBI 26/27 (per bedrijf): Elektrotechnische industrie;10089;Prysmian Netherlands B.V.;27320;Vervaardiging van overige elektrische en elektronische kabel;84750;445750;pub_0210;Metaalelektro;55839;Heaters;84446;445122;P;7.0;;;;1.0;200.0;5.0;0.5;0.121;587000.0;84446;445121;84750;445749
1779;ER Reeks 1990-2022 Definitief;2022;204;Koolstofdioxide;T106100;SBI 22.2 (per bedrijf): Vervaardiging van producten van kunststof;104611;Schur Flexible Benelux BV;22220;Vervaardiging van verpakkingsmiddelen van kunststof;222100;575550;pub_0213;Rubber- en kunstofverw. Industrie;55675;Naverbrander Brofind;220931;577639;P;12.0;;;;1.0;;;;0.9;241800.0;220931;577638;222100;575549
1780;ER Reeks 1990-2022 Definitief;2022;204;Koolstofdioxide;T100201;SBI 10-12 (per bedrijf): Voedings- & genotmiddelenindustrie;114785;Romi Smilfood BV (Heerenveen);10420;Vervaardiging van margarine en overige spijsvetten;193000;549500;pub_0216;Voedings- en genotmiddelenindustrie;54172;Viessman CV ketel 720 kW (tankenpark);193000;549499;P;10.0;;;;5.0;;;;0.004;69000.0;193000;549498;193000;549499
1781;ER Reeks 1990-2022 Definitief;2022;204;Koolstofdioxide;T100201;SBI 10-12 (per bedrijf): Voedings- & genotmiddelenindustrie;62928;Cêlavita B.V.;10310;Vervaardiging van aardappelproducten;196282;496234;pub_0216;Voedings- en genotmiddelenindustrie;49052;Stoomketel 4;196211;496228;P;12.0;;;;0.38;145.0;3.0;1.0;0.171;2200000.0;196211;496227;196282;496233
1782;ER Reeks 1990-2022 Definitief;2022;204;Koolstofdioxide;T101100;SBI 20.1 (per bedrijf): Vervaardiging van chemische basisproducten;10016;Climax Molybdenum BV;20120;Vervaardiging van kleurstoffen en pigmenten;76600;433310;pub_0301;Chemische Industrie basisproducten;49357;Stoomketel;76567;433286;P;10.0;0.0;0.0;0.0;0.13;108.0;3.0;0.33;0.041;2106453.0;76567;433285;76600;433309
1783;ER Reeks 1990-2022 Definitief;2022;204;Koolstofdioxide;T100600;SBI 17 (per bedrijf): Vervaardiging van papier, karton en papier- en kartonwaren;201639;Smurfit Kappa Solid Board KM4 (Oude Pekela);17121;Vervaardiging van grafisch papier en karton;262197;568546;pub_0211;Papier(waren);49412;Schoorsteen generator;262100;568501;P;2.0;0.0;0.0;0.0;0.008;120.0;15.0;0.12;0.017;84.56;262100;568500;262197;568545
1784;ER Reeks 1990-2022 Definitief;2022;204;Koolstofdioxide;T151100;SBI 46/47 (per bedrijf): Detail- en groothandel;202990;Alco Energy Rotterdam;46712;Groothandel in vloeibare en gasvormige brandstoffen;72210;438230;pub_1201;Energiegebruik en processen Handel, Diensten en Overheid (HDO);49413;Anti-icing boiler;72007;438115;P;11.0;0.0;0.0;0.0;0.1;130.0;1.0;0.1;0.015;31976.7637448362;72007;438114;72210;438229
1785;ER Reeks 1990-2022 Definitief;2022;204;Koolstofdioxide;T103100;SBI 21.1 (per bedrijf): Vervaardiging van farmaceutische producten;204062;Intervet Schering-Plough Animal Health (De Bilt);21200;Vervaardiging van farmaceutische producten (geen grondstoffen);141194;457889;pub_0304;Chemische Industrie overig;49417;BB001 32034;141194;457889;P;6.0;0.0;0.0;0.0;0.05;;;;0.261;31800.0;141194;457888;141194;457888
1786;ER Reeks 1990-2022 Definitief;2022;204;Koolstofdioxide;T100600;SBI 17 (per bedrijf): Vervaardiging van papier, karton en papier- en kartonwaren;24302;Crown van Gelder N.V.;17121;Vervaardiging van grafisch papier en karton;103980;497960;pub_0211;Papier(waren);49895;Thermische olieketel softcalander PM2 vanaf 2018;103980;497960;P;20.0;0.0;0.0;0.0;0.0;;;;0.07;617860.0;103980;497959;103980;497959
1787;ER Reeks 1990-2022 Definitief;2022;204;Koolstofdioxide;T101100;SBI 20.1 (per bedrijf): Vervaardiging van chemische basisproducten;41102;Allnex Netherlands B.V.;20160;Vervaardiging van kunststof in primaire vorm;77249;391375;pub_0301;Chemische Industrie basisproducten;49518;Marlothermfornuis HT-17;77365;391311;P;15.0;0.0;0.0;0.0;0.6;;;;0.003;17187.0;77365;391310;77249;391374
1788;ER Reeks 1990-2022 Definitief;2022;204;Koolstofdioxide;T101100;SBI 20.1 (per bedrijf): Vervaardiging van chemische basisproducten;51104;Dow Benelux BV (Hoek);20141;Vervaardiging van petrochemische producten;43193;373788;pub_0301;Chemische Industrie basisproducten;38501;STACK BA-113 + BA-114 LE1;43031;373954;P;62.0;;;;2.25;;;;0.138;43691420.0;43031;373953;43193;373787
1789;ER Reeks 1990-2022 Definitief;2022;204;Koolstofdioxide;T101100;SBI 20.1 (per bedrijf): Vervaardiging van chemische basisproducten;51104;Dow Benelux BV (Hoek);20141;Vervaardiging van petrochemische producten;43193;373788;pub_0301;Chemische Industrie basisproducten;38504;STACK BA-115 + BA-116 LE1;43051;373980;P;62.0;;;;2.25;;;;0.138;60319042.0;43051;373979;43193;373787
1790;ER Reeks 1990-2022 Definitief;2022;204;Koolstofdioxide;T101100;SBI 20.1 (per bedrijf): Vervaardiging van chemische basisproducten;51104;Dow Benelux BV (Hoek);20141;Vervaardiging van petrochemische producten;43193;373788;pub_0301;Chemische Industrie basisproducten;38511;STACK BA-236 LE2;42818;374010;P;30.0;;;;0.95;;;;0.276;2572759.0;42818;374009;43193;373787
1791;ER Reeks 1990-2022 Definitief;2022;204;Koolstofdioxide;T101100;SBI 20.1 (per bedrijf): Vervaardiging van chemische basisproducten;51104;Dow Benelux BV (Hoek);20141;Vervaardiging van petrochemische producten;43193;373788;pub_0301;Chemische Industrie basisproducten;38516;STACK CF191 LE13;42629;373589;P;40.0;;;;4.0;;;;1.191;9903000.0;42629;373588;43193;373787
1792;ER Reeks 1990-2022 Definitief;2022;204;Koolstofdioxide;T101100;SBI 20.1 (per bedrijf): Vervaardiging van chemische basisproducten;51104;Dow Benelux BV (Hoek);20141;Vervaardiging van petrochemische producten;43193;373788;pub_0301;Chemische Industrie basisproducten;38520;STACK FORN. B601-B201  LE14;43738;373499;P;25.0;;;;1.17;;;;0.04;4436000.0;43738;373498;43193;373787
1793;ER Reeks 1990-2022 Definitief;2022;204;Koolstofdioxide;T102102;SBI 23 (per bedrijf): Bouwmaterialen- en glasindustrie;64713;Wienerberger Steenfabriek Schipperswaard;23320;Vervaardiging van keramische producten voor de bouw (geen tegels en plavuizen);161250;433720;pub_0203;Bouwmaterialenindustrie;44381;Standaard steenbakkerij;161250;433720;P;32.0;;;;0.0;;;;1.0;6786818.67;161250;433719;161250;433719
1794;ER Reeks 1990-2022 Definitief;2022;204;Koolstofdioxide;T104300;SBI 23.32 (per bedrijf): Vervaardiging van bakstenen en dakpannen;64715;Wienerberger Steenfabriek Erlecom;23320;Vervaardiging van keramische producten voor de bouw (geen tegels en plavuizen);194676;429274;pub_0203;Bouwmaterialenindustrie;44382;Standaard steenbakkerij;194676;429274;P;29.0;;;;0.5;;;;1.0;4535697.942;194676;429273;194676;429273
1795;ER Reeks 1990-2022 Definitief;2022;204;Koolstofdioxide;T104300;SBI 23.32 (per bedrijf): Vervaardiging van bakstenen en dakpannen;64718;Rodruza Steenfabriek de Zandberg;23320;Vervaardiging van keramische producten voor de bouw (geen tegels en plavuizen);195162;430027;pub_0203;Bouwmaterialenindustrie;36579;ovens;195162;430027;P;50.0;;;;1.5;150.0;4.0;6.48;1.148;1327178.1;195162;430026;195162;430026
1796;ER Reeks 1990-2022 Definitief;2022;204;Koolstofdioxide;T102201;SBI 19.201 (per bedrijf): Aardolieraffinage;12177;VPR Energy B.V.;19201;Aardolieraffinage;74500;436400;pub_0401;Raffinage en verwerking;41699;Fakkel;74493;436373;P;20.0;;;;0.0;;;;0.6;541945.0000000001;74493;436372;74500;436399
1797;ER Reeks 1990-2022 Definitief;2022;204;Koolstofdioxide;T102102;SBI 23 (per bedrijf): Bouwmaterialen- en glasindustrie;151;O-I Manufacturing Netherlands BV (Maastricht);23130;Vervaardiging van holglas;177322;318844;pub_0203;Bouwmaterialenindustrie;8749;Afvoer feeders + koelovens;177350;318820;P;25.0;;;;0.0;;;;0.0;10859616.0;177350;318819;177322;318843
1798;ER Reeks 1990-2022 Definitief;2022;204;Koolstofdioxide;T101100;SBI 20.1 (per bedrijf): Vervaardiging van chemische basisproducten;19071;Botlek VCM Plant;20160;Vervaardiging van kunststof in primaire vorm;78610;431979;pub_0301;Chemische Industrie basisproducten;38032;Kraakfornuizen;78656;432149;P;25.0;;;;1.3;;;;1.6;89211000.9;78656;432148;78610;431978
1799;ER Reeks 1990-2022 Definitief;2022;204;Koolstofdioxide;T102800;SBI 20.16 (per bedrijf): Vervaardiging van kunststof in primaire vorm;19071;Botlek VCM Plant;20160;Vervaardiging van kunststof in primaire vorm;78610;431979;pub_0301;Chemische Industrie basisproducten;38034;Oxyrelief systeem;78656;432149;P;32.0;;;;0.2;;;;0.2;52400.0;78656;432148;78610;431978
1800;ER Reeks 1990-2022 Definitief;2022;204;Koolstofdioxide;T102102;SBI 23 (per bedrijf): Bouwmaterialen- en glasindustrie;64741;Wienerberger Steenfabriek Kijfwaard Oost;23320;Vervaardiging van keramische producten voor de bouw (geen tegels en plavuizen);201171;431942;pub_0203;Bouwmaterialenindustrie;44387;Standaard steenbakkerij;201171;431942;P;50.0;;;;0.5;;;;1.0;10085285.7;201171;431941;201171;431941
1801;ER Reeks 1990-2022 Definitief;2022;204;Koolstofdioxide;T104300;SBI 23.32 (per bedrijf): Vervaardiging van bakstenen en dakpannen;64741;Wienerberger Steenfabriek Kijfwaard Oost;23320;Vervaardiging van keramische producten voor de bouw (geen tegels en plavuizen);201171;431942;pub_0203;Bouwmaterialenindustrie;44387;Standaard steenbakkerij;201171;431942;P;50.0;;;;0.5;;;;1.0;2299306.98;201171;431941;201171;431941
1802;ER Reeks 1990-2022 Definitief;2022;204;Koolstofdioxide;T100201;SBI 10-12 (per bedrijf): Voedings- & genotmiddelenindustrie;42034;FrieslandCampina Veghel (DMV International);10510;Vervaardiging van zuivelproducten (geen consumptie-ijs);164550;402920;pub_0216;Voedings- en genotmiddelenindustrie;36124;E34 (brander);164650;402900;P;30.0;;;;0.0;;;;0.127;8214832.0;164650;402899;164550;402919
1803;ER Reeks 1990-2022 Definitief;2022;204;Koolstofdioxide;T100201;SBI 10-12 (per bedrijf): Voedings- & genotmiddelenindustrie;42034;FrieslandCampina Veghel (DMV International);10510;Vervaardiging van zuivelproducten (geen consumptie-ijs);164550;402920;pub_0216;Voedings- en genotmiddelenindustrie;36133;KETEL 18;164550;402950;P;11.0;;;;0.0;;;;0.322;5691808.0;164550;402949;164550;402919
1804;ER Reeks 1990-2022 Definitief;2022;204;Koolstofdioxide;T104704;SBI 24.45 (per bedrijf) Vervaardiging van overige non-ferrometalen, koper;63012;Aurubis Netherlands B.V.;24440;Vervaardiging van koper;211100;463650;pub_0201;Basismetaal;49441;Passiveertank bandoven 1;211073;463657;P;16.0;0.0;0.0;0.0;0.2;36.0;1.0;0.19;0.006;222034.0;211073;463656;211100;463649
1805;ER Reeks 1990-2022 Definitief;2022;204;Koolstofdioxide;T104704;SBI 24.45 (per bedrijf) Vervaardiging van overige non-ferrometalen, koper;63012;Aurubis Netherlands B.V.;24440;Vervaardiging van koper;211100;463650;pub_0201;Basismetaal;49444;Vertikale oven bandoven 1;211074;463640;P;40.0;0.0;0.0;0.0;0.2;117.25;14.0;2.83;0.382;222034.0;211074;463639;211100;463649
1806;ER Reeks 1990-2022 Definitief;2022;204;Koolstofdioxide;T101100;SBI 20.1 (per bedrijf): Vervaardiging van chemische basisproducten;1107;Nouryon Functional Chemicals BV;20141;Vervaardiging van petrochemische producten;202300;352150;pub_0301;Chemische Industrie basisproducten;59688;Stoomketel K8;202299;352144;P;20.0;;;;1.0;;;;0.129;17446.0;202299;352143;202300;352149
1807;ER Reeks 1990-2022 Definitief;2022;204;Koolstofdioxide;T107201;SBI 85-88 (per bedrijf): Onderwijs en gezondheids- en welzijnszorg;12166;TU Delft Warmtekrachtcentrale;85420;Universitair hoger onderwijs;85100;446200;pub_1201;Energiegebruik en processen Handel, Diensten en Overheid (HDO);57765;Ketel 10;85099;446200;P;30.0;;;;0.854;;;;0.001;3105000.0;85099;446199;85100;446199
1808;ER Reeks 1990-2022 Definitief;2022;204;Koolstofdioxide;T100201;SBI 10-12 (per bedrijf): Voedings- & genotmiddelenindustrie;10546;Bel Leerdammer BV (Schoonrewoerd);10510;Vervaardiging van zuivelproducten (geen consumptie-ijs);136450;437100;pub_0216;Voedings- en genotmiddelenindustrie;56466;Wanson ketel;136544;437311;P;6.0;;;;0.196;122.0;0.0;0.0378;0.0;47300.0;136544;437310;136450;437099
1809;ER Reeks 1990-2022 Definitief;2022;204;Koolstofdioxide;T106100;SBI 22.2 (per bedrijf): Vervaardiging van producten van kunststof;10998;Draka Interfoam BV;22210;Vervaardiging van platen, folie, buizen en profielen van kunststof;99700;478740;pub_0213;Rubber- en kunstofverw. Industrie;57883;Schuimproductie-MP4;99703;478780;P;11.0;;;;0.64;;;;0.037;36997.11;99703;478779;99700;478739
1810;ER Reeks 1990-2022 Definitief;2022;204;Koolstofdioxide;T106100;SBI 22.2 (per bedrijf): Vervaardiging van producten van kunststof;10998;Draka Interfoam BV;22210;Vervaardiging van platen, folie, buizen en profielen van kunststof;99700;478740;pub_0213;Rubber- en kunstofverw. Industrie;57885;Schuimproductie-MP6;99701;478778;P;11.0;;;;0.22;;;;0.045;20553.95;99701;478777;99700;478739
1811;ER Reeks 1990-2022 Definitief;2022;204;Koolstofdioxide;T106100;SBI 22.2 (per bedrijf): Vervaardiging van producten van kunststof;10998;Draka Interfoam BV;22210;Vervaardiging van platen, folie, buizen en profielen van kunststof;99700;478740;pub_0213;Rubber- en kunstofverw. Industrie;57886;Schuimproductie-MP7;99703;478782;P;11.0;;;;0.22;;;;0.04;16443.16;99703;478781;99700;478739
1812;ER Reeks 1990-2022 Definitief;2022;204;Koolstofdioxide;T101100;SBI 20.1 (per bedrijf): Vervaardiging van chemische basisproducten;11046;PURAC Biochem BV;20149;Vervaardiging van organische basischemicaliën (geen petrochemische producten);127480;428400;pub_0301;Chemische Industrie basisproducten;56834;ketel 10;127595;428377;P;47.0;;;;0.44;;;;0.29;23073733.1624785;127595;428376;127480;428399
1813;ER Reeks 1990-2022 Definitief;2022;204;Koolstofdioxide;T101100;SBI 20.1 (per bedrijf): Vervaardiging van chemische basisproducten;12135;ExxonMobil Chemical Holland BV (ROP van RPI);20141;Vervaardiging van petrochemische producten;72300;438500;pub_0301;Chemische Industrie basisproducten;36094;Fakkel;72369;438351;P;59.0;;;;0.0;;;;0.877;2322080.0;72369;438350;72300;438499
1814;ER Reeks 1990-2022 Definitief;2022;204;Koolstofdioxide;T102102;SBI 23 (per bedrijf): Bouwmaterialen- en glasindustrie;326;Wienerberger Steenfabriek Poriso;23320;Vervaardiging van keramische producten voor de bouw (geen tegels en plavuizen);197490;328090;pub_0203;Bouwmaterialenindustrie;44225;Standaard steenbakkerij;197490;328090;P;32.0;;;;0.5;;;;1.0;14063885.2815;197490;328089;197490;328089
1815;ER Reeks 1990-2022 Definitief;2022;204;Koolstofdioxide;T102102;SBI 23 (per bedrijf): Bouwmaterialen- en glasindustrie;49013;Ardagh Glass Moerdijk;23130;Vervaardiging van holglas;100317;410161;pub_0203;Bouwmaterialenindustrie;41723;Schoorsteen oven M1 en M2;100325;410180;P;35.0;;;;0.5;190.0;17.0;8.5;1.943;45398658.0;100325;410179;100317;410160
1816;ER Reeks 1990-2022 Definitief;2022;204;Koolstofdioxide;T108500;SBI 35 (per bedrijf): Productie en distributie van elektriciteit en gas;49016;BECC B.V.;35111;Productie van elektriciteit door thermische, kern- en warmtekrachtcentrales;187107;418453;pub_0503;Opwekking electriciteit;37300;Schoorsteen BEC;187148;418490;P;50.0;;;;5.0;151.0;4.0;21.0;3.748;202265918.0;187148;418489;187107;418452
1817;ER Reeks 1990-2022 Definitief;2022;204;Koolstofdioxide;T101100;SBI 20.1 (per bedrijf): Vervaardiging van chemische basisproducten;51101;Eastman Chemical Middelburg BV;20160;Vervaardiging van kunststof in primaire vorm;33940;390952;pub_0301;Chemische Industrie basisproducten;38049;Schoorsteen ventgas incinerator (B-1430);34165;391280;P;14.0;;;;0.87;143.0;10.0;8.4;1.413;7010000.0;34165;391279;33940;390951
1818;ER Reeks 1990-2022 Definitief;2022;204;Koolstofdioxide;T100201;SBI 10-12 (per bedrijf): Voedings- & genotmiddelenindustrie;62009;FrieslandCampina Butter (Lochem);10510;Vervaardiging van zuivelproducten (geen consumptie-ijs);226100;464540;pub_0216;Voedings- en genotmiddelenindustrie;35595;Divers, overig, diffuus;226100;464540;P;5.0;;;;0.0;;;;0.0;1806133.0;226100;464539;226100;464539
1819;ER Reeks 1990-2022 Definitief;2022;204;Koolstofdioxide;T107200;SBI 41-43 (per bedrijf): Bouwnijverheid;61424;Veolia Industriediensten BV;43210;Elektrotechnische bouwinstallatie;193118;442151;pub_0802;Overig bouw;42758;Divers, overig, diffuus;193118;442151;P;33.0;;;;0.0;;;;11.579045027;1175347.5;193118;442150;193118;442150
1820;ER Reeks 1990-2022 Definitief;2022;204;Koolstofdioxide;T108502;SBI 35.12 (per bedrijf): Transportnet voor aardgas;61517;Gasunie (Zweekhorst);35120;Beheer en exploitatie van transportnetten voor elektriciteit, aardgas en warm water;202845;441955;pub_0502;Olie- gaswinning land;35621;603 GE-FRS5;203000;442080;P;20.0;;;;19.13;425.0;3.0;57.31;30.391;27974.0;203000;442079;202845;441954
1821;ER Reeks 1990-2022 Definitief;2022;204;Koolstofdioxide;T101100;SBI 20.1 (per bedrijf): Vervaardiging van chemische basisproducten;81202;Aliancys Nederland B.V.;20160;Vervaardiging van kunststof in primaire vorm;255180;523500;pub_0301;Chemische Industrie basisproducten;38597;Divers, overig, diffuus;255180;523500;P;5.0;;;;0.0;;;;0.0;13000.0;255180;523499;255180;523499
1822;ER Reeks 1990-2022 Definitief;2022;204;Koolstofdioxide;T101100;SBI 20.1 (per bedrijf): Vervaardiging van chemische basisproducten;81202;Aliancys Nederland B.V.;20160;Vervaardiging van kunststof in primaire vorm;255180;523500;pub_0301;Chemische Industrie basisproducten;38598;Incinerator 3 Snb II;255270;522970;P;10.0;;;;0.0;250.0;64.0;21.0;6.417;836381.4441;255270;522969;255180;523499
1823;ER Reeks 1990-2022 Definitief;2022;204;Koolstofdioxide;T102800;SBI 20.16 (per bedrijf): Vervaardiging van kunststof in primaire vorm;81202;Aliancys Nederland B.V.;20160;Vervaardiging van kunststof in primaire vorm;255180;523500;pub_0301;Chemische Industrie basisproducten;38599;Overigen (klimaatinstallatie, portier etc);255180;523500;P;5.0;;;;0.0;140.0;1.0;0.028;0.005;121442.3343;255180;523499;255180;523499
1824;ER Reeks 1990-2022 Definitief;2022;204;Koolstofdioxide;T101100;SBI 20.1 (per bedrijf): Vervaardiging van chemische basisproducten;81202;Aliancys Nederland B.V.;20160;Vervaardiging van kunststof in primaire vorm;255180;523500;pub_0301;Chemische Industrie basisproducten;38603;Thermische olieketel F500010 (Wanson);255160;523500;P;10.0;;;;0.0;175.0;0.0;0.11;0.023;830000.0;255160;523499;255180;523499
1825;ER Reeks 1990-2022 Definitief;2022;204;Koolstofdioxide;T100201;SBI 10-12 (per bedrijf): Voedings- & genotmiddelenindustrie;82002;FrieslandCampina Domo (Beilen);10510;Vervaardiging van zuivelproducten (geen consumptie-ijs);231300;541530;pub_0216;Voedings- en genotmiddelenindustrie;42343;Divers, overig, diffuus;231300;541530;P;5.0;;;;0.0;;;;0.0;615077.87;231300;541529;231300;541529
1826;ER Reeks 1990-2022 Definitief;2022;204;Koolstofdioxide;T108500;SBI 35 (per bedrijf): Productie en distributie van elektriciteit en gas;24002;Nuon Power Generation BV (Diemen);35111;Productie van elektriciteit door thermische, kern- en warmtekrachtcentrales;130055;483500;pub_0503;Opwekking electriciteit;44636;Diemen 34;130165;483493;P;60.0;;;;58.0;75.0;9.0;538.0;43.519;924502628.0;130165;483492;130055;483499
1827;ER Reeks 1990-2022 Definitief;2022;204;Koolstofdioxide;T108500;SBI 35 (per bedrijf): Productie en distributie van elektriciteit en gas;10953;E.On Generations Den Haag;35111;Productie van elektriciteit door thermische, kern- en warmtekrachtcentrales;79821;454750;pub_0503;Opwekking electriciteit;40787;HK103;79780;454810;P;40.0;;;;0.5;;;;0.7;709853.0;79780;454809;79821;454749
1828;ER Reeks 1990-2022 Definitief;2022;204;Koolstofdioxide;T106100;SBI 22.2 (per bedrijf): Vervaardiging van producten van kunststof;10998;Draka Interfoam BV;22210;Vervaardiging van platen, folie, buizen en profielen van kunststof;99700;478740;pub_0213;Rubber- en kunstofverw. Industrie;35523;Divers, overig, diffuus;99700;478740;P;5.0;;;;0.0;;;;0.0;327629.0;99700;478739;99700;478739
1829;ER Reeks 1990-2022 Definitief;2022;204;Koolstofdioxide;T103900;SBI 49-53 (per bedrijf): Transport, communicatie;11090;Odfjell Terminals (Rotterdam) BV;52101;Opslag in tanks;81505;432967;pub_1201;Energiegebruik en processen Handel, Diensten en Overheid (HDO);35606;Divers, overig, diffuus;81505;432967;P;5.0;;;;0.0;;;;0.0;17200.0;81505;432966;81505;432966
1830;ER Reeks 1990-2022 Definitief;2022;204;Koolstofdioxide;T100201;SBI 10-12 (per bedrijf): Voedings- & genotmiddelenindustrie;62010;Nestle Nederland BV (Nunspeet);10860;Vervaardiging van gehomogeniseerde voedingspreparaten en dieetvoeding;182480;488580;pub_0216;Voedings- en genotmiddelenindustrie;47066;Starters;182522;488524;P;32.0;;;;0.5;;;;0.64;3371499.0;182522;488523;182480;488579
1831;ER Reeks 1990-2022 Definitief;2022;204;Koolstofdioxide;T100201;SBI 10-12 (per bedrijf): Voedings- & genotmiddelenindustrie;62025;FrieslandCampina Domo (Borculo);10510;Vervaardiging van zuivelproducten (geen consumptie-ijs);233150;459540;pub_0216;Voedings- en genotmiddelenindustrie;35629;Divers, overig, diffuus;233150;459540;P;5.0;;;;0.0;;;;0.0;1652000.0;233150;459539;233150;459539
1832;ER Reeks 1990-2022 Definitief;2022;204;Koolstofdioxide;T100201;SBI 10-12 (per bedrijf): Voedings- & genotmiddelenindustrie;62025;FrieslandCampina Domo (Borculo);10510;Vervaardiging van zuivelproducten (geen consumptie-ijs);233150;459540;pub_0216;Voedings- en genotmiddelenindustrie;35630;Drogers/torens;233080;459500;P;30.0;;;;0.0;45.0;;83.0;3.517;2350000.0;233080;459499;233150;459539
1833;ER Reeks 1990-2022 Definitief;2022;204;Koolstofdioxide;T100201;SBI 10-12 (per bedrijf): Voedings- & genotmiddelenindustrie;62031;Arla Foods BV;10510;Vervaardiging van zuivelproducten (geen consumptie-ijs);161240;472064;pub_0216;Voedings- en genotmiddelenindustrie;36408;Divers, overig, diffuus;161430;472350;P;5.0;;;;0.0;;;;0.0;203944.0;161430;472349;161240;472063
1834;ER Reeks 1990-2022 Definitief;2022;204;Koolstofdioxide;T100201;SBI 10-12 (per bedrijf): Voedings- & genotmiddelenindustrie;62406;Riedel B.V.;10320;Vervaardiging van fruit- en groentesap;172850;449350;pub_0216;Voedings- en genotmiddelenindustrie;44421;SCHOORSTEEN KETEL;172850;449350;P;8.0;;;;0.0;;;;0.34;1710000.0;172850;449349;172850;449349
1835;ER Reeks 1990-2022 Definitief;2022;204;Koolstofdioxide;T100201;SBI 10-12 (per bedrijf): Voedings- & genotmiddelenindustrie;62812;Compaxo Vlees Zevenaar BV;10110;Slachterijen (geen pluimvee-);203400;438700;pub_0216;Voedings- en genotmiddelenindustrie;43563;Divers, overig, diffuus;203400;438700;P;5.0;;;;;;;;0.0;117000.0;203400;438699;203400;438699
1836;ER Reeks 1990-2022 Definitief;2022;204;Koolstofdioxide;T107601;SBI 59/60/90/91/93/96 (per bedrijf): Cultuur, sport, recreatie en overige dienstverlening;38002;Stichting AL-terrein;94997;Overige belangenbehartiging n.e.g.;141390;458900;pub_1201;Energiegebruik en processen Handel, Diensten en Overheid (HDO);44558;Schoorsteen EC;141530;459069;P;35.0;;;;0.5;115.0;2.0;0.76;0.101;6495414.0;141530;459068;141390;458899
1837;ER Reeks 1990-2022 Definitief;2022;204;Koolstofdioxide;T108500;SBI 35 (per bedrijf): Productie en distributie van elektriciteit en gas;4001;RWE Generation NL B.V.;35111;Productie van elektriciteit door thermische, kern- en warmtekrachtcentrales;191379;351797;pub_0503;Opwekking electriciteit;44570;Schoorsteen Claus C2;191630;351785;P;75.0;;;;38.5;80.0;14.0;520.0;45.402;351000000.0;191630;351784;191379;351796
1838;ER Reeks 1990-2022 Definitief;2022;204;Koolstofdioxide;T102700;SBI 20.15 (per bedrijf): Vervaardiging van kunstmeststoffen en stikstofverbindingen;51102;Rosier Nederland B.V.;20150;Vervaardiging van kunstmeststoffen en stikstofverbindingen;44106;360296;pub_0303;Chemische Industrie kunstmeststoffen;38831;Granulatie 2 (bron 1.5, 1.6 en 1.8);44106;360296;P;60.0;;;;2.54;;;;1.0;2250018.0;44106;360295;44106;360295
1839;ER Reeks 1990-2022 Definitief;2022;204;Koolstofdioxide;T102700;SBI 20.15 (per bedrijf): Vervaardiging van kunstmeststoffen en stikstofverbindingen;51102;Rosier Nederland B.V.;20150;Vervaardiging van kunstmeststoffen en stikstofverbindingen;44106;360296;pub_0303;Chemische Industrie kunstmeststoffen;38833;Opslag en verlading, incl. rijdend materieel (diffuus);44106;360296;P;2.0;;;;1.0;;;;0.1;133934.00000000047;44106;360295;44106;360295
1840;ER Reeks 1990-2022 Definitief;2022;204;Koolstofdioxide;T100201;SBI 10-12 (per bedrijf): Voedings- & genotmiddelenindustrie;62925;Aviko BV;10310;Vervaardiging van aardappelproducten;210103;453484;pub_0216;Voedings- en genotmiddelenindustrie;44590;wkc k2;210143;453684;P;15.0;;;;1.7;110.0;11.0;19.0;2.391;27600000.0;210143;453683;210103;453483
1841;ER Reeks 1990-2022 Definitief;2022;204;Koolstofdioxide;T104704;SBI 24.45 (per bedrijf) Vervaardiging van overige non-ferrometalen, koper;63012;Aurubis Netherlands B.V.;24440;Vervaardiging van koper;211100;463650;pub_0201;Basismetaal;35230;Divers, overig, diffuus;211100;463650;P;5.0;;;;0.0;;;;0.001;1251508.0;211100;463649;211100;463649
1842;ER Reeks 1990-2022 Definitief;2022;204;Koolstofdioxide;T103900;SBI 49-53 (per bedrijf): Transport, communicatie;11090;Odfjell Terminals (Rotterdam) BV;52101;Opslag in tanks;81505;432967;pub_1201;Energiegebruik en processen Handel, Diensten en Overheid (HDO);35610;HT-ketel 2;81505;432967;P;20.0;;;;0.0;;;;0.166;15497193.0;81505;432966;81505;432966
1843;ER Reeks 1990-2022 Definitief;2022;204;Koolstofdioxide;T101100;SBI 20.1 (per bedrijf): Vervaardiging van chemische basisproducten;11111;Ashland Industries Nederland B.V.;20160;Vervaardiging van kunststof in primaire vorm;102050;424450;pub_0301;Chemische Industrie basisproducten;35161;NEM;102159;424428;P;12.0;;;;0.0;170.0;;1.8689;0.37658335;2058264.0;102159;424427;102050;424449
1844;ER Reeks 1990-2022 Definitief;2022;204;Koolstofdioxide;T100201;SBI 10-12 (per bedrijf): Voedings- & genotmiddelenindustrie;201541;Olenex Edible Oils B.V.;10410;Vervaardiging van plantaardige en dierlijke oliën en vetten (geen margarine en andere spijsvetten);82133;433531;pub_0216;Voedings- en genotmiddelenindustrie;38644;schoorsteen Boilerhouse;82133;433531;P;22.0;;;;0.5;270.0;1.0;0.32477;0.108;7970000.0;82133;433530;82133;433530
1845;ER Reeks 1990-2022 Definitief;2022;204;Koolstofdioxide;T100201;SBI 10-12 (per bedrijf): Voedings- & genotmiddelenindustrie;201541;Olenex Edible Oils B.V.;10410;Vervaardiging van plantaardige en dierlijke oliën en vetten (geen margarine en andere spijsvetten);82133;433531;pub_0216;Voedings- en genotmiddelenindustrie;38645;schoorsteen plant1;82133;433531;P;30.0;;;;0.2;300.0;3.0;0.56258;0.208;1020000.0;82133;433530;82133;433530
1846;ER Reeks 1990-2022 Definitief;2022;204;Koolstofdioxide;T100201;SBI 10-12 (per bedrijf): Voedings- & genotmiddelenindustrie;201541;Olenex Edible Oils B.V.;10410;Vervaardiging van plantaardige en dierlijke oliën en vetten (geen margarine en andere spijsvetten);82133;433531;pub_0216;Voedings- en genotmiddelenindustrie;38646;schoorsteen plant2;82133;433531;P;48.0;;;;0.38;330.0;5.0;1.75533;0.717;2920000.0;82133;433530;82133;433530
1847;ER Reeks 1990-2022 Definitief;2022;204;Koolstofdioxide;T101100;SBI 20.1 (per bedrijf): Vervaardiging van chemische basisproducten;41003;Shell Nederland Chemie BV (Moerdijk);20141;Vervaardiging van petrochemische producten;97946;411331;pub_0301;Chemische Industrie basisproducten;42427;Fornuis F-2001 MSPO-1;97905;410858;P;60.0;;;;0.68;197.0;11.0;7.64;1.815;30933450.7944438;97905;410857;97946;411330
1848;ER Reeks 1990-2022 Definitief;2022;204;Koolstofdioxide;T101100;SBI 20.1 (per bedrijf): Vervaardiging van chemische basisproducten;41003;Shell Nederland Chemie BV (Moerdijk);20141;Vervaardiging van petrochemische producten;97946;411331;pub_0301;Chemische Industrie basisproducten;42428;Fornuizen F901 1301 MSPO1;97801;410804;P;100.0;;;;5.23;250.0;6.0;33.44;10.219;140230019.18953875;97801;410803;97946;411330
1849;ER Reeks 1990-2022 Definitief;2022;204;Koolstofdioxide;T100201;SBI 10-12 (per bedrijf): Voedings- & genotmiddelenindustrie;202662;Pluimveeslachterij G.P. Remkes B.V.;10120;Pluimveeslachterijen;196322;484206;pub_0216;Voedings- en genotmiddelenindustrie;45115;CV-ketel;196322;484206;P;10.0;;;;0.3;70.0;0.0;0.0025;0.0;170850.0;196322;484205;196322;484205
1850;ER Reeks 1990-2022 Definitief;2022;204;Koolstofdioxide;T108500;SBI 35 (per bedrijf): Productie en distributie van elektriciteit en gas;202824;Eneco Warmteproductie Utrecht B.V.;35120;Beheer en exploitatie van transportnetten voor elektriciteit, aardgas en warm water;133894;457010;pub_0503;Opwekking electriciteit;35059;Merwedekanaal 12;133891;457012;P;64.0;;;;23.0;99.9;12.0;287.0;32.392;95212694.0;133891;457011;133894;457009
1851;ER Reeks 1990-2022 Definitief;2022;204;Koolstofdioxide;T108500;SBI 35 (per bedrijf): Productie en distributie van elektriciteit en gas;202895;Energiecoöperatie Greenhouse Energy;35120;Beheer en exploitatie van transportnetten voor elektriciteit, aardgas en warm water;191490;436460;pub_0503;Opwekking electriciteit;42198;Wkk A5;191490;436460;P;12.0;;;;0.6;50.0;6.0;3.37;0.0;820689.0;191490;436459;191490;436459
1852;ER Reeks 1990-2022 Definitief;2022;204;Koolstofdioxide;T111201;SBI 38.2 (per bedrijf): Behandeling van afval;202902;GMB Slibverwerking Tiel BV;38210;Behandeling van onschadelijk afval;158236;436521;pub_0901;AVI's;37247;schoorsteen;158236;436521;P;81.0;;;;2.5;25.0;8.0;19.5;0.325;14857540.0;158236;436520;158236;436520
1853;ER Reeks 1990-2022 Definitief;2022;204;Koolstofdioxide;T102501;SBI 20.141 (per bedrijf): Vervaardiging van petrochemische producten;51104;Dow Benelux BV (Hoek);20141;Vervaardiging van petrochemische producten;43193;373788;pub_0301;Chemische Industrie basisproducten;38444;Dowlex Silo's;43481;373669;P;30.0;;;;0.2;;;;0.001;3668706.96;43481;373668;43193;373787
1854;ER Reeks 1990-2022 Definitief;2022;204;Koolstofdioxide;T104201;SBI 38.2 (per bedrijf): Afvalinzameling/beh, AVI's;64004;AVR Afvalverwerking BV (Duiven);38210;Behandeling van onschadelijk afval;197134;442636;pub_0901;AVI's;38073;AVI-1;197134;442636;P;90.0;;;;2.54;69.04;11.0;26.9;1.97;125861169.0;197134;442635;197134;442635
1855;ER Reeks 1990-2022 Definitief;2022;204;Koolstofdioxide;T103100;SBI 21.1 (per bedrijf): Vervaardiging van farmaceutische producten;64134;Sonac Loenen BV;21100;Vervaardiging van farmaceutische grondstoffen;199750;460200;pub_0304;Chemische Industrie overig;38665;Drogers;199750;460200;P;19.0;;;;1.0;55.0;9.0;9.0;0.0;3554589.0;199750;460199;199750;460199
1856;ER Reeks 1990-2022 Definitief;2022;204;Koolstofdioxide;T100600;SBI 17 (per bedrijf): Vervaardiging van papier, karton en papier- en kartonwaren;64304;Papierfabriek Doetinchem BV;17122;Vervaardiging van papier en karton voor verpakking;217250;441700;pub_0211;Papier(waren);35442;ketelhuis;217250;441700;P;10.0;;;;0.0;50.0;;0.68;0.033;13053323.57848;217250;441699;217250;441699
1857;ER Reeks 1990-2022 Definitief;2022;204;Koolstofdioxide;T100201;SBI 10-12 (per bedrijf): Voedings- & genotmiddelenindustrie;64328;Koninklijke VIV Buisman B.V.;10510;Vervaardiging van zuivelproducten (geen consumptie-ijs);221100;446300;pub_0216;Voedings- en genotmiddelenindustrie;46756;CV's;221520;446567;P;8.0;;;;0.02;;;;0.015;89411.0;221520;446566;221100;446299
1858;ER Reeks 1990-2022 Definitief;2022;204;Koolstofdioxide;T100201;SBI 10-12 (per bedrijf): Voedings- & genotmiddelenindustrie;41402;Trobas Gelatine BV;10890;Vervaardiging van overige voedingsmiddelen n.e.g.;122730;403330;pub_0216;Voedings- en genotmiddelenindustrie;36441;branderinstallatie stoomketel;122753;403203;P;15.0;;;;0.44;;;;0.2;6247456.0;122753;403202;122730;403329
1859;ER Reeks 1990-2022 Definitief;2022;204;Koolstofdioxide;T103900;SBI 49-53 (per bedrijf): Transport, communicatie;203083;Exploitatiemaatschappij J. ter Horst BV;49410;Goederenvervoer over de weg (geen verhuizingen);229581;439468;pub_1201;Energiegebruik en processen Handel, Diensten en Overheid (HDO);47118;Diverse voertuigen voor intern gebruik;229590;439327;O;2.0;200.0;100.0;0.0;0.02;100.0;1.0;0.025;0.003;68720.0;229590;439326;229581;439467
1860;ER Reeks 1990-2022 Definitief;2022;204;Koolstofdioxide;T108500;SBI 35 (per bedrijf): Productie en distributie van elektriciteit en gas;12150;Uniper Centrale RoCa;35111;Productie van elektriciteit door thermische, kern- en warmtekrachtcentrales;98212;440895;pub_0503;Opwekking electriciteit;39464;RoCa 3;98206;440901;P;60.0;;;;21.2;85.0;15.0;324.0;30.369;78559000.0;98206;440900;98212;440894
1861;ER Reeks 1990-2022 Definitief;2022;204;Koolstofdioxide;T108500;SBI 35 (per bedrijf): Productie en distributie van elektriciteit en gas;12152;Uniper HWC Delftsevaart;35111;Productie van elektriciteit door thermische, kern- en warmtekrachtcentrales;92841;437409;pub_0503;Opwekking electriciteit;38416;HK3;92837;437408;P;31.0;;;;2.0;;;;3.0;527000.0;92837;437407;92841;437408
1862;ER Reeks 1990-2022 Definitief;2022;204;Koolstofdioxide;T108500;SBI 35 (per bedrijf): Productie en distributie van elektriciteit en gas;12152;Uniper HWC Delftsevaart;35111;Productie van elektriciteit door thermische, kern- en warmtekrachtcentrales;92841;437409;pub_0503;Opwekking electriciteit;38417;HK4;92831;437415;P;31.0;;;;2.0;;;;3.0;64000.0;92831;437414;92841;437408
1863;ER Reeks 1990-2022 Definitief;2022;204;Koolstofdioxide;T107201;SBI 85-88 (per bedrijf): Onderwijs en gezondheids- en welzijnszorg;12166;TU Delft Warmtekrachtcentrale;85420;Universitair hoger onderwijs;85100;446200;pub_1201;Energiegebruik en processen Handel, Diensten en Overheid (HDO);36914;ketel 8;85100;446200;P;41.0;;;;1.43;;;;1.27;41531.0;85100;446199;85100;446199
1864;ER Reeks 1990-2022 Definitief;2022;204;Koolstofdioxide;T107201;SBI 85-88 (per bedrijf): Onderwijs en gezondheids- en welzijnszorg;12166;TU Delft Warmtekrachtcentrale;85420;Universitair hoger onderwijs;85100;446200;pub_1201;Energiegebruik en processen Handel, Diensten en Overheid (HDO);36915;ketel 9;85100;446200;P;33.0;;;;0.57;;;;0.505;4399000.0;85100;446199;85100;446199
1865;ER Reeks 1990-2022 Definitief;2022;204;Koolstofdioxide;T101100;SBI 20.1 (per bedrijf): Vervaardiging van chemische basisproducten;12168;Invista Nederland BV (Rozenburg);20160;Vervaardiging van kunststof in primaire vorm;77100;433840;pub_0301;Chemische Industrie basisproducten;7970;E-fornuis;77020;433840;P;30.0;;;;1.0;;;;0.4;4681365.0;77020;433839;77100;433839
1866;ER Reeks 1990-2022 Definitief;2022;204;Koolstofdioxide;T108502;SBI 35.12 (per bedrijf): Transportnet voor aardgas;41502;Gasunie (Ravenstein);35120;Beheer en exploitatie van transportnetten voor elektriciteit, aardgas en warm water;173928;421577;pub_0502;Olie- gaswinning land;37176;1-2 RR-AVON;173928;421577;P;13.0;;;;11.67;383.0;3.0;29.51;14.057;152445.0;173928;421576;173928;421576
1867;ER Reeks 1990-2022 Definitief;2022;204;Koolstofdioxide;T108502;SBI 35.12 (per bedrijf): Transportnet voor aardgas;41502;Gasunie (Ravenstein);35120;Beheer en exploitatie van transportnetten voor elektriciteit, aardgas en warm water;173928;421577;pub_0502;Olie- gaswinning land;37180;1-6 RR-AVON;173928;421577;P;13.0;;;;11.67;335.0;3.0;31.85;13.209;122853.0;173928;421576;173928;421576
1868;ER Reeks 1990-2022 Definitief;2022;204;Koolstofdioxide;T108502;SBI 35.12 (per bedrijf): Transportnet voor aardgas;41502;Gasunie (Ravenstein);35120;Beheer en exploitatie van transportnetten voor elektriciteit, aardgas en warm water;173928;421577;pub_0502;Olie- gaswinning land;37182;2-2 DLS-HVA16;173928;421577;P;15.0;;;;0.2;347.0;28.0;5.54;2.383;56467.0;173928;421576;173928;421576
1869;ER Reeks 1990-2022 Definitief;2022;204;Koolstofdioxide;T108502;SBI 35.12 (per bedrijf): Transportnet voor aardgas;41502;Gasunie (Ravenstein);35120;Beheer en exploitatie van transportnetten voor elektriciteit, aardgas en warm water;173928;421577;pub_0502;Olie- gaswinning land;37183;2-3 DLS-HVA16;173928;421577;P;15.0;;;;0.2;403.0;23.0;4.53;2.274;12702.0;173928;421576;173928;421576
1870;ER Reeks 1990-2022 Definitief;2022;204;Koolstofdioxide;T102501;SBI 20.141 (per bedrijf): Vervaardiging van petrochemische producten;51104;Dow Benelux BV (Hoek);20141;Vervaardiging van petrochemische producten;43193;373788;pub_0301;Chemische Industrie basisproducten;38467;OPEN TERREIN CUMEEN LE8;42830;373480;P;5.0;;;;160.0;;;;0.001;1573500.0;42830;373479;43193;373787
1871;ER Reeks 1990-2022 Definitief;2022;204;Koolstofdioxide;T101100;SBI 20.1 (per bedrijf): Vervaardiging van chemische basisproducten;51104;Dow Benelux BV (Hoek);20141;Vervaardiging van petrochemische producten;43193;373788;pub_0301;Chemische Industrie basisproducten;38478;STACK 10F-406 LE22;43691;373416;P;30.0;;;;0.1;;;;0.001;1886000.0;43691;373415;43193;373787
1872;ER Reeks 1990-2022 Definitief;2022;204;Koolstofdioxide;T101100;SBI 20.1 (per bedrijf): Vervaardiging van chemische basisproducten;51104;Dow Benelux BV (Hoek);20141;Vervaardiging van petrochemische producten;43193;373788;pub_0301;Chemische Industrie basisproducten;38485;STACK BA-103 + BA-104 LE1;42968;373954;P;62.0;;;;2.25;;;;0.138;44309387.0;42968;373953;43193;373787
1873;ER Reeks 1990-2022 Definitief;2022;204;Koolstofdioxide;T101100;SBI 20.1 (per bedrijf): Vervaardiging van chemische basisproducten;51104;Dow Benelux BV (Hoek);20141;Vervaardiging van petrochemische producten;43193;373788;pub_0301;Chemische Industrie basisproducten;38486;STACK BA103 LE3;42578;373958;P;62.0;;;;3.24;;;;0.293;51990853.0;42578;373957;43193;373787
1874;ER Reeks 1990-2022 Definitief;2022;204;Koolstofdioxide;T101702;SBI 20.5 (per bedrijf): Overige chemische producten;200664;Smit & Zoon BV;20590;Vervaardiging van overige chemische producten n.e.g.;152700;465019;pub_0304;Chemische Industrie overig;39466;Schoorsteen CV-ketel;152700;465019;P;5.0;;;;0.03;170.0;3.0;0.0817;0.0;287100.84;152700;465018;152700;465018
1875;ER Reeks 1990-2022 Definitief;2022;204;Koolstofdioxide;T102300;SBI 24.4/24.5 (per bedrijf): Basismetaalindustrie, vervaardiging van non-ferro metalen en gieten van metalen;201326;Brabant Alucast International;24530;Gieten van lichte metalen;166299;421695;pub_0201;Basismetaal;42151;smeltoven S&K4000;166299;421695;P;16.0;;;;0.16;280.0;18.0;3.6;1.239;406482.3;166299;421694;166299;421694
1876;ER Reeks 1990-2022 Definitief;2022;204;Koolstofdioxide;T108500;SBI 35 (per bedrijf): Productie en distributie van elektriciteit en gas;201386;Sloe Centrale BV (Vlissingen);35111;Productie van elektriciteit door thermische, kern- en warmtekrachtcentrales;37262;385782;pub_0503;Opwekking electriciteit;35529;UNIT 20;37275;385810;P;45.0;;;;50.2;90.0;2.0;102.32;10.247;564120212.065125;37275;385809;37262;385781
1877;ER Reeks 1990-2022 Definitief;2022;204;Koolstofdioxide;T105400;SBI 10.6 (per bedrijf): Meelproduktie (excl. zetmeel);52612;Cargill Benelux BV;10620;Vervaardiging van zetmeel en zetmeelproducten;44338;361919;pub_0216;Voedings- en genotmiddelenindustrie;38350;Divers, overig, diffuus;44338;361919;P;30.0;;;;0.0;;;;0.0;54203661.8247577;44338;361918;44338;361918
1878;ER Reeks 1990-2022 Definitief;2022;204;Koolstofdioxide;T100201;SBI 10-12 (per bedrijf): Voedings- & genotmiddelenindustrie;52612;Cargill Benelux BV;10620;Vervaardiging van zetmeel en zetmeelproducten;44338;361919;pub_0216;Voedings- en genotmiddelenindustrie;38351;emissiepunt 101;44338;361919;P;23.0;;;;3.0;;;;3.6;49213334.4767475;44338;361918;44338;361918
1879;ER Reeks 1990-2022 Definitief;2022;204;Koolstofdioxide;T108502;SBI 35.12 (per bedrijf): Transportnet voor aardgas;71514;Gasunie Vilsteren/Ommen;35120;Beheer en exploitatie van transportnetten voor elektriciteit, aardgas en warm water;221116;501184;pub_0502;Olie- gaswinning land;38936;1-C006 RR-AVON;221116;501184;P;13.0;;;;15.75;381.0;1.0;23.17;10.978;6888.0;221116;501183;221116;501183
1880;ER Reeks 1990-2022 Definitief;2022;204;Koolstofdioxide;T108502;SBI 35.12 (per bedrijf): Transportnet voor aardgas;71514;Gasunie Vilsteren/Ommen;35120;Beheer en exploitatie van transportnetten voor elektriciteit, aardgas en warm water;221116;501184;pub_0502;Olie- gaswinning land;38937;2-C-001 GE-FRS5RC;221116;501184;P;15.0;;;;25.0;422.0;;47.65;25.211615;35100.0;221116;501183;221116;501183
1881;ER Reeks 1990-2022 Definitief;2022;204;Koolstofdioxide;T100600;SBI 17 (per bedrijf): Vervaardiging van papier, karton en papier- en kartonwaren;4301;Smurfit Kappa Roermond Papier BV;17122;Vervaardiging van papier en karton voor verpakking;198000;357600;pub_0211;Papier(waren);35030;Schoorsteen WKC;198000;357600;P;25.0;;;;0.0;;;;3.72;106339856.0;198000;357599;198000;357599
1882;ER Reeks 1990-2022 Definitief;2022;204;Koolstofdioxide;T108502;SBI 35.12 (per bedrijf): Transportnet voor aardgas;21528;Gasunie (Wieringermeer);35120;Beheer en exploitatie van transportnetten voor elektriciteit, aardgas en warm water;132250;530325;pub_0502;Olie- gaswinning land;45515;NO BREAK1: MTU8V396 TC32;132173;530069;P;5.0;;;;0.07;12.0;0.0;0.01;0.0;461.26675;132173;530068;132250;530324
1883;ER Reeks 1990-2022 Definitief;2022;204;Koolstofdioxide;T108502;SBI 35.12 (per bedrijf): Transportnet voor aardgas;21528;Gasunie (Wieringermeer);35120;Beheer en exploitatie van transportnetten voor elektriciteit, aardgas en warm water;132250;530325;pub_0502;Olie- gaswinning land;45516;NO BREAK2: MTU8V396 TC32;132173;530069;P;5.0;;;;0.07;12.0;0.0;0.01;0.0;461.26675;132173;530068;132250;530324
1884;ER Reeks 1990-2022 Definitief;2022;204;Koolstofdioxide;T108502;SBI 35.12 (per bedrijf): Transportnet voor aardgas;21529;Gasunie (Beverwijk);35120;Beheer en exploitatie van transportnetten voor elektriciteit, aardgas en warm water;108327;500235;pub_0502;Olie- gaswinning land;45520;DNB 1: MTU - 8V183 AA31;108284;500144;P;6.0;;;;0.1;12.0;0.0;0.01;0.0;61.9627937219746;108284;500143;108327;500234
1885;ER Reeks 1990-2022 Definitief;2022;204;Koolstofdioxide;T101100;SBI 20.1 (per bedrijf): Vervaardiging van chemische basisproducten;10006;Shell Nederland Chemie BV (Pernis);20141;Vervaardiging van petrochemische producten;84625;433319;pub_0301;Chemische Industrie basisproducten;44593;COD F-4301B;85140;433390;P;24.0;;;;0.0;;;;2.9;2661123.0;85140;433389;84625;433318
1886;ER Reeks 1990-2022 Definitief;2022;204;Koolstofdioxide;T103600;SBI 20.59 (per bedrijf): Vervaardiging van overige chemische producten n.e.g.;21403;Cabot Norit Nederland B.V.;20590;Vervaardiging van overige chemische producten n.e.g.;116710;492900;pub_0304;Chemische Industrie overig;35260;EO 3 + Naverb;116721;492894;P;30.0;;;;0.9;;;;0.66;617530.0;116721;492893;116710;492899
1887;ER Reeks 1990-2022 Definitief;2022;204;Koolstofdioxide;T104201;SBI 38.2 (per bedrijf): Afvalinzameling/beh, AVI's;203220;EEW Energy from Waste Delfzijl B.V.;38210;Behandeling van onschadelijk afval;261673;592659;pub_0901;AVI's;42684;Emissiepunt: Lijn 1;261673;592659;P;70.0;;;;3.5;145.7;8.0;27.1;4.652;200818840.0;261673;592658;261673;592658
1888;ER Reeks 1990-2022 Definitief;2022;204;Koolstofdioxide;T108500;SBI 35 (per bedrijf): Productie en distributie van elektriciteit en gas;203411;Air Liquide Pergen VOF;35111;Productie van elektriciteit door thermische, kern- en warmtekrachtcentrales;84800;433523;pub_0503;Opwekking electriciteit;38300;50% GT1 +  HRSG 1A;84763;433491;P;65.0;;;;18.1;;;;20.4;289880991.0;84763;433490;84800;433522
1889;ER Reeks 1990-2022 Definitief;2022;204;Koolstofdioxide;T108500;SBI 35 (per bedrijf): Productie en distributie van elektriciteit en gas;203411;Air Liquide Pergen VOF;35111;Productie van elektriciteit door thermische, kern- en warmtekrachtcentrales;84800;433523;pub_0503;Opwekking electriciteit;38301;50% GT1 + HRSG 1B;84782;433494;P;65.0;;;;18.1;;;;20.0;289928338.0;84782;433493;84800;433522
1890;ER Reeks 1990-2022 Definitief;2022;204;Koolstofdioxide;T104201;SBI 38.2 (per bedrijf): Afvalinzameling/beh, AVI's;203496;Reststoffen Energie Centrale (REC);38210;Behandeling van onschadelijk afval;157800;578200;pub_0901;AVI's;41802;Schoorsteen;157800;578200;P;44.0;;;;5.0;154.0;12.0;59.0;10.757;318000000.0;157800;578199;157800;578199
1891;ER Reeks 1990-2022 Definitief;2022;204;Koolstofdioxide;T108500;SBI 35 (per bedrijf): Productie en distributie van elektriciteit en gas;203505;Maasstroom Energie CV;35111;Productie van elektriciteit door thermische, kern- en warmtekrachtcentrales;83747;433987;pub_0503;Opwekking electriciteit;38368;GT 20 + HRSG;83740;433944;P;65.0;;;;37.0;82.0;13.0;492.0;44.221;423584300.0;83740;433943;83747;433986
1892;ER Reeks 1990-2022 Definitief;2022;204;Koolstofdioxide;T104706;SBI 24.45 (per bedrijf) Vervaardiging van overige non-ferrometalen, zink;43013;Nyrstar Budel BV;24430;Vervaardiging van lood, zink en tin;169900;361000;pub_0201;Basismetaal;38979;ontluchting logings- en zuiveringsvaten (emissiepunt 10);169900;361000;P;17.0;;;;0.28;60.0;;28.78;1.68363;547720.0;169900;360999;169900;360999
1893;ER Reeks 1990-2022 Definitief;2022;204;Koolstofdioxide;T104706;SBI 24.45 (per bedrijf) Vervaardiging van overige non-ferrometalen, zink;43013;Nyrstar Budel BV;24430;Vervaardiging van lood, zink en tin;169900;361000;pub_0201;Basismetaal;38989;Schoorsteen Zwavelzuurfabriek (emissiepunt 2);169900;361000;P;68.0;;;;2.4;66.0;13.0;30.09;2.086;6189253.0;169900;360999;169900;360999
1894;ER Reeks 1990-2022 Definitief;2022;204;Koolstofdioxide;T106200;SBI 25 (per bedrijf): Metaalproductenindustrie (exclusief machinebouw);43024;Nedschroef Helmond BV;25940;Vervaardiging van bouten, schroeven en moeren;173329;388200;pub_0210;Metaalelektro;45876;Stookinstallatie 2;173329;388200;P;7.0;;;;0.07;189.0;5.0;0.315;0.072;305212.454775;173329;388199;173329;388199
1895;ER Reeks 1990-2022 Definitief;2022;204;Koolstofdioxide;T101100;SBI 20.1 (per bedrijf): Vervaardiging van chemische basisproducten;10003;DSM Resins BV;20160;Vervaardiging van kunststof in primaire vorm;70183;442535;pub_0301;Chemische Industrie basisproducten;38950;Desotech F-833;70210;442560;P;20.0;;;;0.07;;;;0.0465;155978.0;70210;442559;70183;442534
1896;ER Reeks 1990-2022 Definitief;2022;204;Koolstofdioxide;T101100;SBI 20.1 (per bedrijf): Vervaardiging van chemische basisproducten;10003;DSM Resins BV;20160;Vervaardiging van kunststof in primaire vorm;70183;442535;pub_0301;Chemische Industrie basisproducten;38953;Overige kleine stookinstallaties;70210;442560;P;17.0;;;;0.0;;;;0.03925;226967.0;70210;442559;70183;442534
1897;ER Reeks 1990-2022 Definitief;2022;204;Koolstofdioxide;T101100;SBI 20.1 (per bedrijf): Vervaardiging van chemische basisproducten;10066;Kemira Chemicals BV;20149;Vervaardiging van organische basischemicaliën (geen petrochemische producten);72350;437418;pub_0301;Chemische Industrie basisproducten;38857;U4 Stoomketel SG-1228;72350;437418;P;9.0;;;;0.18;260.0;1.0;0.179;0.057;6400000.0;72350;437417;72350;437417
1898;ER Reeks 1990-2022 Definitief;2022;204;Koolstofdioxide;T103900;SBI 49-53 (per bedrijf): Transport, communicatie;10069;Standic BV;52101;Opslag in tanks;103000;422400;pub_1201;Energiegebruik en processen Handel, Diensten en Overheid (HDO);42666;Schoorsteen Stoomketel;103000;422400;P;14.0;;;;0.28;56.0;1.0;0.3442;0.019;1551866.0;103000;422399;103000;422399
1899;ER Reeks 1990-2022 Definitief;2022;204;Koolstofdioxide;T102102;SBI 23 (per bedrijf): Bouwmaterialen- en glasindustrie;101405;Electric Glass Fiber NL BV;23140;Vervaardiging van glasvezels;241450;577380;pub_0203;Bouwmaterialenindustrie;42699;diverse kleine installaties;241450;577380;P;12.0;;;;0.0;;;;0.048;785970.0;241450;577379;241450;577379
1900;ER Reeks 1990-2022 Definitief;2022;204;Koolstofdioxide;T101100;SBI 20.1 (per bedrijf): Vervaardiging van chemische basisproducten;101407;Zeolyst CV;20130;Vervaardiging van overige anorganische basischemicaliën;261647;592403;pub_0301;Chemische Industrie basisproducten;46979;ringdroger 6701;261647;592403;P;20.0;;;;0.36;;;;0.014;21877.0;261647;592402;261647;592402
1901;ER Reeks 1990-2022 Definitief;2022;204;Koolstofdioxide;T101100;SBI 20.1 (per bedrijf): Vervaardiging van chemische basisproducten;203825;Linde Gas Benelux BV;20110;Vervaardiging van industriële gassen;204514;451908;pub_0301;Chemische Industrie basisproducten;39739;Divers, overig, diffuus;204514;451908;P;5.0;;;;;;;;0.0;40398.0;204514;451907;204514;451907
1902;ER Reeks 1990-2022 Definitief;2022;204;Koolstofdioxide;T101100;SBI 20.1 (per bedrijf): Vervaardiging van chemische basisproducten;204488;Cumapol Emmen BV;20160;Vervaardiging van kunststof in primaire vorm;257552;533045;pub_0301;Chemische Industrie basisproducten;42820;Bertrams fornuizen;257552;533045;P;40.0;;;;24.0;183.0;41.0;972.0;0.058968;643000.0;257552;533044;257552;533044
1903;ER Reeks 1990-2022 Definitief;2022;204;Koolstofdioxide;T108502;SBI 35.12 (per bedrijf): Transportnet voor aardgas;204522;Ondergrondse aardgasopslag Zuidwending;35120;Beheer en exploitatie van transportnetten voor elektriciteit, aardgas en warm water;258576;567374;pub_0502;Olie- gaswinning land;37170;glycol regenerator;258576;567374;P;10.0;;;;0.0;;;;0.18;127009.782059242;258576;567373;258576;567373
1904;ER Reeks 1990-2022 Definitief;2022;204;Koolstofdioxide;T107600;SBI 01 (per bedrijf): Landbouw, jacht en dienstverlening voor de landbouw en jacht;204609;Leo Hoogweg BV;1134;Teelt van aardappels en overige wortel- en knolgewassen;187950;528503;pub_0105;Landbouwbedrijven;36490;Ketel;187950;528503;P;15.0;;;;1.27;41.0;10.0;13.22;0.492;45221.0;187950;528502;187950;528502
1905;ER Reeks 1990-2022 Definitief;2022;204;Koolstofdioxide;T107600;SBI 01 (per bedrijf): Landbouw, jacht en dienstverlening voor de landbouw en jacht;204609;Leo Hoogweg BV;1134;Teelt van aardappels en overige wortel- en knolgewassen;187950;528503;pub_0105;Landbouwbedrijven;36491;WKK;187950;528503;P;15.0;;;;2.27;25.0;18.0;40.0;0.668;515506.0;187950;528502;187950;528502
1906;ER Reeks 1990-2022 Definitief;2022;204;Koolstofdioxide;T108500;SBI 35 (per bedrijf): Productie en distributie van elektriciteit en gas;204957;Eneco Solar, Bio & Hydro BV, WKC Ypenburg;35120;Beheer en exploitatie van transportnetten voor elektriciteit, aardgas en warm water;85471;452540;pub_0503;Opwekking electriciteit;45532;Ketel 4, 5 schoorsteen;85455;452580;P;20.0;;;;0.28;100.0;17.0;4.8;0.542;962786.0;85455;452579;85471;452539
1907;ER Reeks 1990-2022 Definitief;2022;204;Koolstofdioxide;T108500;SBI 35 (per bedrijf): Productie en distributie van elektriciteit en gas;204957;Eneco Solar, Bio & Hydro BV, WKC Ypenburg;35120;Beheer en exploitatie van transportnetten voor elektriciteit, aardgas en warm water;85471;452540;pub_0503;Opwekking electriciteit;45537;WKK 5 schoorsteen;85455;452580;P;20.0;;;;0.28;110.0;;2.4;0.2964;5708791.0;85455;452579;85471;452539
1908;ER Reeks 1990-2022 Definitief;2022;204;Koolstofdioxide;T106200;SBI 25 (per bedrijf): Metaalproductenindustrie (exclusief machinebouw);205183;Van Merksteijn International BV;25930;Vervaardiging van artikelen van draad en van kettingen en veren;238760;487181;pub_0210;Metaalelektro;45639;Zinklijn;238650;487314;P;9.0;;;;0.28;;;;0.001;1383512.0;238650;487313;238760;487180
1909;ER Reeks 1990-2022 Definitief;2022;204;Koolstofdioxide;T102201;SBI 19.201 (per bedrijf): Aardolieraffinage;21010;Sonneborn Refined Products BV (Amsterdam);19201;Aardolieraffinage;116857;489691;pub_0401;Raffinage en verwerking;43048;C1 Stoomketel gasgestookt;116830;489690;P;15.0;;;;0.0;140.0;;2.8;0.46;2276410.425;116830;489689;116857;489690
1910;ER Reeks 1990-2022 Definitief;2022;204;Koolstofdioxide;T101702;SBI 20.5 (per bedrijf): Overige chemische producten;21101;Albemarle Catalysts Company B.V.;20590;Vervaardiging van overige chemische producten n.e.g.;124570;488620;pub_0304;Chemische Industrie overig;7554;FCC-proces;124110;488860;P;30.0;;;;0.0;60.0;;15.3;0.943;30709567.0;124110;488859;124570;488619
1911;ER Reeks 1990-2022 Definitief;2022;204;Koolstofdioxide;T101702;SBI 20.5 (per bedrijf): Overige chemische producten;21101;Albemarle Catalysts Company B.V.;20590;Vervaardiging van overige chemische producten n.e.g.;124570;488620;pub_0304;Chemische Industrie overig;7556;KL-105;124190;488840;P;25.0;;;;0.0;200.0;0.0;0.035;0.008;46300.0;124190;488839;124570;488619
1912;ER Reeks 1990-2022 Definitief;2022;204;Koolstofdioxide;T106100;SBI 22.2 (per bedrijf): Vervaardiging van producten van kunststof;44301;Schut Flexible Packaging;22220;Vervaardiging van verpakkingsmiddelen van kunststof;101980;397880;pub_0213;Rubber- en kunstofverw. Industrie;36528;Naverbrander;101906;397932;P;12.0;;;;1.0;100.0;10.0;9.7;1.096;2022536.0;101906;397931;101980;397879
1913;ER Reeks 1990-2022 Definitief;2022;204;Koolstofdioxide;T102700;SBI 20.15 (per bedrijf): Vervaardiging van kunstmeststoffen en stikstofverbindingen;9003;Everris International BV;20150;Vervaardiging van kunstmeststoffen en stikstofverbindingen;198043;318361;pub_0303;Chemische Industrie kunstmeststoffen;14639;Stacks Incinerators;198043;318361;P;12.0;;;;9.0;687.0;1.0;6.93;6.006;9023000.0;198043;318360;198043;318360
1914;ER Reeks 1990-2022 Definitief;2022;204;Koolstofdioxide;T106100;SBI 22.2 (per bedrijf): Vervaardiging van producten van kunststof;24605;Forbo Flooring BV;22230;Vervaardiging van kunststofproducten voor de bouw;112868;500232;pub_0213;Rubber- en kunstofverw. Industrie;45658;ep  B5-1-2;113133;500651;P;22.0;;;;0.49;28.0;5.0;2.5;0.051;277086.88;113133;500650;112868;500231
1915;ER Reeks 1990-2022 Definitief;2022;204;Koolstofdioxide;T100600;SBI 17 (per bedrijf): Vervaardiging van papier, karton en papier- en kartonwaren;24606;BN International BV;17240;Vervaardiging van behangselpapier;145000;479450;pub_0211;Papier(waren);35414;Schoorsteen 3;145000;479450;P;35.0;;;;1.54;144.0;3.0;5.11;0.866;1181948.0;145000;479449;145000;479449
1916;ER Reeks 1990-2022 Definitief;2022;204;Koolstofdioxide;T104702;SBI 24.45 (per bedrijf) Vervaardiging van overige non-ferrometalen, aluminium;10064;Almatis BV;24420;Vervaardiging van aluminium;75900;433620;pub_0201;Basismetaal;38860;Cementproductie;75970;433550;P;40.0;;;;0.0;170.0;;3.61;0.732;7588495.0;75970;433549;75900;433619
1917;ER Reeks 1990-2022 Definitief;2022;204;Koolstofdioxide;T101100;SBI 20.1 (per bedrijf): Vervaardiging van chemische basisproducten;10698;Croda;20149;Vervaardiging van organische basischemicaliën (geen petrochemische producten);108400;446500;pub_0301;Chemische Industrie basisproducten;38703;791 HTO-oven DTD;108439;446646;P;22.0;;;;0.13;222.0;2.0;0.23;0.062;405132.0;108439;446645;108400;446499
1918;ER Reeks 1990-2022 Definitief;2022;204;Koolstofdioxide;T108500;SBI 35 (per bedrijf): Productie en distributie van elektriciteit en gas;94003;GDF SUEZ Centrale Bergum;35111;Productie van elektriciteit door thermische, kern- en warmtekrachtcentrales;197930;580516;pub_0503;Opwekking electriciteit;36097;Divers, overig, diffuus;197930;580516;P;5.0;;;;0.0;;;;0.0;387847.0;197930;580515;197930;580515
1919;ER Reeks 1990-2022 Definitief;2022;204;Koolstofdioxide;T101100;SBI 20.1 (per bedrijf): Vervaardiging van chemische basisproducten;94706;BASF Nederland B.V. (Nijehaske);20160;Vervaardiging van kunststof in primaire vorm;188750;553750;pub_0301;Chemische Industrie basisproducten;40754;Verwarmingsinstallatie Additieven;188750;553750;P;10.0;;;;0.07;138.0;1.0;0.04;0.006;308000.0;188750;553749;188750;553749
1920;ER Reeks 1990-2022 Definitief;2022;204;Koolstofdioxide;T102202;SBI 24.1-24.3 (per bedrijf): Basismetaalindustrie, verwerking en vervaardiging ijzer en staal;23301;Tata Steel IJmuiden BV;24100;Vervaardiging van ijzer en staal en van ferrolegeringen;100985;499055;pub_0201;Basismetaal;44786;ENB12;101900;498860;P;40.0;;;;4.90625;;;;11.794;193597689.4416862;101900;498859;100985;499054
1921;ER Reeks 1990-2022 Definitief;2022;204;Koolstofdioxide;T100201;SBI 10-12 (per bedrijf): Voedings- & genotmiddelenindustrie;10728;Cargill B.V.;10410;Vervaardiging van plantaardige en dierlijke oliën en vetten (geen margarine en andere spijsvetten);78989;433152;pub_0216;Voedings- en genotmiddelenindustrie;42527;Schoorsteen stoomketel F-510;78000;434124;P;10.0;;;;0.06;;;;0.697;269443.0;78000;434123;78989;433151
1922;ER Reeks 1990-2022 Definitief;2022;204;Koolstofdioxide;T100201;SBI 10-12 (per bedrijf): Voedings- & genotmiddelenindustrie;10728;Cargill B.V.;10410;Vervaardiging van plantaardige en dierlijke oliën en vetten (geen margarine en andere spijsvetten);78989;433152;pub_0216;Voedings- en genotmiddelenindustrie;42530;Schoorsteen stoomketel F-540;78000;434125;P;26.0;;;;0.2;;;;1.744;823656.0;78000;434124;78989;433151
1923;ER Reeks 1990-2022 Definitief;2022;204;Koolstofdioxide;T104300;SBI 23.32 (per bedrijf): Vervaardiging van bakstenen en dakpannen;10789;Monier BV (Woerden);23320;Vervaardiging van keramische producten voor de bouw (geen tegels en plavuizen);119600;455350;pub_0203;Bouwmaterialenindustrie;41730;ovens;119600;455350;P;40.0;;;;36.0;110.0;12.0;43.4;5.461;868699.096500002;119600;455349;119600;455349
1924;ER Reeks 1990-2022 Definitief;2022;204;Koolstofdioxide;T102202;SBI 24.1-24.3 (per bedrijf): Basismetaalindustrie, verwerking en vervaardiging ijzer en staal;10793;Tata Steel Nederland Tubes BV (Zwijndrecht);24200;Vervaardiging van stalen buizen, pijpen, holle profielen en fittings daarvoor;102384;424379;pub_0201;Basismetaal;11468;Vervaardiging van gelaste stalen buizen, koud gevormd en evt. voorzien van een conserveringslaag;102386;424459;P;10.0;;;;0.0;40.0;;0.27;0.01;827792.0000000001;102386;424458;102384;424378
1925;ER Reeks 1990-2022 Definitief;2022;204;Koolstofdioxide;T100201;SBI 10-12 (per bedrijf): Voedings- & genotmiddelenindustrie;102001;FrieslandCampina Bedum;10510;Vervaardiging van zuivelproducten (geen consumptie-ijs);235710;592080;pub_0216;Voedings- en genotmiddelenindustrie;46760;Afvoer toren 4;235710;592080;P;45.0;;;;0.0;;;;0.67;20368837.255825;235710;592079;235710;592079
1926;ER Reeks 1990-2022 Definitief;2022;204;Koolstofdioxide;T108500;SBI 35 (per bedrijf): Productie en distributie van elektriciteit en gas;104001;ENGIE Energie Nederland NV (Eemscentrale);35111;Productie van elektriciteit door thermische, kern- en warmtekrachtcentrales;254265;606627;pub_0503;Opwekking electriciteit;42517;EC7;254265;606627;P;67.0;;;;39.0;90.0;16.0;616.0;61.693;233176492.0;254265;606626;254265;606626
1927;ER Reeks 1990-2022 Definitief;2022;204;Koolstofdioxide;T100600;SBI 17 (per bedrijf): Vervaardiging van papier, karton en papier- en kartonwaren;104302;Solidus Solutions Board B.V. (Hoogkerk);17121;Vervaardiging van grafisch papier en karton;229850;581350;pub_0211;Papier(waren);42689;Divers, overig, diffuus;229850;581350;P;5.0;;;;0.0;;;;0.0;108128.0;229850;581349;229850;581349
1928;ER Reeks 1990-2022 Definitief;2022;204;Koolstofdioxide;T100600;SBI 17 (per bedrijf): Vervaardiging van papier, karton en papier- en kartonwaren;104304;ESKA Graphic Board BV (Hoogezand);17122;Vervaardiging van papier en karton voor verpakking;246200;575950;pub_0211;Papier(waren);42497;Divers, overig, diffuus;246200;575950;P;5.0;;;;0.0;;;;0.0;163188.9999999997;246200;575949;246200;575949
1929;ER Reeks 1990-2022 Definitief;2022;204;Koolstofdioxide;T100600;SBI 17 (per bedrijf): Vervaardiging van papier, karton en papier- en kartonwaren;104305;ESKA Graphic Board BV (Sappemeer);17122;Vervaardiging van papier en karton voor verpakking;249900;575960;pub_0211;Papier(waren);42493;Schoorsteen Ketel 3;249880;576060;P;10.0;;;;1.0;150.0;6.0;6.0;1.063;5425018.0;249880;576059;249900;575959
1930;ER Reeks 1990-2022 Definitief;2022;204;Koolstofdioxide;T104201;SBI 38.2 (per bedrijf): Afvalinzameling/beh, AVI's;28091;HVC (Alkmaar);38210;Behandeling van onschadelijk afval;112698;513765;pub_0901;AVI's;42986;AVI lijn 1;112698;513765;P;80.0;;;;2.54;162.0;12.0;29.57;5.695;191600000.0;112698;513764;112698;513764
1931;ER Reeks 1990-2022 Definitief;2022;204;Koolstofdioxide;T104201;SBI 38.2 (per bedrijf): Afvalinzameling/beh, AVI's;28091;HVC (Alkmaar);38210;Behandeling van onschadelijk afval;112698;513765;pub_0901;AVI's;42989;AVI lijn 4;112698;513765;P;80.0;;;;4.15;60.0;11.0;45.45;2.801;242907000.0;112698;513764;112698;513764
1932;ER Reeks 1990-2022 Definitief;2022;204;Koolstofdioxide;T102102;SBI 23 (per bedrijf): Bouwmaterialen- en glasindustrie;4753;Rockwool B.V.;23990;Vervaardiging van niet-metaalhoudende minerale producten (geen schuur-, slijp- en polijstmiddelen);200915;353671;pub_0203;Bouwmaterialenindustrie;35001;Divers, overig, diffuus;200915;353671;P;5.0;;;;0.0;;;;0.0;567178.47615;200915;353670;200915;353670
1933;ER Reeks 1990-2022 Definitief;2022;204;Koolstofdioxide;T102102;SBI 23 (per bedrijf): Bouwmaterialen- en glasindustrie;44773;Saint Gobain Construction Products;23140;Vervaardiging van glasvezels;100624;397751;pub_0203;Bouwmaterialenindustrie;37438;Ovens glaswol/glasvlies;100680;397730;P;64.0;;;;4.3;185.5;1.0;5.0;1.114;17328295.0;100680;397729;100624;397750
1934;ER Reeks 1990-2022 Definitief;2022;204;Koolstofdioxide;T106100;SBI 22.2 (per bedrijf): Vervaardiging van producten van kunststof;104611;Schur Flexible Benelux BV;22220;Vervaardiging van verpakkingsmiddelen van kunststof;222100;575550;pub_0213;Rubber- en kunstofverw. Industrie;46822;1 gasgestookte luchtverhitter Kapteynlaan;220715;577402;P;12.0;;;;0.00785;;;;0.065;14072.3214606968;220715;577401;222100;575549
1935;ER Reeks 1990-2022 Definitief;2022;204;Koolstofdioxide;T105300;SBI 10.5 (per bedrijf): Zuivelindustrie;105007;FrieslandCampina Cheese Marum;10510;Vervaardiging van zuivelproducten (geen consumptie-ijs);213000;573000;pub_0216;Voedings- en genotmiddelenindustrie;42747;Divers, overig, diffuus;213000;573000;P;5.0;;;;0.0;;;;0.0;2700.0;213000;572999;213000;572999
1936;ER Reeks 1990-2022 Definitief;2022;204;Koolstofdioxide;T100201;SBI 10-12 (per bedrijf): Voedings- & genotmiddelenindustrie;10546;Bel Leerdammer BV (Schoonrewoerd);10510;Vervaardiging van zuivelproducten (geen consumptie-ijs);136450;437100;pub_0216;Voedings- en genotmiddelenindustrie;36403;Ketelhuis;136450;437100;P;9.0;;;;0.0;;;;0.075;2670000.0;136450;437099;136450;437099
1937;ER Reeks 1990-2022 Definitief;2022;204;Koolstofdioxide;T101100;SBI 20.1 (per bedrijf): Vervaardiging van chemische basisproducten;325;Lawter Maastricht BV;20149;Vervaardiging van organische basischemicaliën (geen petrochemische producten);177690;321395;pub_0301;Chemische Industrie basisproducten;38718;Verbrandingsoven incl. Nageschakelde Gaswasser;177580;321120;P;20.0;;;;0.39;67.0;3.0;1.225;0.087;1150000.0;177580;321119;177690;321394
1938;ER Reeks 1990-2022 Definitief;2022;204;Koolstofdioxide;T100600;SBI 17 (per bedrijf): Vervaardiging van papier, karton en papier- en kartonwaren;48024;SCA Tissue Nederland BV;17220;Vervaardiging van huishoudelijke en sanitaire papierwaren;187500;418200;pub_0211;Papier(waren);8352;Verwarming Magazijn Maashaven;187466;418561;P;10.0;;;;4.0;;;;0.001;119948.77;187466;418560;187500;418199
1939;ER Reeks 1990-2022 Definitief;2022;204;Koolstofdioxide;T100600;SBI 17 (per bedrijf): Vervaardiging van papier, karton en papier- en kartonwaren;48024;SCA Tissue Nederland BV;17220;Vervaardiging van huishoudelijke en sanitaire papierwaren;187500;418200;pub_0211;Papier(waren);39456;Noodfakkel anaerobe voorzuivering van afvalwater;187474;418272;P;20.0;;;;0.72;;;;0.0;56698.756;187474;418271;187500;418199
1940;ER Reeks 1990-2022 Definitief;2022;204;Koolstofdioxide;T100600;SBI 17 (per bedrijf): Vervaardiging van papier, karton en papier- en kartonwaren;48024;SCA Tissue Nederland BV;17220;Vervaardiging van huishoudelijke en sanitaire papierwaren;187500;418200;pub_0211;Papier(waren);39458;schoorsteen ketel 5;187391;418177;P;9.0;;;;0.35;220.0;4.0;1.274;0.34;188746.68;187391;418176;187500;418199
1941;ER Reeks 1990-2022 Definitief;2022;204;Koolstofdioxide;T100600;SBI 17 (per bedrijf): Vervaardiging van papier, karton en papier- en kartonwaren;48024;SCA Tissue Nederland BV;17220;Vervaardiging van huishoudelijke en sanitaire papierwaren;187500;418200;pub_0211;Papier(waren);45617;schoorsteen ketel 2 + 6;187377;418188;P;30.0;;;;2.24;120.0;1.0;1.537;0.213;7869242.799;187377;418187;187500;418199
1942;ER Reeks 1990-2022 Definitief;2022;204;Koolstofdioxide;T109000;SBI 16 (per bedrijf): Houtindustrie en vervaardiging van artikelen van hout, kurk, riet en vlechtwerk (geen meubels);48054;Van Swaay Hout Schijndel;16102;Verduurzamen van hout;161677;402051;pub_0206;Houtbewerkende industrie;36485;emissiepunt warmte opwekking;161677;402051;P;8.0;;;;0.05;;;;0.149;78000.0;161677;402050;161677;402050
1943;ER Reeks 1990-2022 Definitief;2022;204;Koolstofdioxide;T104706;SBI 24.45 (per bedrijf) Vervaardiging van overige non-ferrometalen, zink;48073;Nedzink BV;24430;Vervaardiging van lood, zink en tin;169850;360930;pub_0201;Basismetaal;34996;Novalijn;169850;360930;P;14.0;;;;0.12;;;;0.001;16737.786;169850;360929;169850;360929
1944;ER Reeks 1990-2022 Definitief;2022;204;Koolstofdioxide;T104706;SBI 24.45 (per bedrijf) Vervaardiging van overige non-ferrometalen, zink;48073;Nedzink BV;24430;Vervaardiging van lood, zink en tin;169850;360930;pub_0201;Basismetaal;34998;Warmwals;169850;360930;P;15.0;;;;0.38;;;;0.001;167377.86;169850;360929;169850;360929
1945;ER Reeks 1990-2022 Definitief;2022;204;Koolstofdioxide;T106200;SBI 25 (per bedrijf): Metaalproductenindustrie (exclusief machinebouw);43210;AHC Benelux B.V.;25610;Oppervlaktebehandeling en bekleding van metaal;158280;382800;pub_0210;Metaalelektro;46773;HT-ketel;158280;382800;P;5.0;;;;0.031;;;;0.001;290402.58;158280;382799;158280;382799
1946;ER Reeks 1990-2022 Definitief;2022;204;Koolstofdioxide;T106200;SBI 25 (per bedrijf): Metaalproductenindustrie (exclusief machinebouw);43210;AHC Benelux B.V.;25610;Oppervlaktebehandeling en bekleding van metaal;158280;382800;pub_0210;Metaalelektro;46775;LT-ketel 2;158280;382800;P;5.0;;;;0.008;;;;0.001;52123.54;158280;382799;158280;382799
1947;ER Reeks 1990-2022 Definitief;2022;204;Koolstofdioxide;T104702;SBI 24.45 (per bedrijf) Vervaardiging van overige non-ferrometalen, aluminium;5739;E-max Remelt;24420;Vervaardiging van aluminium;200842;321125;pub_0201;Basismetaal;36503;Schoorsteen GO3;200842;321125;P;18.0;;;;0.8;;;;0.335;1752498.0;200842;321124;200842;321124
1948;ER Reeks 1990-2022 Definitief;2022;204;Koolstofdioxide;T104702;SBI 24.45 (per bedrijf) Vervaardiging van overige non-ferrometalen, aluminium;5739;E-max Remelt;24420;Vervaardiging van aluminium;200842;321125;pub_0201;Basismetaal;36506;Schoorsteen HO3;200842;321125;P;18.0;;;;0.87;;;;0.589;1525982.0;200842;321124;200842;321124
1949;ER Reeks 1990-2022 Definitief;2022;204;Koolstofdioxide;T100600;SBI 17 (per bedrijf): Vervaardiging van papier, karton en papier- en kartonwaren;5740;WEPA Nederland B.V.;17220;Vervaardiging van huishoudelijke en sanitaire papierwaren;199937;360577;pub_0211;Papier(waren);35017;Afzuiging PM-4;199864;360518;P;18.0;;;;0.0;;;;0.97;2050000.0;199864;360517;199937;360576
1950;ER Reeks 1990-2022 Definitief;2022;204;Koolstofdioxide;T101100;SBI 20.1 (per bedrijf): Vervaardiging van chemische basisproducten;5804;PQ Silicas BV (Maastricht);20130;Vervaardiging van overige anorganische basischemicaliën;177330;321380;pub_0301;Chemische Industrie basisproducten;43269;2804 - Rookgassen stoomketel (aardgas);177611;321167;P;10.0;;;;0.0;;;;0.04;6989705.0;177611;321166;177330;321379
1951;ER Reeks 1990-2022 Definitief;2022;204;Koolstofdioxide;T105600;SBI 10.8 (per bedrijf): Overige voedingsmiddelenindustrie (exclusief SBI 10.81 en 10.82);10687;DSM Delft Permit BV;10890;Vervaardiging van overige voedingsmiddelen n.e.g.;83500;448300;pub_0216;Voedings- en genotmiddelenindustrie;38399;Gistproductie (fermentatie, fabC);83500;448300;P;85.0;;;;1.0;;;;10.0;18281.0;83500;448299;83500;448299
1952;ER Reeks 1990-2022 Definitief;2022;204;Koolstofdioxide;T100201;SBI 10-12 (per bedrijf): Voedings- & genotmiddelenindustrie;10687;DSM Delft Permit BV;10890;Vervaardiging van overige voedingsmiddelen n.e.g.;83500;448300;pub_0216;Voedings- en genotmiddelenindustrie;38402;Middendruk stoomketel K31 (bouwjaar 1978);83760;448257;P;50.0;;;;0.0;;;;2.5;14300664.0;83760;448256;83500;448299
1953;ER Reeks 1990-2022 Definitief;2022;204;Koolstofdioxide;T108500;SBI 35 (per bedrijf): Productie en distributie van elektriciteit en gas;114001;Maxima-centrale;35111;Productie van elektriciteit door thermische, kern- en warmtekrachtcentrales;164694;509969;pub_0503;Opwekking electriciteit;36155;FL4;164694;509969;P;70.0;;;;38.0;90.0;13.0;504.0;50.476;598264025.0;164694;509968;164694;509968
1954;ER Reeks 1990-2022 Definitief;2022;204;Koolstofdioxide;T101100;SBI 20.1 (per bedrijf): Vervaardiging van chemische basisproducten;115036;Lyondell Chemie Nederland B.V.;20141;Vervaardiging van petrochemische producten;61001;443044;pub_0301;Chemische Industrie basisproducten;38573;SP-11141 (thermal combustor);61369;442920;P;20.0;;;;0.0;949.0;;1.4;1.684;3180898.1104;61369;442919;61001;443043
1955;ER Reeks 1990-2022 Definitief;2022;204;Koolstofdioxide;T102501;SBI 20.141 (per bedrijf): Vervaardiging van petrochemische producten;115036;Lyondell Chemie Nederland B.V.;20141;Vervaardiging van petrochemische producten;61001;443044;pub_0301;Chemische Industrie basisproducten;38573;SP-11141 (thermal combustor);61369;442920;P;20.0;;;;0.0;949.0;;1.4;1.684;1781606.8896;61369;442919;61001;443043
1956;ER Reeks 1990-2022 Definitief;2022;204;Koolstofdioxide;T102102;SBI 23 (per bedrijf): Bouwmaterialen- en glasindustrie;115049;Holonite BV (Tholen);23611;Vervaardiging van producten van beton voor de bouw;74643;395657;pub_0203;Bouwmaterialenindustrie;36879;Verwarmingsketels;74690;395760;P;10.0;;;;0.0;;;;1.0;115000.0;74690;395759;74643;395656
1957;ER Reeks 1990-2022 Definitief;2022;204;Koolstofdioxide;T106100;SBI 22.2 (per bedrijf): Vervaardiging van producten van kunststof;115066;Trespa International BV;22210;Vervaardiging van platen, folie, buizen en profielen van kunststof;173461;361310;pub_0213;Rubber- en kunstofverw. Industrie;36389;Ketelhuis;173461;361310;P;15.0;;;;0.785;90.0;9.0;3.43;0.344;16378064.0;173461;361309;173461;361309
1958;ER Reeks 1990-2022 Definitief;2022;204;Koolstofdioxide;T100201;SBI 10-12 (per bedrijf): Voedings- & genotmiddelenindustrie;115185;DOC Kaas (Zuivelpark);10510;Vervaardiging van zuivelproducten (geen consumptie-ijs);231671;525745;pub_0216;Voedings- en genotmiddelenindustrie;35450;Luchtverhitter;231434;525774;P;33.0;;;;1.06;106.0;1.0;0.636;0.077;2885791.0;231434;525773;231671;525744
1959;ER Reeks 1990-2022 Definitief;2022;204;Koolstofdioxide;T102102;SBI 23 (per bedrijf): Bouwmaterialen- en glasindustrie;59;Koninklijke Mosa BV Wandtegelfabriek;23310;Vervaardiging van keramische tegels en plavuizen;177450;318650;pub_0203;Bouwmaterialenindustrie;41703;Divers, overig, diffuus;177450;318650;P;5.0;;;;;;;;0.0;8112224.0;177450;318649;177450;318649
1960;ER Reeks 1990-2022 Definitief;2022;204;Koolstofdioxide;T100600;SBI 17 (per bedrijf): Vervaardiging van papier, karton en papier- en kartonwaren;60;Sappi Maastricht BV;17121;Vervaardiging van grafisch papier en karton;176620;318700;pub_0211;Papier(waren);41897;Reserve installatie 24 MW / 100 ton;176690;318710;P;50.0;;;;7.0;;;;2.4;21100000.0;176690;318709;176620;318699
1961;ER Reeks 1990-2022 Definitief;2022;204;Koolstofdioxide;T104201;SBI 38.2 (per bedrijf): Afvalinzameling/beh, AVI's;75305;Twence BV Boeldershoek;38210;Behandeling van onschadelijk afval;250428;472719;pub_0901;AVI's;46770;Fakkel;250841;472581;P;8.0;;;;0.1;600.0;2.0;0.2;0.151;1924.0;250841;472580;250428;472718
1962;ER Reeks 1990-2022 Definitief;2022;204;Koolstofdioxide;T100201;SBI 10-12 (per bedrijf): Voedings- & genotmiddelenindustrie;75349;Rouveen Kaasspecialiteiten;10510;Vervaardiging van zuivelproducten (geen consumptie-ijs);209085;514986;pub_0216;Voedings- en genotmiddelenindustrie;36407;stoomketel;208988;515050;P;25.0;;;;0.13;55.0;0.0;0.0544;0.003;2832943.0;208988;515049;209085;514985
1963;ER Reeks 1990-2022 Definitief;2022;204;Koolstofdioxide;T104300;SBI 23.32 (per bedrijf): Vervaardiging van bakstenen en dakpannen;79;Steenfabriek Linssen BV;23320;Vervaardiging van keramische producten voor de bouw (geen tegels en plavuizen);199520;318420;pub_0203;Bouwmaterialenindustrie;36576;schoorsteen tunneloven;199520;318420;P;35.0;;;;0.5;170.0;2.0;1.11;0.225;250084.3916;199520;318419;199520;318419
1964;ER Reeks 1990-2022 Definitief;2022;204;Koolstofdioxide;T100201;SBI 10-12 (per bedrijf): Voedings- & genotmiddelenindustrie;42834;Rendac Son BV;10910;Vervaardiging van veevoeders;159100;390650;pub_0216;Voedings- en genotmiddelenindustrie;56862;Schoorsteen TNV SKL70;159100;390650;P;25.0;;;;0.8;;;;0.84;8287503.0;159100;390649;159100;390649
1965;ER Reeks 1990-2022 Definitief;2022;204;Koolstofdioxide;T101100;SBI 20.1 (per bedrijf): Vervaardiging van chemische basisproducten;115036;Lyondell Chemie Nederland B.V.;20141;Vervaardiging van petrochemische producten;61001;443044;pub_0301;Chemische Industrie basisproducten;56976;SP-11601 (CSP incinerator);61264;443159;P;45.0;;;;3.8;125.0;5.0;17.5;2.539;24074365.7372;61264;443158;61001;443043
1966;ER Reeks 1990-2022 Definitief;2022;204;Koolstofdioxide;T100201;SBI 10-12 (per bedrijf): Voedings- & genotmiddelenindustrie;42310;Suiker Unie (Dinteloord);10810;Vervaardiging van suiker;89012;403688;pub_0216;Voedings- en genotmiddelenindustrie;34982;Afvoer ruimteverwarming;88880;403856;P;15.0;;;;0.02;;;;0.23;2465254.0;88880;403855;89012;403687
1967;ER Reeks 1990-2022 Definitief;2022;204;Koolstofdioxide;T104200;SBI 23.2-23.4 (per bedrijf): Vervaardiging van keramische producten;200228;Gouda Refractories BV;23200;Vervaardiging van vuurvaste keramische producten;107135;447577;pub_0203;Bouwmaterialenindustrie;41636;Schoorsteen tunneloven 2;107002;447328;P;30.0;;;;0.5;220.0;6.0;3.1;0.828;289700.891067;107002;447327;107135;447576
1968;ER Reeks 1990-2022 Definitief;2022;204;Koolstofdioxide;T102102;SBI 23 (per bedrijf): Bouwmaterialen- en glasindustrie;200286;Steenfabriek De Nijverheid BV;23320;Vervaardiging van keramische producten voor de bouw (geen tegels en plavuizen);218250;434896;pub_0203;Bouwmaterialenindustrie;46738;Oven 2;218306;434822;P;25.0;;;;0.95;;;;1.0;7674586.029999999;218306;434821;218250;434895
1969;ER Reeks 1990-2022 Definitief;2022;204;Koolstofdioxide;T103900;SBI 49-53 (per bedrijf): Transport, communicatie;200314;Teeuwissen Coldstore Cuijk BV;52102;Opslag in koelhuizen e.d.;187849;418427;pub_1201;Energiegebruik en processen Handel, Diensten en Overheid (HDO);42569;Divers, overig, diffuus;187849;418427;P;5.0;;;;;;;;0.0;236980.0;187849;418426;187849;418426
1970;ER Reeks 1990-2022 Definitief;2022;204;Koolstofdioxide;T104201;SBI 38.2 (per bedrijf): Afvalinzameling/beh, AVI's;200538;GMB Slibverwerking Zutphen BV;38210;Behandeling van onschadelijk afval;210294;463909;pub_0901;AVI's;37245;schoorsteen;210294;463909;P;85.0;;;;3.5;28.3;15.0;53.6;1.122;858056.0;210294;463908;210294;463908
1971;ER Reeks 1990-2022 Definitief;2022;204;Koolstofdioxide;T100600;SBI 17 (per bedrijf): Vervaardiging van papier, karton en papier- en kartonwaren;66220;Solidpack BV;17211;Vervaardiging van verpakkingsmiddelen van papier en karton;199900;460500;pub_0211;Papier(waren);36415;Emissie stoomketel;199900;460500;P;35.0;;;;0.38;58.0;6.0;2.33;0.138;14014217.0;199900;460499;199900;460499
1972;ER Reeks 1990-2022 Definitief;2022;204;Koolstofdioxide;T102100;SBI 17.1 (per bedrijf): Vervaardiging van papierpulp, papier en karton;66248;Loparex BV;17129;Vervaardiging van papier en karton (geen grafisch en niet voor verpakking);193050;467151;pub_0211;Papier(waren);37049;Drukwerk CM 4;193050;467151;P;26.0;;;;1.89;70.0;0.0;0.75;0.056;13293.224212;193050;467150;193050;467150
1973;ER Reeks 1990-2022 Definitief;2022;204;Koolstofdioxide;T100600;SBI 17 (per bedrijf): Vervaardiging van papier, karton en papier- en kartonwaren;66248;Loparex BV;17129;Vervaardiging van papier en karton (geen grafisch en niet voor verpakking);193050;467151;pub_0211;Papier(waren);37049;Drukwerk CM 4;193050;467151;P;26.0;;;;1.89;70.0;0.0;0.75;0.056;15262.285788;193050;467150;193050;467150
1974;ER Reeks 1990-2022 Definitief;2022;204;Koolstofdioxide;T104201;SBI 38.2 (per bedrijf): Afvalinzameling/beh, AVI's;66253;Stichting Mestverwerking Gelderland SMG (KGBI Stroe);38210;Behandeling van onschadelijk afval;176502;465210;pub_0901;AVI's;35124;Divers, overig, diffuus;176502;465210;P;5.0;;;;0.0;;;;0.0;3270.0;176502;465209;176502;465209
1975;ER Reeks 1990-2022 Definitief;2022;204;Koolstofdioxide;T104201;SBI 38.2 (per bedrijf): Afvalinzameling/beh, AVI's;66325;Stichting Mestverwerking Gelderland SMG (KGBI Elspeet);38210;Behandeling van onschadelijk afval;180881;475989;pub_0901;AVI's;35122;Divers, overig, diffuus;180881;475989;P;5.0;;;;0.0;;;;0.0;992.0;180881;475988;180881;475988
1976;ER Reeks 1990-2022 Definitief;2022;204;Koolstofdioxide;T111201;SBI 38.2 (per bedrijf): Behandeling van afval;66326;Stichting Mestverwerking Gelderland SMG (KGBI Putten);38210;Behandeling van onschadelijk afval;165512;475595;pub_0901;AVI's;35123;Divers, overig, diffuus;165512;475595;P;5.0;;;;0.0;;;;0.0;3221000.0;165512;475594;165512;475594
1977;ER Reeks 1990-2022 Definitief;2022;204;Koolstofdioxide;T101100;SBI 20.1 (per bedrijf): Vervaardiging van chemische basisproducten;51404;ICL-IP Terneuzen BV;20149;Vervaardiging van organische basischemicaliën (geen petrochemische producten);46867;369035;pub_0301;Chemische Industrie basisproducten;39595;BRU;46900;369050;P;30.0;;;;0.07;;;;0.085;472212.9993;46900;369049;46867;369034
1978;ER Reeks 1990-2022 Definitief;2022;204;Koolstofdioxide;T102201;SBI 19.201 (per bedrijf): Aardolieraffinage;51501;Zeeland Refinery N.V.;19201;Aardolieraffinage;39593;385373;pub_0401;Raffinage en verwerking;43473;schoorsteen 070H02;39593;385373;P;120.0;;;;10.0;;;;8.8;256527747.0;39593;385372;39593;385372
1979;ER Reeks 1990-2022 Definitief;2022;204;Koolstofdioxide;T102201;SBI 19.201 (per bedrijf): Aardolieraffinage;51501;Zeeland Refinery N.V.;19201;Aardolieraffinage;39593;385373;pub_0401;Raffinage en verwerking;43475;schoorsteen 309H06;39593;385373;P;35.0;;;;10.0;;;;4.1;112136298.0;39593;385372;39593;385372
1980;ER Reeks 1990-2022 Definitief;2022;204;Koolstofdioxide;T100201;SBI 10-12 (per bedrijf): Voedings- & genotmiddelenindustrie;42629;Cargill BV;10620;Vervaardiging van zetmeel en zetmeelproducten;76778;391435;pub_0216;Voedings- en genotmiddelenindustrie;39704;Kooloven;76760;391390;P;25.0;;;;0.54;;;;0.2;3659580.0;76760;391389;76778;391434
1981;ER Reeks 1990-2022 Definitief;2022;204;Koolstofdioxide;T100201;SBI 10-12 (per bedrijf): Voedings- & genotmiddelenindustrie;42834;Rendac Son BV;10910;Vervaardiging van veevoeders;159100;390650;pub_0216;Voedings- en genotmiddelenindustrie;38583;Hoge-druk-stoomunit;159100;390650;P;10.0;;;;0.3;;;;0.07;405218.0;159100;390649;159100;390649
1982;ER Reeks 1990-2022 Definitief;2022;204;Koolstofdioxide;T100201;SBI 10-12 (per bedrijf): Voedings- & genotmiddelenindustrie;42834;Rendac Son BV;10910;Vervaardiging van veevoeders;159100;390650;pub_0216;Voedings- en genotmiddelenindustrie;38585;Schoorsteen Biogas WKK 3620E;159100;390650;P;14.0;;;;0.5;;;;0.68;3493490.96130587;159100;390649;159100;390649
1983;ER Reeks 1990-2022 Definitief;2022;204;Koolstofdioxide;T100201;SBI 10-12 (per bedrijf): Voedings- & genotmiddelenindustrie;42834;Rendac Son BV;10910;Vervaardiging van veevoeders;159100;390650;pub_0216;Voedings- en genotmiddelenindustrie;38587;Schoorsteen Biogas WKK 3670E;159100;390650;P;15.0;;;;1.0;;;;0.76;10517780.8342256;159100;390649;159100;390649
1984;ER Reeks 1990-2022 Definitief;2022;204;Koolstofdioxide;T100201;SBI 10-12 (per bedrijf): Voedings- & genotmiddelenindustrie;42834;Rendac Son BV;10910;Vervaardiging van veevoeders;159100;390650;pub_0216;Voedings- en genotmiddelenindustrie;38589;Schoorsteen incinerator;159100;390650;P;25.0;;;;60.0;;;;1.6;75147.0;159100;390649;159100;390649
1985;ER Reeks 1990-2022 Definitief;2022;204;Koolstofdioxide;T100201;SBI 10-12 (per bedrijf): Voedings- & genotmiddelenindustrie;105029;Storteboom Kornhorn BV;10120;Pluimveeslachterijen;212511;577696;pub_0216;Voedings- en genotmiddelenindustrie;37529;Divers, overig, diffuus;212511;577696;P;5.0;;;;;;;;0.0;26800.0;212511;577695;212511;577695
1986;ER Reeks 1990-2022 Definitief;2022;204;Koolstofdioxide;T100201;SBI 10-12 (per bedrijf): Voedings- & genotmiddelenindustrie;12172;Promelca B.V. (Gorinchem);10510;Vervaardiging van zuivelproducten (geen consumptie-ijs);125150;426700;pub_0216;Voedings- en genotmiddelenindustrie;47394;Luchtverhitter T7;125102;426876;P;46.0;;;;0.52;;;;0.19;6334000.0;125102;426875;125150;426699
1987;ER Reeks 1990-2022 Definitief;2022;204;Koolstofdioxide;T100201;SBI 10-12 (per bedrijf): Voedings- & genotmiddelenindustrie;10687;DSM Delft Permit BV;10890;Vervaardiging van overige voedingsmiddelen n.e.g.;83500;448300;pub_0216;Voedings- en genotmiddelenindustrie;47332;BPF-stoomgenerator;83352;448278;P;3.0;;;;1.0;;;;0.04;9972.0;83352;448277;83500;448299
1988;ER Reeks 1990-2022 Definitief;2022;204;Koolstofdioxide;T100201;SBI 10-12 (per bedrijf): Voedings- & genotmiddelenindustrie;72024;Lyempf Kampen BV;10510;Vervaardiging van zuivelproducten (geen consumptie-ijs);191550;507000;pub_0216;Voedings- en genotmiddelenindustrie;47391;Sproeidroogtoren 3;191545;507020;P;17.0;;;;0.36;164.5;2.0;0.819;0.16;3450000.0;191545;507019;191550;506999
1989;ER Reeks 1990-2022 Definitief;2022;204;Koolstofdioxide;T108500;SBI 35 (per bedrijf): Productie en distributie van elektriciteit en gas;203228;Nuon Power Projects 1 BV (Eemshaven);35111;Productie van elektriciteit door thermische, kern- en warmtekrachtcentrales;252795;607838;pub_0503;Opwekking electriciteit;45585;NA1;252339;607920;P;6.0;;;;0.2;;;;0.7;23293.0;252339;607919;252795;607837
1990;ER Reeks 1990-2022 Definitief;2022;204;Koolstofdioxide;T108500;SBI 35 (per bedrijf): Productie en distributie van elektriciteit en gas;203228;Nuon Power Projects 1 BV (Eemshaven);35111;Productie van elektriciteit door thermische, kern- en warmtekrachtcentrales;252795;607838;pub_0503;Opwekking electriciteit;45587;NA3;252352;607915;P;6.0;;;;0.2;;;;0.7;25816.0;252352;607914;252795;607837
1991;ER Reeks 1990-2022 Definitief;2022;204;Koolstofdioxide;T108500;SBI 35 (per bedrijf): Productie en distributie van elektriciteit en gas;203273;RWE Eemshaven Holding BV;35111;Productie van elektriciteit door thermische, kern- en warmtekrachtcentrales;252795;607838;pub_0503;Opwekking electriciteit;46782;Schoorsteen Blok A;252978;606921;P;120.0;;;;50.0;52.0;13.0;626.0;32.151;2945196511.671574;252978;606920;252795;607837
1992;ER Reeks 1990-2022 Definitief;2022;204;Koolstofdioxide;T105900;SBI 18/58 (per bedrijf): Uitgeverijen, drukkerijen, reproductie van opgenomen media;202692;Drukkerij Zwart;18124;Drukkerijen van verpakkingen;153565;464110;pub_0205;Grafische industrie;47412;Thermische olieketel;153565;464109;P;16.0;;;;0.0;;;;0.049;426000.0;153565;464108;153565;464109
1993;ER Reeks 1990-2022 Definitief;2022;204;Koolstofdioxide;T102800;SBI 20.16 (per bedrijf): Vervaardiging van kunststof in primaire vorm;62;Chemelot Site Permit BV;20160;Vervaardiging van kunststof in primaire vorm;183732;332404;pub_0301;Chemische Industrie basisproducten;61164;ACN AnQore 1 STARTVERHITTER;184000;333030;P;40.0;;;;1.37;800.0;;4.58333;4.677288265;280226.0;184000;333029;183732;332403
1994;ER Reeks 1990-2022 Definitief;2022;204;Koolstofdioxide;T102800;SBI 20.16 (per bedrijf): Vervaardiging van kunststof in primaire vorm;62;Chemelot Site Permit BV;20160;Vervaardiging van kunststof in primaire vorm;183732;332404;pub_0301;Chemische Industrie basisproducten;61181;ACN AnQore 4-II FAKKEL ACN-2 (X451);184090;333110;P;65.0;;;;0.71;700.0;;0.12583;0.112051615;1047574.0;184090;333109;183732;332403
1995;ER Reeks 1990-2022 Definitief;2022;204;Koolstofdioxide;T102800;SBI 20.16 (per bedrijf): Vervaardiging van kunststof in primaire vorm;62;Chemelot Site Permit BV;20160;Vervaardiging van kunststof in primaire vorm;183732;332404;pub_0301;Chemische Industrie basisproducten;61195;AFA OCI 3.4 REFLUXVAT V-3208;183488;333320;P;25.0;;;;0.08;15.0;;0.02778;0.0;333.0;183488;333319;183732;332403
1996;ER Reeks 1990-2022 Definitief;2022;204;Koolstofdioxide;T100201;SBI 10-12 (per bedrijf): Voedings- & genotmiddelenindustrie;62025;FrieslandCampina Domo (Borculo);10510;Vervaardiging van zuivelproducten (geen consumptie-ijs);233150;459540;pub_0216;Voedings- en genotmiddelenindustrie;61128;Ketelhuis;233216;459505;P;30.0;;;;1.5;140.0;7.0;10.6;1.742;63570000.0;233216;459504;233150;459539
1997;ER Reeks 1990-2022 Definitief;2022;204;Koolstofdioxide;T101100;SBI 20.1 (per bedrijf): Vervaardiging van chemische basisproducten;94706;BASF Nederland B.V. (Nijehaske);20160;Vervaardiging van kunststof in primaire vorm;188750;553750;pub_0301;Chemische Industrie basisproducten;49572;RTO 2(thermische naverbrandingsinstallatie);188750;553750;P;10.0;;;;0.8;98.0;3.0;2.2;0.243;117402.335925;188750;553749;188750;553749
1998;ER Reeks 1990-2022 Definitief;2022;204;Koolstofdioxide;T103700;SBI 20.6 (per bedrijf): Vervaardiging van synthetische en kunstmatige vezels;105004;Teijin Aramid BV;20600;Vervaardiging van synthetische en kunstmatige vezels;258810;593450;pub_0304;Chemische Industrie overig;61123;Gas gestookt fornuis AF-8201D;259779;593520;P;25.0;;;;0.0;;;;0.64;4268303.66528926;259779;593519;258810;593449
1999;ER Reeks 1990-2022 Definitief;2022;204;Koolstofdioxide;T103200;SBI 20.4 (per bedrijf): Vervaardiging was- en schoonmaakmiddelen, parfums en cosmetica;201241;Emmtec Services BV;81229;Overige gespecialiseerde reiniging;257552;533045;pub_0304;Chemische Industrie overig;58581;Fakkel;257785;533194;P;7.0;;;;0.5;450.0;1.0;0.6;0.337;66000.0;257785;533193;257552;533044
2000;ER Reeks 1990-2022 Definitief;2022;204;Koolstofdioxide;T103002;SBI 30 (per bedrijf): Overige transportmiddelen;202159;Fokker Aerostructures BV;30300;Vervaardiging van vliegtuigen en onderdelen daarvoor;106240;426515;pub_0210;Metaalelektro;59283;N73058;105848;426837;P;10.0;;;;0.2;65.0;0.0;0.03;0.002;172546.32;105848;426836;106240;426514
2001;ER Reeks 1990-2022 Definitief;2022;204;Koolstofdioxide;T103002;SBI 30 (per bedrijf): Overige transportmiddelen;202159;Fokker Aerostructures BV;30300;Vervaardiging van vliegtuigen en onderdelen daarvoor;106240;426515;pub_0210;Metaalelektro;59286;BJM-AAA-83;105909;426830;P;10.0;;;;0.2;65.0;0.0;0.015;0.001;86273.16;105909;426829;106240;426514
2002;ER Reeks 1990-2022 Definitief;2022;204;Koolstofdioxide;T103002;SBI 30 (per bedrijf): Overige transportmiddelen;202159;Fokker Aerostructures BV;30300;Vervaardiging van vliegtuigen en onderdelen daarvoor;106240;426515;pub_0210;Metaalelektro;59608;N73036 G37;106163;426497;P;10.0;;;;0.2;42.6;0.0;0.011;0.00039468;86273.16;106163;426496;106240;426514
2003;ER Reeks 1990-2022 Definitief;2022;204;Koolstofdioxide;T103002;SBI 30 (per bedrijf): Overige transportmiddelen;202159;Fokker Aerostructures BV;30300;Vervaardiging van vliegtuigen en onderdelen daarvoor;106240;426515;pub_0210;Metaalelektro;59610;N97219 G91;105983;426746;P;10.0;;;;0.1;65.0;0.0;0.005;0.000325;86273.16;105983;426745;106240;426514
2004;ER Reeks 1990-2022 Definitief;2022;204;Koolstofdioxide;T163100;SBI 63 (per bedrijf) - Gegevensverwerking, webhosting en aanverwante activiteiten;205570;NL-DC Datacenter Flevoland;63110;Gegevensverwerking, webhosting en aanverwante activiteiten;146911;486281;pub_1201;Energiegebruik en processen Handel, Diensten en Overheid (HDO);58580;stookinstallatie schoorsteen;146862;486337;P;21.0;;;;1.56;480.0;6.0;9.06;5.444;27200.0;146862;486336;146911;486280
2005;ER Reeks 1990-2022 Definitief;2022;204;Koolstofdioxide;T108500;SBI 35 (per bedrijf): Productie en distributie van elektriciteit en gas;206040;Groen Gas Gelderland B.V.;35113;Productie van elektriciteit door zonnecellen, warmtepompen en waterkracht;191153;436753;pub_0503;Opwekking electriciteit;61865;Fakkel;191152;436753;P;6.0;;;;0.1;;;;1.0;432000.0;191152;436752;191153;436752
2006;ER Reeks 1990-2022 Definitief;2022;204;Koolstofdioxide;T102800;SBI 20.16 (per bedrijf): Vervaardiging van kunststof in primaire vorm;206263;Delrin Netherlands B.V.;20160;Vervaardiging van kunststof in primaire vorm;109230;425690;pub_0301;Chemische Industrie basisproducten;61818;Delrin DCA-H afval fornuis;109478;425771;P;30.0;;;;0.283;237.0;7.0;2.04;0.589;6846646.41428;109478;425770;109230;425689
2007;ER Reeks 1990-2022 Definitief;2022;204;Koolstofdioxide;T101100;SBI 20.1 (per bedrijf): Vervaardiging van chemische basisproducten;206263;Delrin Netherlands B.V.;20160;Vervaardiging van kunststof in primaire vorm;109230;425690;pub_0301;Chemische Industrie basisproducten;61818;Delrin DCA-H afval fornuis;109478;425771;P;30.0;;;;0.283;237.0;7.0;2.04;0.589;5807019.58572;109478;425770;109230;425689
2008;ER Reeks 1990-2022 Definitief;2022;204;Koolstofdioxide;T101100;SBI 20.1 (per bedrijf): Vervaardiging van chemische basisproducten;62;Chemelot Site Permit BV;20160;Vervaardiging van kunststof in primaire vorm;183732;332404;pub_0301;Chemische Industrie basisproducten;61431;NF2 OCI 6b DOLOMIETFILTER 2;183781;332360;P;44.0;;;;0.6;91.0;;4.22222;0.417155336;1156000.0;183781;332359;183732;332403
2009;ER Reeks 1990-2022 Definitief;2022;204;Koolstofdioxide;T101100;SBI 20.1 (per bedrijf): Vervaardiging van chemische basisproducten;62;Chemelot Site Permit BV;20160;Vervaardiging van kunststof in primaire vorm;183732;332404;pub_0301;Chemische Industrie basisproducten;61479;Olefins 3 SABIC 12 KRAAKOVEN F-101L;183710;329690;P;36.0;;;;1.5;160.0;;16.35333;3.082602705;69287000.0;183710;329689;183732;332403
2010;ER Reeks 1990-2022 Definitief;2022;204;Koolstofdioxide;T102800;SBI 20.16 (per bedrijf): Vervaardiging van kunststof in primaire vorm;62;Chemelot Site Permit BV;20160;Vervaardiging van kunststof in primaire vorm;183732;332404;pub_0301;Chemische Industrie basisproducten;61490;Olefins 3 SABIC 6 GRONDFAKKEL;183798;329891;P;15.0;;;;8.0;600.0;;1e-05;7.605e-06;50763000.0;183798;329890;183732;332403
2011;ER Reeks 1990-2022 Definitief;2022;204;Koolstofdioxide;T107601;SBI 59/60/90/91/93/96 (per bedrijf): Cultuur, sport, recreatie en overige dienstverlening;38002;Stichting AL-terrein;94997;Overige belangenbehartiging n.e.g.;141390;458900;pub_1201;Energiegebruik en processen Handel, Diensten en Overheid (HDO);48091;Schoorsteen NSA 10;141424;459080;P;23.0;;;;0.238;100.0;8.0;1.8;0.203;23256.0;141424;459079;141390;458899
2012;ER Reeks 1990-2022 Definitief;2022;204;Koolstofdioxide;T101100;SBI 20.1 (per bedrijf): Vervaardiging van chemische basisproducten;41003;Shell Nederland Chemie BV (Moerdijk);20141;Vervaardiging van petrochemische producten;97946;411331;pub_0301;Chemische Industrie basisproducten;48087;F101 MSPO;97565;410729;P;40.0;;;;283.0;260.0;10.0;27.78;8.846;7920648.9298865;97565;410728;97946;411330
2013;ER Reeks 1990-2022 Definitief;2022;204;Koolstofdioxide;T101100;SBI 20.1 (per bedrijf): Vervaardiging van chemische basisproducten;41003;Shell Nederland Chemie BV (Moerdijk);20141;Vervaardiging van petrochemische producten;97946;411331;pub_0301;Chemische Industrie basisproducten;48089;Fakkel MSPO-2;96819;410609;P;120.0;;;;1.0;;;;1.67694063926941;3381682.0;96819;410608;97946;411330
2014;ER Reeks 1990-2022 Definitief;2022;204;Koolstofdioxide;T100201;SBI 10-12 (per bedrijf): Voedings- & genotmiddelenindustrie;82603;Avebe u.a. (Gasselternijveen);10620;Vervaardiging van zetmeel en zetmeelproducten;254450;556800;pub_0216;Voedings- en genotmiddelenindustrie;48086;Huurketel 2;254450;556800;P;7.0;;;;0.0;140.0;;0.32;0.053;121000.0;254450;556799;254450;556799
2015;ER Reeks 1990-2022 Definitief;2022;204;Koolstofdioxide;T101702;SBI 20.5 (per bedrijf): Overige chemische producten;205493;Euro Support Advanced Materials B.V.;20590;Vervaardiging van overige chemische producten n.e.g.;172961;407060;pub_0304;Chemische Industrie overig;48111;Scrubber sproeidroger SD009;173330;407043;P;9.0;;;;0.5;;;;0.013;169438.0;173330;407042;172961;407059
2016;ER Reeks 1990-2022 Definitief;2022;204;Koolstofdioxide;T101100;SBI 20.1 (per bedrijf): Vervaardiging van chemische basisproducten;10698;Croda;20149;Vervaardiging van organische basischemicaliën (geen petrochemische producten);108400;446500;pub_0301;Chemische Industrie basisproducten;48118;Brandbluspompen binnendijks;108265;446532;P;3.0;;;;0.008;350.0;21.0;0.17;0.074;5293.74;108265;446531;108400;446499
2017;ER Reeks 1990-2022 Definitief;2022;204;Koolstofdioxide;T101702;SBI 20.5 (per bedrijf): Overige chemische producten;205493;Euro Support Advanced Materials B.V.;20590;Vervaardiging van overige chemische producten n.e.g.;172961;407060;pub_0304;Chemische Industrie overig;48115;VK007 Heetwaterketel proces;173309;406966;P;10.0;;;;0.03;146.0;2.0;0.05;0.009;16026.0;173309;406965;172961;407059
2018;ER Reeks 1990-2022 Definitief;2022;204;Koolstofdioxide;T100201;SBI 10-12 (per bedrijf): Voedings- & genotmiddelenindustrie;10097;Sime Darby Unimills B.V.;10410;Vervaardiging van plantaardige en dierlijke oliën en vetten (geen margarine en andere spijsvetten);103500;424600;pub_0216;Voedings- en genotmiddelenindustrie;48801;KH2 (Hulpketel);103543;424537;P;30.0;0.0;0.0;;0.0;120.0;0.0;0.83;0.115;3630000.0;103543;424536;103500;424599
2019;ER Reeks 1990-2022 Definitief;2022;204;Koolstofdioxide;T107201;SBI 85-88 (per bedrijf): Onderwijs en gezondheids- en welzijnszorg;200610;UMC St Radboud & Radboud Universiteit Nijmegen;86101;Universitair medische centra;187976;425797;pub_1201;Energiegebruik en processen Handel, Diensten en Overheid (HDO);48977;K12;187709;426402;P;38.0;0.0;0.0;;0.0;;;;0.0341666666666667;1800000.0;187709;426401;187976;425796
2020;ER Reeks 1990-2022 Definitief;2022;204;Koolstofdioxide;T107201;SBI 85-88 (per bedrijf): Onderwijs en gezondheids- en welzijnszorg;200610;UMC St Radboud & Radboud Universiteit Nijmegen;86101;Universitair medische centra;187976;425797;pub_1201;Energiegebruik en processen Handel, Diensten en Overheid (HDO);48979;K14;187709;426402;P;38.0;0.0;0.0;;0.0;;;;0.00833333333333333;2750000.0;187709;426401;187976;425796
2021;ER Reeks 1990-2022 Definitief;2022;204;Koolstofdioxide;T107201;SBI 85-88 (per bedrijf): Onderwijs en gezondheids- en welzijnszorg;200610;UMC St Radboud & Radboud Universiteit Nijmegen;86101;Universitair medische centra;187976;425797;pub_1201;Energiegebruik en processen Handel, Diensten en Overheid (HDO);48982;K17;187709;426402;P;38.0;0.0;0.0;;0.0;;;;0.0213888888888889;999000.0;187709;426401;187976;425796
2022;ER Reeks 1990-2022 Definitief;2022;204;Koolstofdioxide;T102202;SBI 24.1-24.3 (per bedrijf): Basismetaalindustrie, verwerking en vervaardiging ijzer en staal;200781;FNSteel BV;24340;Koudtrekken van draad;104909;430273;pub_0201;Basismetaal;48712;knuppeloven;105116;429474;P;40.0;0.0;0.0;;0.0;;;;0.01;9717680.0;105116;429473;104909;430272
2023;ER Reeks 1990-2022 Definitief;2022;204;Koolstofdioxide;T100201;SBI 10-12 (per bedrijf): Voedings- & genotmiddelenindustrie;42629;Cargill BV;10620;Vervaardiging van zetmeel en zetmeelproducten;76778;391435;pub_0216;Voedings- en genotmiddelenindustrie;48681;Stoomketel 2;76841;391466;P;9.0;0.0;0.0;;0.0;;;;0.7125;9041320.0;76841;391465;76778;391434
2024;ER Reeks 1990-2022 Definitief;2022;204;Koolstofdioxide;T100600;SBI 17 (per bedrijf): Vervaardiging van papier, karton en papier- en kartonwaren;5740;WEPA Nederland B.V.;17220;Vervaardiging van huishoudelijke en sanitaire papierwaren;199937;360577;pub_0211;Papier(waren);48679;Schoorsteen stoomketel K7;199845;360501;P;13.0;0.0;0.0;;0.0;78.0;8.0;2.36;0.2;5700000.0;199845;360500;199937;360576
2025;ER Reeks 1990-2022 Definitief;2022;204;Koolstofdioxide;T100600;SBI 17 (per bedrijf): Vervaardiging van papier, karton en papier- en kartonwaren;64335;Stora Enso De Hoop B.V.;17212;Vervaardiging van golfpapier en -karton;200743;456801;pub_0211;Papier(waren);49875;Schoorsteen BU4;200743;456801;P;4.0;0.0;0.0;0.0;0.8;;;;1.3;1026899.0;200743;456800;200743;456800
2026;ER Reeks 1990-2022 Definitief;2022;204;Koolstofdioxide;T107600;SBI 01 (per bedrijf): Landbouw, jacht en dienstverlening voor de landbouw en jacht;69067;Groot Zevert Vergisting;1610;Dienstverlening voor de akker- en/of tuinbouw;237983;454729;pub_0105;Landbouwbedrijven;49692;WKK 3 nieuw (vervangt per 11-2018 WKK 3);236116;456486;P;10.0;0.0;0.0;0.0;4.0;150.0;0.0;0.59;0.0;2572561.0;236116;456485;237983;454728
2027;ER Reeks 1990-2022 Definitief;2022;204;Koolstofdioxide;T102201;SBI 19.201 (per bedrijf): Aardolieraffinage;10058;BP Rotterdam Refinery;19201;Aardolieraffinage;67036;440390;pub_0401;Raffinage en verwerking;54217;Stack 01  CDU3 mainstack;66980;440111;P;120.0;;;;16.0;;;;13.75;366768663.804634;66980;440110;67036;440389
2028;ER Reeks 1990-2022 Definitief;2022;204;Koolstofdioxide;T100201;SBI 10-12 (per bedrijf): Voedings- & genotmiddelenindustrie;11105;Heineken Nederland BV (Zoeterwoude);11050;Vervaardiging van bier;97050;461400;pub_0216;Voedings- en genotmiddelenindustrie;54253;stoomketel 2;97070;461444;P;20.0;;;;0.8;;;;0.875;7452001.0;97070;461443;97050;461399
2029;ER Reeks 1990-2022 Definitief;2022;204;Koolstofdioxide;T104201;SBI 38.2 (per bedrijf): Afvalinzameling/beh, AVI's;200673;Van Gansewinkel Zweekhorst BV;38210;Behandeling van onschadelijk afval;202921;440550;pub_0901;AVI's;50092;Dieselverbruik alle shovels en kranen;203139;440678;P;3.0;;;;0.007;400.0;10.0;0.07;0.0;334024.816;203139;440677;202921;440549
2030;ER Reeks 1990-2022 Definitief;2022;204;Koolstofdioxide;T102201;SBI 19.201 (per bedrijf): Aardolieraffinage;21010;Sonneborn Refined Products BV (Amsterdam);19201;Aardolieraffinage;116857;489691;pub_0401;Raffinage en verwerking;54213;C4 Stoomketel gas K7;116830;489701;P;15.0;;;;1.77;110.0;1.0;2.6;0.327;8880146.5275;116830;489700;116857;489690
2031;ER Reeks 1990-2022 Definitief;2022;204;Koolstofdioxide;T101100;SBI 20.1 (per bedrijf): Vervaardiging van chemische basisproducten;51104;Dow Benelux BV (Hoek);20141;Vervaardiging van petrochemische producten;43193;373788;pub_0301;Chemische Industrie basisproducten;54394;STACK GTG 201 P&U;42919;372747;P;35.0;;;;23.8;;;;24.618;448838741.3;42919;372746;43193;373787
2032;ER Reeks 1990-2022 Definitief;2022;204;Koolstofdioxide;T100201;SBI 10-12 (per bedrijf): Voedings- & genotmiddelenindustrie;5801;Schiffers Food BV;11070;Vervaardiging van frisdranken, productie van mineraalwater en overig gebotteld water;193761;323925;pub_0216;Voedings- en genotmiddelenindustrie;54972;Stoomketel 6;193630;323919;P;10.0;;;;0.5;157.0;3.0;0.638;0.119;752751.0;193630;323918;193761;323924
2033;ER Reeks 1990-2022 Definitief;2022;204;Koolstofdioxide;T104201;SBI 38.2 (per bedrijf): Afvalinzameling/beh, AVI's;200451;Main B.V. (Jan van Riebeeckhavenweg);38220;Behandeling van schadelijk afval;118708;491204;pub_0901;AVI's;56032;schoorsteen stoomketel;118643;491215;P;6.0;;;;7065.0;198.0;1.0;0.43;0.103;74447.6166;118643;491214;118708;491203
2034;ER Reeks 1990-2022 Definitief;2022;204;Koolstofdioxide;T108500;SBI 35 (per bedrijf): Productie en distributie van elektriciteit en gas;206040;Groen Gas Gelderland B.V.;35113;Productie van elektriciteit door zonnecellen, warmtepompen en waterkracht;191153;436753;pub_0503;Opwekking electriciteit;56173;Schoorsteen ketel;191153;436753;P;8.0;;;;126.0;120.0;1.0;0.145;0.02;467000.0;191153;436752;191153;436752
2035;ER Reeks 1990-2022 Definitief;2022;204;Koolstofdioxide;T101702;SBI 20.5 (per bedrijf): Overige chemische producten;206149;Stinoil Holding B.V.;20590;Vervaardiging van overige chemische producten n.e.g.;255779;569070;pub_0304;Chemische Industrie overig;56095;Cereslaan 9 CV-inst;255863;569134;P;8.0;;;;15.0;150.0;0.0;0.002;0.0;89600.29999999999;255863;569133;255779;569069
2036;ER Reeks 1990-2022 Definitief;2022;204;Koolstofdioxide;T101702;SBI 20.5 (per bedrijf): Overige chemische producten;21403;Cabot Norit Nederland B.V.;20590;Vervaardiging van overige chemische producten n.e.g.;116710;492900;pub_0304;Chemische Industrie overig;55532;SO 4+5+6;116710;492900;P;15.0;;;;0.0;;;;0.1;105485.0;116710;492899;116710;492899
2037;ER Reeks 1990-2022 Definitief;2022;204;Koolstofdioxide;T100201;SBI 10-12 (per bedrijf): Voedings- & genotmiddelenindustrie;48127;Sonac Eindhoven BV;10410;Vervaardiging van plantaardige en dierlijke oliën en vetten (geen margarine en andere spijsvetten);159200;382350;pub_0216;Voedings- en genotmiddelenindustrie;55992;Stoomketel 11;158219;382093;P;9.0;;;;4.0;180.0;7.0;2.78;0.6;2710984.8645;158219;382092;159200;382349
2038;ER Reeks 1990-2022 Definitief;2022;204;Koolstofdioxide;T100201;SBI 10-12 (per bedrijf): Voedings- & genotmiddelenindustrie;52612;Cargill Benelux BV;10620;Vervaardiging van zetmeel en zetmeelproducten;44338;361919;pub_0216;Voedings- en genotmiddelenindustrie;55875;WHEAT1252MS01 (530);44359;361987;P;30.0;;;;38.0;65.0;18.0;69.4;4.723;164194.8195;44359;361986;44338;361918
2039;ER Reeks 1990-2022 Definitief;2022;204;Koolstofdioxide;T102102;SBI 23 (per bedrijf): Bouwmaterialen- en glasindustrie;59;Koninklijke Mosa BV Wandtegelfabriek;23310;Vervaardiging van keramische tegels en plavuizen;177450;318650;pub_0203;Bouwmaterialenindustrie;55785;Droger SBO2 sectie A;177401;318658;P;13.0;;;;48.0;;;;0.01;217275.0;177401;318657;177450;318649
2040;ER Reeks 1990-2022 Definitief;2022;204;Koolstofdioxide;T106200;SBI 25 (per bedrijf): Metaalproductenindustrie (exclusief machinebouw);63505;Nannoka Vulcanus Industries BV;25620;Algemene metaalbewerking;214700;444350;pub_0210;Metaalelektro;55876;Heftrucks;214650;444310;O;1.0;250.0;100.0;135.0;1.0;45.0;0.0;0.001;0.0;45244.0;214650;444309;214700;444349
2041;ER Reeks 1990-2022 Definitief;2022;204;Koolstofdioxide;T100201;SBI 10-12 (per bedrijf): Voedings- & genotmiddelenindustrie;66239;Mead Johnson BV;10860;Vervaardiging van gehomogeniseerde voedingspreparaten en dieetvoeding;184009;428432;pub_0216;Voedings- en genotmiddelenindustrie;54772;Stoomketel F801;186070;429270;P;20.0;;;;28.0;80.0;6.0;1.64;0.0;2340000.0;186070;429269;184009;428431
2042;ER Reeks 1990-2022 Definitief;2022;204;Koolstofdioxide;T101100;SBI 20.1 (per bedrijf): Vervaardiging van chemische basisproducten;10079;Chemours Netherlands BV;20160;Vervaardiging van kunststof in primaire vorm;109500;425710;pub_0301;Chemische Industrie basisproducten;49396;Boiler Oost;109598;425602;P;25.0;0.0;0.0;0.0;1.54;;;;1.375;2785908.30615481;109598;425601;109500;425709
2043;ER Reeks 1990-2022 Definitief;2022;204;Koolstofdioxide;T108500;SBI 35 (per bedrijf): Productie en distributie van elektriciteit en gas;12149;Uniper Centrale Maasvlakte;35111;Productie van elektriciteit door thermische, kern- en warmtekrachtcentrales;61481;442057;pub_0503;Opwekking electriciteit;49372;Verwarmingsketels;61459;441893;P;10.0;0.0;0.0;0.0;0.0314;;;;0.019;1012447.0;61459;441892;61481;442056
2044;ER Reeks 1990-2022 Definitief;2022;204;Koolstofdioxide;T108500;SBI 35 (per bedrijf): Productie en distributie van elektriciteit en gas;204654;Enecogen VOF;35120;Beheer en exploitatie van transportnetten voor elektriciteit, aardgas en warm water;66120;441896;pub_0503;Opwekking electriciteit;49523;Noodstroom gasturbine blackstart;65984;441648;P;15.0;0.0;0.0;0.0;4.9;;;;33.457;177676.5;65984;441647;66120;441895
2045;ER Reeks 1990-2022 Definitief;2022;204;Koolstofdioxide;T101100;SBI 20.1 (per bedrijf): Vervaardiging van chemische basisproducten;51104;Dow Benelux BV (Hoek);20141;Vervaardiging van petrochemische producten;43193;373788;pub_0301;Chemische Industrie basisproducten;38500;STACK BA112 LE2;42640;373983;P;62.0;;;;3.24;;;;0.241;20868753.0;42640;373982;43193;373787
2046;ER Reeks 1990-2022 Definitief;2022;204;Koolstofdioxide;T101100;SBI 20.1 (per bedrijf): Vervaardiging van chemische basisproducten;51104;Dow Benelux BV (Hoek);20141;Vervaardiging van petrochemische producten;43193;373788;pub_0301;Chemische Industrie basisproducten;38507;STACK BA-117 + BA-118 LE1;43051;373953;P;62.0;;;;2.25;;;;0.138;35713947.0;43051;373952;43193;373787
2047;ER Reeks 1990-2022 Definitief;2022;204;Koolstofdioxide;T101100;SBI 20.1 (per bedrijf): Vervaardiging van chemische basisproducten;51104;Dow Benelux BV (Hoek);20141;Vervaardiging van petrochemische producten;43193;373788;pub_0301;Chemische Industrie basisproducten;38512;STACK BA-96/97 JUMBO'S  LE2;42685;373943;P;50.0;;;;3.24;;;;0.276;81634827.0;42685;373942;43193;373787
2048;ER Reeks 1990-2022 Definitief;2022;204;Koolstofdioxide;T101100;SBI 20.1 (per bedrijf): Vervaardiging van chemische basisproducten;51104;Dow Benelux BV (Hoek);20141;Vervaardiging van petrochemische producten;43193;373788;pub_0301;Chemische Industrie basisproducten;38521;STACK GASTURBINE LE1;42981;374128;P;30.0;;;;3.0;;;;1.207;98542069.0;42981;374127;43193;373787
2049;ER Reeks 1990-2022 Definitief;2022;204;Koolstofdioxide;T102102;SBI 23 (per bedrijf): Bouwmaterialen- en glasindustrie;64701;Steenfabriek De Rijswaard BV;23320;Vervaardiging van keramische producten voor de bouw (geen tegels en plavuizen);138150;420050;pub_0203;Bouwmaterialenindustrie;16447;Oven;138150;420050;P;42.0;;;;1.29;120.0;10.0;12.77;1.771;18914000.0;138150;420049;138150;420049
2050;ER Reeks 1990-2022 Definitief;2022;204;Koolstofdioxide;T100201;SBI 10-12 (per bedrijf): Voedings- & genotmiddelenindustrie;12172;Promelca B.V. (Gorinchem);10510;Vervaardiging van zuivelproducten (geen consumptie-ijs);125150;426700;pub_0216;Voedings- en genotmiddelenindustrie;35406;Babcock stoomketel;125131;426843;P;16.0;;;;0.5;;;;0.84;8509000.0;125131;426842;125150;426699
2051;ER Reeks 1990-2022 Definitief;2022;204;Koolstofdioxide;T104700;SBI 20.11 (per bedrijf): Vervaardiging van industriële gassen;12175;Air Liquide Nederland BV;20110;Vervaardiging van industriële gassen;77139;433574;pub_0301;Chemische Industrie basisproducten;39451;SMR-II fornuis;77139;433574;P;35.0;;;;7.1;167.0;7.0;50.0;9.951;442138829.0;77139;433573;77139;433573
2052;ER Reeks 1990-2022 Definitief;2022;204;Koolstofdioxide;T104700;SBI 20.11 (per bedrijf): Vervaardiging van industriële gassen;12175;Air Liquide Nederland BV;20110;Vervaardiging van industriële gassen;77139;433574;pub_0301;Chemische Industrie basisproducten;47059;SMR CO2 ontluchter;77139;433574;P;25.0;;;;0.12;25.0;2.0;0.2;0.003;7424710.0;77139;433573;77139;433573
2053;ER Reeks 1990-2022 Definitief;2022;204;Koolstofdioxide;T151100;SBI 46/47 (per bedrijf): Detail- en groothandel;125;Steenfabriek Nievelsteen BV;46739;Groothandel in bouwmaterialen algemeen assortiment;203250;322800;pub_1201;Energiegebruik en processen Handel, Diensten en Overheid (HDO);16017;Oven en droger;203250;322800;P;10.0;;;;1.18;;;;0.001;433798.0;203250;322799;203250;322799
2054;ER Reeks 1990-2022 Definitief;2022;204;Koolstofdioxide;T103601;SBI 23.1 (per bedrijf): Vervaardiging van glas en glaswerk;151;O-I Manufacturing Netherlands BV (Maastricht);23130;Vervaardiging van holglas;177322;318844;pub_0203;Bouwmaterialenindustrie;34830;Schoorsteen glasoven M1;177350;318800;P;45.0;;;;2.0;189.0;3.0;5.79;1.316;7496188.3885;177350;318799;177322;318843
2055;ER Reeks 1990-2022 Definitief;2022;204;Koolstofdioxide;T102202;SBI 24.1-24.3 (per bedrijf): Basismetaalindustrie, verwerking en vervaardiging ijzer en staal;174;Tata Steel Nederland Tubes BV (Maastricht);24200;Vervaardiging van stalen buizen, pijpen, holle profielen en fittings daarvoor;178000;321520;pub_0201;Basismetaal;39647;Gasgestookte verwarmingsinstallaties;178000;321500;P;10.0;;;;0.0;16.0;;1.0;0.005;344000.0;178000;321499;178000;321519
2056;ER Reeks 1990-2022 Definitief;2022;204;Koolstofdioxide;T101100;SBI 20.1 (per bedrijf): Vervaardiging van chemische basisproducten;19071;Botlek VCM Plant;20160;Vervaardiging van kunststof in primaire vorm;78610;431979;pub_0301;Chemische Industrie basisproducten;38036;VC afgasincinerator;78656;432149;P;30.0;;;;0.5;;;;0.2;8767399.0;78656;432148;78610;431978
2057;ER Reeks 1990-2022 Definitief;2022;204;Koolstofdioxide;T104300;SBI 23.32 (per bedrijf): Vervaardiging van bakstenen en dakpannen;64725;Wienerberger Steenfabriek Heteren;23320;Vervaardiging van keramische producten voor de bouw (geen tegels en plavuizen);179550;442300;pub_0203;Bouwmaterialenindustrie;44384;Standaard steenbakkerij;179550;442300;P;32.0;;;;0.8;;;;1.0;508470.9277;179550;442299;179550;442299
2058;ER Reeks 1990-2022 Definitief;2022;204;Koolstofdioxide;T104300;SBI 23.32 (per bedrijf): Vervaardiging van bakstenen en dakpannen;64740;Wienerberger Steenfabriek de Wolfswaard;23320;Vervaardiging van keramische producten voor de bouw (geen tegels en plavuizen);173530;440320;pub_0203;Bouwmaterialenindustrie;44386;Standaard steenbakkerij;173530;440320;P;25.0;;;;0.0;;;;1.0;2645336.2;173530;440319;173530;440319
2059;ER Reeks 1990-2022 Definitief;2022;204;Koolstofdioxide;T100201;SBI 10-12 (per bedrijf): Voedings- & genotmiddelenindustrie;42034;FrieslandCampina Veghel (DMV International);10510;Vervaardiging van zuivelproducten (geen consumptie-ijs);164550;402920;pub_0216;Voedings- en genotmiddelenindustrie;36121;E33 (brander);164650;403000;P;27.0;;;;0.0;;;;0.128;3095712.0;164650;402999;164550;402919
2060;ER Reeks 1990-2022 Definitief;2022;204;Koolstofdioxide;T100201;SBI 10-12 (per bedrijf): Voedings- & genotmiddelenindustrie;42034;FrieslandCampina Veghel (DMV International);10510;Vervaardiging van zuivelproducten (geen consumptie-ijs);164550;402920;pub_0216;Voedings- en genotmiddelenindustrie;36130;Huurketel;164550;402920;P;6.0;;;;0.5;;;;0.667;13814306.5;164550;402919;164550;402919
2061;ER Reeks 1990-2022 Definitief;2022;204;Koolstofdioxide;T100201;SBI 10-12 (per bedrijf): Voedings- & genotmiddelenindustrie;42034;FrieslandCampina Veghel (DMV International);10510;Vervaardiging van zuivelproducten (geen consumptie-ijs);164550;402920;pub_0216;Voedings- en genotmiddelenindustrie;44603;E43 (brander);164597;403027;P;27.0;;;;0.0;;;;0.222;3991188.0;164597;403026;164550;402919
2062;ER Reeks 1990-2022 Definitief;2022;204;Koolstofdioxide;T100201;SBI 10-12 (per bedrijf): Voedings- & genotmiddelenindustrie;42206;Mars Nederland BV;10822;Vervaardiging van chocolade en suikerwerk;164080;402680;pub_0216;Voedings- en genotmiddelenindustrie;37108;Oven lijn 5;164080;402680;P;15.0;;;;0.13;169.1;3.0;0.38;0.077;745000.0;164080;402679;164080;402679
2063;ER Reeks 1990-2022 Definitief;2022;204;Koolstofdioxide;T100600;SBI 17 (per bedrijf): Vervaardiging van papier, karton en papier- en kartonwaren;4301;Smurfit Kappa Roermond Papier BV;17122;Vervaardiging van papier en karton voor verpakking;198000;357600;pub_0211;Papier(waren);49952;Schoorsteen Rofire;198060;357589;P;22.0;0.0;0.0;0.0;0.0;;;;0.248;1939810.0;198060;357588;198000;357599
2064;ER Reeks 1990-2022 Definitief;2022;204;Koolstofdioxide;T104704;SBI 24.45 (per bedrijf) Vervaardiging van overige non-ferrometalen, koper;63012;Aurubis Netherlands B.V.;24440;Vervaardiging van koper;211100;463650;pub_0201;Basismetaal;49432;Bandoven 0643;210964;463664;P;16.0;0.0;0.0;0.0;0.2;31.3;1.0;0.13;0.003;63606.48;210964;463663;211100;463649
2065;ER Reeks 1990-2022 Definitief;2022;204;Koolstofdioxide;T100600;SBI 17 (per bedrijf): Vervaardiging van papier, karton en papier- en kartonwaren;64335;Stora Enso De Hoop B.V.;17212;Vervaardiging van golfpapier en -karton;200743;456801;pub_0211;Papier(waren);49873;Schoorsteen BU2;200743;456801;P;4.0;0.0;0.0;0.0;0.8;;;;1.3;1544445.0;200743;456800;200743;456800
2066;ER Reeks 1990-2022 Definitief;2022;204;Koolstofdioxide;T101100;SBI 20.1 (per bedrijf): Vervaardiging van chemische basisproducten;1107;Nouryon Functional Chemicals BV;20141;Vervaardiging van petrochemische producten;202300;352150;pub_0301;Chemische Industrie basisproducten;59680;Droger MDGA;202308;352248;P;18.0;;;;1.77;;;;0.048;92995.0;202308;352247;202300;352149
2067;ER Reeks 1990-2022 Definitief;2022;204;Koolstofdioxide;T101100;SBI 20.1 (per bedrijf): Vervaardiging van chemische basisproducten;11366;Emerald Kalama Chemical Rotterdam BV;20149;Vervaardiging van organische basischemicaliën (geen petrochemische producten);77444;433673;pub_0301;Chemische Industrie basisproducten;60506;F-6007;77869;433800;P;40.0;;;;1.9;96.0;3.0;5.4;0.582;10638000.321075;77869;433799;77444;433672
2068;ER Reeks 1990-2022 Definitief;2022;204;Koolstofdioxide;T100201;SBI 10-12 (per bedrijf): Voedings- & genotmiddelenindustrie;42410;Heineken Nederland BV (Den Bosch);11050;Vervaardiging van bier;147500;412600;pub_0216;Voedings- en genotmiddelenindustrie;59328;Stoomketel 14;147538;412696;P;14.0;;;;79.0;;;;0.1;6592388.4499212;147538;412695;147500;412599
2069;ER Reeks 1990-2022 Definitief;2022;204;Koolstofdioxide;T103100;SBI 21.1 (per bedrijf): Vervaardiging van farmaceutische producten;21302;Abbott Healthcare Products BV;21200;Vervaardiging van farmaceutische producten (geen grondstoffen);130940;479560;pub_0304;Chemische Industrie overig;56683;WND ketelhuis ketel 17;130650;479630;P;22.0;;;;0.5;;;;0.452;1367170.352;130650;479629;130940;479559
