;DATASET;EMISSIEJAAR;STOFCODE;STOF;DOELGROEPCODE;DOELGROEP;SUBDOELGROEPCODE;SUBDOELGROEP;BEDRIJFSNAAM;XCO_BEDRIJF;YCO_BEDRIJF;XCO_EMISSIEPUNT;YCO_EMISSIEPUNT;HOOGTE;LENGTE;BREEDTE;UITSTROOMOPENING;HOEK;WARMTEINHOUD;COMPARTIMENT;EMISSIE;XCO_EMISSIEPUNT_HARM;YCO_EMISSIEPUNT_HARM;XCO_BEDRIJF_HARM;YCO_BEDRIJF_HARM
0;ER Reeks 1990-2022 Definitief;2022;523;Methaan;8;Bouw;pub_0802;Overig bouw;Veolia Industriediensten BV;193118;442151;193143.0;442175.0;40.0;;;2.2;;0.398;Lucht;293.11;193143.0;442175.0;193118;442151
1;ER Reeks 1990-2022 Definitief;2022;523;Methaan;12;Handel. Diensten en Overheid (HDO);pub_1201;Energiegebruik en processen Handel. Diensten en Overheid (HDO);Odfjell Terminals (Rotterdam) BV;81505;432967;81218.0;433272.0;20.0;;;0.0;;0.28;Lucht;73.8;81218.0;433272.0;81505;432967
2;ER Reeks 1990-2022 Definitief;2022;523;Methaan;12;Handel. Diensten en Overheid (HDO);pub_1201;Energiegebruik en processen Handel. Diensten en Overheid (HDO);Odfjell Terminals (Rotterdam) BV;81505;432967;81505.0;432967.0;20.0;;;0.0;;0.132;Lucht;768.0;81505.0;432967.0;81505;432967
3;ER Reeks 1990-2022 Definitief;2022;523;Methaan;12;Handel. Diensten en Overheid (HDO);pub_1201;Energiegebruik en processen Handel. Diensten en Overheid (HDO);UMC St Radboud & Radboud Universiteit Nijmegen;187976;425797;187709.0;426402.0;38.0;0.0;0.0;0.0;;0.0116666666666667;Lucht;169.8;187709.0;426402.0;187976;425797
4;ER Reeks 1990-2022 Definitief;2022;523;Methaan;11;Riolering en waterzuiveringsinstallaties;pub_1102;Energiegebruik en processen Riolering en waterzuiveringsinstallaties;RWZI Heugem;178114;314163;;;;;;;;;Lucht;1534.9566;;;178114;314163
5;ER Reeks 1990-2022 Definitief;2022;523;Methaan;11;Riolering en waterzuiveringsinstallaties;pub_1102;Energiegebruik en processen Riolering en waterzuiveringsinstallaties;RWZI Rijen;122799;401716;;;;;;;;;Lucht;14203.6236375;;;122799;401716
6;ER Reeks 1990-2022 Definitief;2022;523;Methaan;11;Riolering en waterzuiveringsinstallaties;pub_1102;Energiegebruik en processen Riolering en waterzuiveringsinstallaties;RWZI Coevorden;245056;518100;;;;;;;;;Lucht;11847.108825;;;245056;518100
7;ER Reeks 1990-2022 Definitief;2022;523;Methaan;11;Riolering en waterzuiveringsinstallaties;pub_1102;Energiegebruik en processen Riolering en waterzuiveringsinstallaties;RWZI Geldermalsen;147300;433177;;;;;;;;;Lucht;5288.83235;;;147300;433177
8;ER Reeks 1990-2022 Definitief;2022;523;Methaan;11;Riolering en waterzuiveringsinstallaties;pub_1102;Energiegebruik en processen Riolering en waterzuiveringsinstallaties;RWZI Riel;129790;393974;;;;;;;;;Lucht;1964.373525;;;129790;393974
9;ER Reeks 1990-2022 Definitief;2022;523;Methaan;11;Riolering en waterzuiveringsinstallaties;pub_1102;Energiegebruik en processen Riolering en waterzuiveringsinstallaties;RWZI Halsteren;76500;393800;;;;;;;;;Lucht;4281.9622125;;;76500;393800
10;ER Reeks 1990-2022 Definitief;2022;523;Methaan;11;Riolering en waterzuiveringsinstallaties;pub_1102;Energiegebruik en processen Riolering en waterzuiveringsinstallaties;RWZI Deventer;205618;476167;;;;;;;;;Lucht;21954.842891235;;;205618;476167
11;ER Reeks 1990-2022 Definitief;2022;523;Methaan;11;Riolering en waterzuiveringsinstallaties;pub_1102;Energiegebruik en processen Riolering en waterzuiveringsinstallaties;RWZI Akkrum;185000;562100;;;;;;;;;Lucht;1543.6193875;;;185000;562100
12;ER Reeks 1990-2022 Definitief;2022;523;Methaan;11;Riolering en waterzuiveringsinstallaties;pub_1102;Energiegebruik en processen Riolering en waterzuiveringsinstallaties;RWZI Nieuwe Wetering;101300;469900;;;;;;;;;Lucht;6275.1612;;;101300;469900
13;ER Reeks 1990-2022 Definitief;2022;523;Methaan;11;Riolering en waterzuiveringsinstallaties;pub_1102;Energiegebruik en processen Riolering en waterzuiveringsinstallaties;RWZI Maasbommel;164300;426800;;;;;;;;;Lucht;560.072775;;;164300;426800
14;ER Reeks 1990-2022 Definitief;2022;523;Methaan;11;Riolering en waterzuiveringsinstallaties;pub_1102;Energiegebruik en processen Riolering en waterzuiveringsinstallaties;RWZI Eelde;236426;571943;;;;;;;;;Lucht;13229.9862875;;;236426;571943
15;ER Reeks 1990-2022 Definitief;2022;523;Methaan;11;Riolering en waterzuiveringsinstallaties;pub_1102;Energiegebruik en processen Riolering en waterzuiveringsinstallaties;RWZI Velsen;105555;497104;;;;;;;;;Lucht;18617.1981636439;;;105555;497104
16;ER Reeks 1990-2022 Definitief;2022;523;Methaan;11;Riolering en waterzuiveringsinstallaties;pub_1102;Energiegebruik en processen Riolering en waterzuiveringsinstallaties;RWZI Heenvliet;76600;431700;;;;;;;;;Lucht;1460.54715;;;76600;431700
17;ER Reeks 1990-2022 Definitief;2022;523;Methaan;11;Riolering en waterzuiveringsinstallaties;pub_1102;Energiegebruik en processen Riolering en waterzuiveringsinstallaties;RWZI Waarde;62300;383000;;;;;;;;;Lucht;4950.472525;;;62300;383000
18;ER Reeks 1990-2022 Definitief;2022;523;Methaan;11;Riolering en waterzuiveringsinstallaties;pub_1102;Energiegebruik en processen Riolering en waterzuiveringsinstallaties;RWZI De Stolpen;111100;535800;;;;;;;;;Lucht;7792.9413875;;;111100;535800
19;ER Reeks 1990-2022 Definitief;2022;523;Methaan;11;Riolering en waterzuiveringsinstallaties;pub_1102;Energiegebruik en processen Riolering en waterzuiveringsinstallaties;RWZI Tholen;74853;395274;;;;;;;;;Lucht;3560.9643;;;74853;395274
20;ER Reeks 1990-2022 Definitief;2022;523;Methaan;11;Riolering en waterzuiveringsinstallaties;pub_1102;Energiegebruik en processen Riolering en waterzuiveringsinstallaties;RWZI Terschelling;145100;598000;;;;;;;;;Lucht;2009.1525625;;;145100;598000
21;ER Reeks 1990-2022 Definitief;2022;523;Methaan;11;Riolering en waterzuiveringsinstallaties;pub_1102;Energiegebruik en processen Riolering en waterzuiveringsinstallaties;RWZI Renkum;178200;442100;;;;;;;;;Lucht;16868.2482137168;;;178200;442100
22;ER Reeks 1990-2022 Definitief;2022;523;Methaan;11;Riolering en waterzuiveringsinstallaties;pub_1102;Energiegebruik en processen Riolering en waterzuiveringsinstallaties;RWZI Zuidhorn;221500;585400;;;;;;;;;Lucht;3493.1329125;;;221500;585400
23;ER Reeks 1990-2022 Definitief;2022;523;Methaan;11;Riolering en waterzuiveringsinstallaties;pub_1102;Energiegebruik en processen Riolering en waterzuiveringsinstallaties;RWZI Glanerbrug;263700;471300;;;;;;;;;Lucht;3967.85475;;;263700;471300
24;ER Reeks 1990-2022 Definitief;2022;523;Methaan;11;Riolering en waterzuiveringsinstallaties;pub_1102;Energiegebruik en processen Riolering en waterzuiveringsinstallaties;RWZI Maarheeze;169275;369189;;;;;;;;;Lucht;4517.462625;;;169275;369189
25;ER Reeks 1990-2022 Definitief;2022;523;Methaan;11;Riolering en waterzuiveringsinstallaties;pub_1102;Energiegebruik en processen Riolering en waterzuiveringsinstallaties;RWZI Sint Oedenrode;159000;396900;;;;;;;;;Lucht;16671.51285;;;159000;396900
26;ER Reeks 1990-2022 Definitief;2022;523;Methaan;11;Riolering en waterzuiveringsinstallaties;pub_1102;Energiegebruik en processen Riolering en waterzuiveringsinstallaties;RWZI Arnhem-Zuid;187132;442198;;;;;;;;;Lucht;81936.4369328098;;;187132;442198
27;ER Reeks 1990-2022 Definitief;2022;523;Methaan;11;Riolering en waterzuiveringsinstallaties;pub_1102;Energiegebruik en processen Riolering en waterzuiveringsinstallaties;RWZI Den Helder;114848;549247;;;;;;;;;Lucht;21780.1945370124;;;114848;549247
28;ER Reeks 1990-2022 Definitief;2022;523;Methaan;11;Riolering en waterzuiveringsinstallaties;pub_1102;Energiegebruik en processen Riolering en waterzuiveringsinstallaties;RWZI Alkmaar;111269;517400;;;;;;;;;Lucht;11594.35454259824;;;111269;517400
29;ER Reeks 1990-2022 Definitief;2022;523;Methaan;11;Riolering en waterzuiveringsinstallaties;pub_1102;Energiegebruik en processen Riolering en waterzuiveringsinstallaties;RWZI Emmen;255924;528133;;;;;;;;;Lucht;17095.29327672516;;;255924;528133
30;ER Reeks 1990-2022 Definitief;2022;523;Methaan;11;Riolering en waterzuiveringsinstallaties;pub_1102;Energiegebruik en processen Riolering en waterzuiveringsinstallaties;RWZI Losser;266000;476000;;;;;;;;;Lucht;4815.35735;;;266000;476000
31;ER Reeks 1990-2022 Definitief;2022;523;Methaan;11;Riolering en waterzuiveringsinstallaties;pub_1102;Energiegebruik en processen Riolering en waterzuiveringsinstallaties;RWZI Amstelveen;121063;480600;;;;;;;;;Lucht;20523.246257829753;;;121063;480600
32;ER Reeks 1990-2022 Definitief;2022;523;Methaan;11;Riolering en waterzuiveringsinstallaties;pub_1102;Energiegebruik en processen Riolering en waterzuiveringsinstallaties;AWZI Tollebeek;175300;522200;;;;;;;;;Lucht;22881.8951498741;;;175300;522200
33;ER Reeks 1990-2022 Definitief;2022;523;Methaan;11;Riolering en waterzuiveringsinstallaties;pub_1102;Energiegebruik en processen Riolering en waterzuiveringsinstallaties;RWZI Ootmarsum;260100;492800;;;;;;;;;Lucht;2463.5619625;;;260100;492800
34;ER Reeks 1990-2022 Definitief;2022;523;Methaan;11;Riolering en waterzuiveringsinstallaties;pub_1102;Energiegebruik en processen Riolering en waterzuiveringsinstallaties;RWZI Montfoort;124219;450515;;;;;;;;;Lucht;2413.2101375;;;124219;450515
35;ER Reeks 1990-2022 Definitief;2022;523;Methaan;11;Riolering en waterzuiveringsinstallaties;pub_1102;Energiegebruik en processen Riolering en waterzuiveringsinstallaties;RWZI Dedemsvaart (Woudbloemweg);228613;514169;;;;;;;;;Lucht;12155.4774;;;228613;514169
36;ER Reeks 1990-2022 Definitief;2022;523;Methaan;11;Riolering en waterzuiveringsinstallaties;pub_1102;Energiegebruik en processen Riolering en waterzuiveringsinstallaties;RWZI Steenwijk;203100;533300;;;;;;;;;Lucht;11575.8244;;;203100;533300
37;ER Reeks 1990-2022 Definitief;2022;523;Methaan;11;Riolering en waterzuiveringsinstallaties;pub_1102;Energiegebruik en processen Riolering en waterzuiveringsinstallaties;RWZI Olst;204280;484839;;;;;;;;;Lucht;4057.2160625;;;204280;484839
38;ER Reeks 1990-2022 Definitief;2022;523;Methaan;11;Riolering en waterzuiveringsinstallaties;pub_1102;Energiegebruik en processen Riolering en waterzuiveringsinstallaties;RWZI Papendrecht;107800;426600;;;;;;;;;Lucht;6360.7679375;;;107800;426600
39;ER Reeks 1990-2022 Definitief;2022;523;Methaan;11;Riolering en waterzuiveringsinstallaties;pub_1102;Energiegebruik en processen Riolering en waterzuiveringsinstallaties;RWZI Bergambacht;113800;439300;;;;;;;;;Lucht;3051.5299875;;;113800;439300
40;ER Reeks 1990-2022 Definitief;2022;523;Methaan;11;Riolering en waterzuiveringsinstallaties;pub_1102;Energiegebruik en processen Riolering en waterzuiveringsinstallaties;RWZI Wijk bij Duurstede;149593;442642;;;;;;;;;Lucht;4988.303225;;;149593;442642
41;ER Reeks 1990-2022 Definitief;2022;523;Methaan;11;Riolering en waterzuiveringsinstallaties;pub_1102;Energiegebruik en processen Riolering en waterzuiveringsinstallaties;RWZI Breukelen;128100;464100;;;;;;;;;Lucht;2573.2900875;;;128100;464100
42;ER Reeks 1990-2022 Definitief;2022;523;Methaan;11;Riolering en waterzuiveringsinstallaties;pub_1102;Energiegebruik en processen Riolering en waterzuiveringsinstallaties;RWZI Waspik;124200;413000;;;;;;;;;Lucht;1469.2896375;;;124200;413000
43;ER Reeks 1990-2022 Definitief;2022;523;Methaan;5;Energiesector;pub_0503;Opwekking electriciteit;Nuon Power Generation BV (Diemen);130055;483500;130049.0;483505.0;65.0;;;23.6;;19.838;Lucht;120.0;130049.0;483505.0;130055;483500
44;ER Reeks 1990-2022 Definitief;2022;523;Methaan;5;Energiesector;pub_0502;Olie- gaswinning land;Gasunie (Wieringermeer);132250;530325;132250.0;530325.0;5.0;;;0.0;;0.0;Lucht;56692.0;132250.0;530325.0;132250;530325
45;ER Reeks 1990-2022 Definitief;2022;523;Methaan;5;Energiesector;pub_0503;Opwekking electriciteit;Enecogen VOF;66120;441896;66059.0;441812.0;8.0;;;1.5;;0.045;Lucht;70.2;66059.0;441812.0;66120;441896
46;ER Reeks 1990-2022 Definitief;2022;523;Methaan;5;Energiesector;pub_0503;Opwekking electriciteit;Uniper Centrale RoCa;98212;440895;98226.0;440903.0;50.0;;;5.7;;5.0;Lucht;828.6;98226.0;440903.0;98212;440895
47;ER Reeks 1990-2022 Definitief;2022;523;Methaan;5;Energiesector;pub_0503;Opwekking electriciteit;E.On Generations Den Haag;79821;454750;79810.0;454790.0;40.0;;;0.5;;0.3;Lucht;0.0306;79810.0;454790.0;79821;454750
48;ER Reeks 1990-2022 Definitief;2022;523;Methaan;5;Energiesector;pub_0502;Olie- gaswinning land;Gasunie (Wieringermeer);132250;530325;132281.0;530114.0;12.0;;;11.0;;8.956;Lucht;221045.0;132281.0;530114.0;132250;530325
49;ER Reeks 1990-2022 Definitief;2022;523;Methaan;5;Energiesector;pub_0503;Opwekking electriciteit;Enecogen VOF;66120;441896;66018.0;441715.0;3.0;;;0.5;;0.01775;Lucht;32.304;66018.0;441715.0;66120;441896
50;ER Reeks 1990-2022 Definitief;2022;523;Methaan;5;Energiesector;pub_0502;Olie- gaswinning land;Gasunie (Spijk);253587;603833;253523.0;603819.0;9.0;;;0.95;;4.473105;Lucht;5.0;253523.0;603819.0;253587;603833
51;ER Reeks 1990-2022 Definitief;2022;523;Methaan;5;Energiesector;pub_0503;Opwekking electriciteit;Eneco (Lage Weide);133424;457245;133356.0;457128.0;50.0;;;2.405;;14.76;Lucht;4920.0;133356.0;457128.0;133424;457245
52;ER Reeks 1990-2022 Definitief;2022;523;Methaan;5;Energiesector;pub_0503;Opwekking electriciteit;Nuon Power Generation BV (Hemweg);118246;490968;117959.0;491138.0;60.0;;;8.0;;48.804;Lucht;670.0;117959.0;491138.0;118246;490968
53;ER Reeks 1990-2022 Definitief;2022;523;Methaan;5;Energiesector;pub_0503;Opwekking electriciteit;Eneco Solar. Bio & Hydro BV. WKC Ypenburg;85471;452540;85455.0;452580.0;20.0;;;0.28;;1.026;Lucht;193.8;85455.0;452580.0;85471;452540
54;ER Reeks 1990-2022 Definitief;2022;523;Methaan;4;Raffinaderijen;pub_0401;Raffinage en verwerking;BP Rotterdam Refinery;67036;440390;67050.0;440350.0;155.0;;;7.0;;7.3;Lucht;3168.0;67050.0;440350.0;67036;440390
55;ER Reeks 1990-2022 Definitief;2022;523;Methaan;4;Raffinaderijen;pub_0401;Raffinage en verwerking;Shell Nederland Raffinaderij BV;82574;432924;82620.0;432750.0;61.0;;;2.14;;0.125;Lucht;15.0;82620.0;432750.0;82574;432924
56;ER Reeks 1990-2022 Definitief;2022;523;Methaan;4;Raffinaderijen;pub_0401;Raffinage en verwerking;Shell Nederland Raffinaderij BV;82574;432924;83010.0;432485.0;117.0;;;0.64;;3.788;Lucht;586.0;83010.0;432485.0;82574;432924
57;ER Reeks 1990-2022 Definitief;2022;523;Methaan;4;Raffinaderijen;pub_0401;Raffinage en verwerking;Esso Nederland BV (Raffinaderij Rotterdam);79871;432082;79802.0;432243.0;60.0;;;11.341;;22.984;Lucht;5511.599999999996;79802.0;432243.0;79871;432082
58;ER Reeks 1990-2022 Definitief;2022;523;Methaan;4;Raffinaderijen;pub_0401;Raffinage en verwerking;Shell Nederland Raffinaderij BV;82574;432924;82705.0;433010.0;60.0;;;2.41;;1.827;Lucht;1970.0;82705.0;433010.0;82574;432924
59;ER Reeks 1990-2022 Definitief;2022;523;Methaan;4;Raffinaderijen;pub_0401;Raffinage en verwerking;Shell Nederland Raffinaderij BV;82574;432924;82530.0;433052.0;60.0;;;2.14;;6.316;Lucht;4942.0;82530.0;433052.0;82574;432924
60;ER Reeks 1990-2022 Definitief;2022;523;Methaan;4;Raffinaderijen;pub_0401;Raffinage en verwerking;Shell Nederland Raffinaderij BV;82574;432924;82574.0;432924.0;213.0;;;9.0;;30.563;Lucht;5888.299999999998;82574.0;432924.0;82574;432924
61;ER Reeks 1990-2022 Definitief;2022;523;Methaan;4;Raffinaderijen;pub_0401;Raffinage en verwerking;BP Rotterdam Refinery;67036;440390;66980.0;440111.0;120.0;;;16.0;;13.75;Lucht;10094.4;66980.0;440111.0;67036;440390
62;ER Reeks 1990-2022 Definitief;2022;523;Methaan;4;Raffinaderijen;pub_0401;Raffinage en verwerking;Gunvor Petroleum Europoort B.V.;71000;439203;71000.0;439203.0;0.0;;;0.0;;0.01;Lucht;14097.0;71000.0;439203.0;71000;439203
63;ER Reeks 1990-2022 Definitief;2022;523;Methaan;4;Raffinaderijen;pub_0401;Raffinage en verwerking;BP Rotterdam Refinery;67036;440390;67099.0;440550.0;55.0;;;0.3;;4.7;Lucht;13658.4;67099.0;440550.0;67036;440390
64;ER Reeks 1990-2022 Definitief;2022;523;Methaan;4;Raffinaderijen;pub_0401;Raffinage en verwerking;BP Rotterdam Refinery;67036;440390;67050.0;440350.0;155.0;;;3.0;;8.25;Lucht;3231.0;67050.0;440350.0;67036;440390
65;ER Reeks 1990-2022 Definitief;2022;523;Methaan;4;Raffinaderijen;pub_0401;Raffinage en verwerking;BP Rotterdam Refinery;67036;440390;66965.0;439959.0;55.0;;;2.0;;1.065;Lucht;572.4;66965.0;439959.0;67036;440390
66;ER Reeks 1990-2022 Definitief;2022;523;Methaan;9;Afvalverwijdering;pub_0901;AVI's;EEW Energy from Waste Delfzijl B.V.;261673;592659;261673.0;592659.0;70.0;;;3.5;;4.652;Lucht;364.14482407709;261673.0;592659.0;261673;592659
67;ER Reeks 1990-2022 Definitief;2022;523;Methaan;9;Afvalverwijdering;pub_0901;AVI's;ARN B.V.;183067;428715;183050.0;428630.0;80.0;;;0.0;;4.0;Lucht;1440.0000000000027;183050.0;428630.0;183067;428715
68;ER Reeks 1990-2022 Definitief;2022;523;Methaan;9;Afvalverwijdering;pub_0901;AVI's;AVR NV (Rijnmond);78545;434865;78538.0;434949.0;75.0;;;27.6;;4.07;Lucht;1804.14;78538.0;434949.0;78545;434865
69;ER Reeks 1990-2022 Definitief;2022;523;Methaan;9;Afvalverwijdering;pub_0901;AVI's;Attero BV (Moerdijk);99289;410805;99293.0;410804.0;80.0;;;3.94;;7.319;Lucht;490.212638413527;99293.0;410804.0;99289;410805
70;ER Reeks 1990-2022 Definitief;2022;523;Methaan;9;Afvalverwijdering;pub_0901;AVI's;Vink Afvalverwerking BV;170948;464159;170948.0;464159.0;5.0;;;;;0.0;Lucht;960000.0;170948.0;464159.0;170948;464159
71;ER Reeks 1990-2022 Definitief;2022;523;Methaan;2;Overige industrie;pub_0216;Voedings- en genotmiddelenindustrie;Sime Darby Unimills B.V.;103500;424600;103521.0;424504.0;15.0;;;0.0;;0.058;Lucht;53.22;103521.0;424504.0;103500;424600
72;ER Reeks 1990-2022 Definitief;2022;523;Methaan;2;Overige industrie;pub_0201;Basismetaal;Tata Steel IJmuiden BV;100985;499055;101181.0;498978.0;2.0;50.0;50.0;2500.0;;1.0;Lucht;3.6;101181.0;498978.0;100985;499055
73;ER Reeks 1990-2022 Definitief;2022;523;Methaan;2;Overige industrie;pub_0211;Papier(waren);ESKA Graphic Board BV (Sappemeer);249900;575960;249880.0;576060.0;10.0;;;1.0;;1.063;Lucht;541.8;249880.0;576060.0;249900;575960
74;ER Reeks 1990-2022 Definitief;2022;523;Methaan;2;Overige industrie;pub_0201;Basismetaal;Nyrstar Budel BV;169900;361000;169900.0;361000.0;27.0;;;0.64;;0.579;Lucht;738.51;169900.0;361000.0;169900;361000
75;ER Reeks 1990-2022 Definitief;2022;523;Methaan;2;Overige industrie;pub_0201;Basismetaal;Nyrstar Budel BV;169900;361000;169900.0;361000.0;20.0;;;0.5;;1.664;Lucht;384.3;169900.0;361000.0;169900;361000
76;ER Reeks 1990-2022 Definitief;2022;523;Methaan;2;Overige industrie;pub_0211;Papier(waren);ESKA Graphic Board BV (Hoogezand);246200;575950;246380.0;575780.0;12.0;;;3.0;;2.0;Lucht;57.1194118972466;246380.0;575780.0;246200;575950
77;ER Reeks 1990-2022 Definitief;2022;523;Methaan;2;Overige industrie;pub_0216;Voedings- en genotmiddelenindustrie;Sonac Vuren BV;134570;427150;134570.0;427150.0;62.0;;;0.0;;0.428;Lucht;357.0;134570.0;427150.0;134570;427150
78;ER Reeks 1990-2022 Definitief;2022;523;Methaan;2;Overige industrie;pub_0201;Basismetaal;Aurubis Netherlands B.V.;211100;463650;211074.0;463640.0;40.0;0.0;0.0;0.2;0.0;0.382;Lucht;22.05;211074.0;463640.0;211100;463650
79;ER Reeks 1990-2022 Definitief;2022;523;Methaan;2;Overige industrie;pub_0211;Papier(waren);Stora Enso De Hoop B.V.;200743;456801;200743.0;456801.0;4.0;0.0;0.0;0.8;0.0;0.7;Lucht;65.4;200743.0;456801.0;200743;456801
80;ER Reeks 1990-2022 Definitief;2022;523;Methaan;2;Overige industrie;pub_0216;Voedings- en genotmiddelenindustrie;NV Nutricia Zoetermeer;93800;451400;93700.0;451400.0;12.0;;;0.8;;0.366;Lucht;1032.0;93700.0;451400.0;93800;451400
81;ER Reeks 1990-2022 Definitief;2022;523;Methaan;2;Overige industrie;pub_0201;Basismetaal;Tata Steel IJmuiden BV;100985;499055;101339.0;499793.0;90.0;;;20.0;;1.289;Lucht;19452.084;101339.0;499793.0;100985;499055
82;ER Reeks 1990-2022 Definitief;2022;523;Methaan;2;Overige industrie;pub_0216;Voedings- en genotmiddelenindustrie;Nestle Nederland BV (Nunspeet);182480;488580;182576.0;488586.0;27.0;;;0.64;;0.03;Lucht;48.0;182576.0;488586.0;182480;488580
83;ER Reeks 1990-2022 Definitief;2022;523;Methaan;2;Overige industrie;pub_0201;Basismetaal;Aurubis Netherlands B.V.;211100;463650;211073.0;463641.0;40.0;0.0;0.0;0.48;0.0;0.027;Lucht;22.05;211073.0;463641.0;211100;463650
84;ER Reeks 1990-2022 Definitief;2022;523;Methaan;2;Overige industrie;pub_0211;Papier(waren);Stora Enso De Hoop B.V.;200743;456801;200743.0;456801.0;4.0;;;0.8;;0.7;Lucht;69.6;200743.0;456801.0;200743;456801
85;ER Reeks 1990-2022 Definitief;2022;523;Methaan;2;Overige industrie;pub_0203;Bouwmaterialenindustrie;Electric Glass Fiber NL BV;241450;577380;241450.0;577380.0;12.0;;;0.0;;0.048;Lucht;97.9;241450.0;577380.0;241450;577380
86;ER Reeks 1990-2022 Definitief;2022;523;Methaan;2;Overige industrie;pub_0210;Metaalelektro;Van Merksteijn International BV;238760;487181;238786.0;487316.0;9.0;;;0.56;;0.001;Lucht;1695.0;238786.0;487316.0;238760;487181
87;ER Reeks 1990-2022 Definitief;2022;523;Methaan;2;Overige industrie;pub_0201;Basismetaal;Nyrstar Budel BV;169900;361000;169900.0;361000.0;4.0;;;30.0;;0.009;Lucht;132.54;169900.0;361000.0;169900;361000
88;ER Reeks 1990-2022 Definitief;2022;523;Methaan;2;Overige industrie;pub_0211;Papier(waren);WEPA Nederland B.V.;199937;360577;199885.0;360519.0;8.0;;;0.3;;0.06;Lucht;4.158;199885.0;360519.0;199937;360577
89;ER Reeks 1990-2022 Definitief;2022;523;Methaan;2;Overige industrie;pub_0211;Papier(waren);ESKA Graphic Board BV (Hoogezand);246200;575950;246380.0;575780.0;24.0;;;1.0;;1.387;Lucht;17950.720758629253;246380.0;575780.0;246200;575950
90;ER Reeks 1990-2022 Definitief;2022;523;Methaan;2;Overige industrie;pub_0211;Papier(waren);Stora Enso De Hoop B.V.;200743;456801;200743.0;456801.0;4.0;;;0.8;;1.4;Lucht;69.6;200743.0;456801.0;200743;456801
91;ER Reeks 1990-2022 Definitief;2022;523;Methaan;2;Overige industrie;pub_0201;Basismetaal;Tata Steel IJmuiden BV;100985;499055;102899.0;501196.0;14.0;;;0.19625;;0.215;Lucht;10.9501147;102899.0;501196.0;100985;499055
92;ER Reeks 1990-2022 Definitief;2022;523;Methaan;2;Overige industrie;pub_0210;Metaalelektro;DAF Trucks N.V.;164080;382500;164350.0;382310.0;13.0;;;4.5;;0.555;Lucht;894.0;164350.0;382310.0;164080;382500
93;ER Reeks 1990-2022 Definitief;2022;523;Methaan;2;Overige industrie;pub_0201;Basismetaal;Tata Steel IJmuiden BV;100985;499055;101321.0;499172.0;47.0;;;4.90625;;3.907;Lucht;20.095344;101321.0;499172.0;100985;499055
94;ER Reeks 1990-2022 Definitief;2022;523;Methaan;2;Overige industrie;pub_0203;Bouwmaterialenindustrie;Electric Glass Fiber NL BV;241450;577380;241432.0;577484.0;16.0;;;0.03;;0.048;Lucht;150.0;241432.0;577484.0;241450;577380
95;ER Reeks 1990-2022 Definitief;2022;523;Methaan;2;Overige industrie;pub_0210;Metaalelektro;Van Merksteijn International BV;238760;487181;238650.0;487314.0;9.0;;;0.28;;0.001;Lucht;1464.0;238650.0;487314.0;238760;487181
96;ER Reeks 1990-2022 Definitief;2022;523;Methaan;2;Overige industrie;pub_0216;Voedings- en genotmiddelenindustrie;Cargill Benelux BV;44338;361919;44338.0;361919.0;6.0;;;2.0;;3.3;Lucht;100.98;44338.0;361919.0;44338;361919
97;ER Reeks 1990-2022 Definitief;2022;523;Methaan;2;Overige industrie;pub_0216;Voedings- en genotmiddelenindustrie;Avebe u.a. (Ter Apelkanaal);266540;549498;266590.0;549562.0;10.0;;;7.07;;4.395;Lucht;3064.8;266590.0;549562.0;266540;549498
98;ER Reeks 1990-2022 Definitief;2022;523;Methaan;2;Overige industrie;pub_0201;Basismetaal;Tata Steel IJmuiden BV;100985;499055;101835.0;498955.0;40.0;;;2.5434;;4.718;Lucht;156.55516460000024;101835.0;498955.0;100985;499055
99;ER Reeks 1990-2022 Definitief;2022;523;Methaan;2;Overige industrie;pub_0216;Voedings- en genotmiddelenindustrie;Avebe u.a. (Ter Apelkanaal);266540;549498;266657.0;549557.0;8.0;;;0.3;;0.15;Lucht;405.6;266657.0;549557.0;266540;549498
100;ER Reeks 1990-2022 Definitief;2022;523;Methaan;2;Overige industrie;pub_0216;Voedings- en genotmiddelenindustrie;Avebe u.a. (Gasselternijveen);254450;556800;254641.0;556813.0;30.0;;;0.0;;0.783;Lucht;402.6;254641.0;556813.0;254450;556800
101;ER Reeks 1990-2022 Definitief;2022;523;Methaan;2;Overige industrie;pub_0211;Papier(waren);Papierfabriek Doetinchem BV;217250;441700;217250.0;441700.0;10.0;;;0.0;;0.033;Lucht;177.47;217250.0;441700.0;217250;441700
102;ER Reeks 1990-2022 Definitief;2022;523;Methaan;2;Overige industrie;pub_0211;Papier(waren);Solidpack BV;199900;460500;199900.0;460500.0;35.0;;;0.38;;0.138;Lucht;1399.0;199900.0;460500.0;199900;460500
103;ER Reeks 1990-2022 Definitief;2022;523;Methaan;6;Verkeer en vervoer;pub_0603;Luchtvaart;Vliegveld Luchthaven Schiphol;112250;480250;;;;;;;;;Lucht;3026.1122589952374;;;112250;480250
104;ER Reeks 1990-2022 Definitief;2022;523;Methaan;3;Chemische Industrie;pub_0301;Chemische Industrie basisproducten;Dow Benelux BV (Hoek);43193;373788;43193.0;373788.0;28.0;;;0.05;;0.001;Lucht;485.1;43193.0;373788.0;43193;373788
105;ER Reeks 1990-2022 Definitief;2022;523;Methaan;3;Chemische Industrie;pub_0301;Chemische Industrie basisproducten;Shell Nederland Chemie BV (Moerdijk);97946;411331;97801.0;410804.0;100.0;;;5.23;;10.219;Lucht;417.8748856268092;97801.0;410804.0;97946;411331
106;ER Reeks 1990-2022 Definitief;2022;523;Methaan;3;Chemische Industrie;pub_0301;Chemische Industrie basisproducten;Indorama Ventures Europe BV;66394;442175;66596.0;441956.0;20.0;;;4.0;;11.969;Lucht;3672.0;66596.0;441956.0;66394;442175
107;ER Reeks 1990-2022 Definitief;2022;523;Methaan;3;Chemische Industrie;pub_0301;Chemische Industrie basisproducten;Chemelot Site Permit BV;183732;332404;183858.0;329870.0;65.0;;;0.4;;4.671334395;Lucht;568.0;183858.0;329870.0;183732;332404
108;ER Reeks 1990-2022 Definitief;2022;523;Methaan;3;Chemische Industrie;pub_0301;Chemische Industrie basisproducten;SACHEM Europe BV;146450;423280;146460.0;423280.0;6.0;;;0.25;;0.25;Lucht;333.6;146460.0;423280.0;146450;423280
109;ER Reeks 1990-2022 Definitief;2022;523;Methaan;3;Chemische Industrie;pub_0301;Chemische Industrie basisproducten;Eastman Chemical Middelburg BV;33940;390952;34280.0;391240.0;23.0;;;0.66;;0.488;Lucht;310.8;34280.0;391240.0;33940;390952
110;ER Reeks 1990-2022 Definitief;2022;523;Methaan;3;Chemische Industrie;pub_0301;Chemische Industrie basisproducten;Solvay Chemie BV;194887;353181;194887.0;353181.0;5.0;;;0.0;;0.0;Lucht;51.2;194887.0;353181.0;194887;353181
111;ER Reeks 1990-2022 Definitief;2022;523;Methaan;3;Chemische Industrie;pub_0301;Chemische Industrie basisproducten;Air Liquide Nederland BV;77139;433574;77139.0;433574.0;50.0;;;1.3;;0.602;Lucht;646.2;77139.0;433574.0;77139;433574
112;ER Reeks 1990-2022 Definitief;2022;523;Methaan;3;Chemische Industrie;pub_0301;Chemische Industrie basisproducten;Allnex Netherlands B.V.;77249;391375;77300.0;391350.0;5.0;;;0.0;;0.0;Lucht;29.28;77300.0;391350.0;77249;391375
113;ER Reeks 1990-2022 Definitief;2022;523;Methaan;3;Chemische Industrie;pub_0301;Chemische Industrie basisproducten;Aliancys Nederland B.V.;255180;523500;255160.0;523500.0;10.0;;;0.0;;0.019;Lucht;1.2;255160.0;523500.0;255180;523500
114;ER Reeks 1990-2022 Definitief;2022;523;Methaan;3;Chemische Industrie;pub_0304;Chemische Industrie overig;Albemarle Catalysts Company B.V.;124570;488620;124230.0;488780.0;20.0;;;0.0;;0.003;Lucht;11.82;124230.0;488780.0;124570;488620
115;ER Reeks 1990-2022 Definitief;2022;523;Methaan;3;Chemische Industrie;pub_0301;Chemische Industrie basisproducten;Air Products Nederland BV (Botlek);77340;432870;77300.0;432850.0;30.0;;;3.14;;2.71;Lucht;2072.999999999999;77300.0;432850.0;77340;432870
116;ER Reeks 1990-2022 Definitief;2022;523;Methaan;3;Chemische Industrie;pub_0301;Chemische Industrie basisproducten;Dow Benelux BV (Hoek);43193;373788;43197.0;373733.0;5.0;;;0.0;;0.001;Lucht;485.1;43197.0;373733.0;43193;373788
117;ER Reeks 1990-2022 Definitief;2022;523;Methaan;3;Chemische Industrie;pub_0301;Chemische Industrie basisproducten;Botlek VCM Plant;78610;431979;78656.0;432149.0;25.0;;;1.3;;1.6;Lucht;2699.82;78656.0;432149.0;78610;431979
118;ER Reeks 1990-2022 Definitief;2022;523;Methaan;3;Chemische Industrie;pub_0301;Chemische Industrie basisproducten;Emerald Kalama Chemical Rotterdam BV;77444;433673;77869.0;433800.0;40.0;;;1.9;;0.582;Lucht;202.20000000000016;77869.0;433800.0;77444;433673
119;ER Reeks 1990-2022 Definitief;2022;523;Methaan;3;Chemische Industrie;pub_0304;Chemische Industrie overig;Albemarle Catalysts Company B.V.;124570;488620;124206.0;488708.0;20.0;;;0.5027;;0.07;Lucht;420.6;124206.0;488708.0;124570;488620
120;ER Reeks 1990-2022 Definitief;2022;523;Methaan;3;Chemische Industrie;pub_0304;Chemische Industrie overig;Cabot Norit Nederland B.V.;116710;492900;116683.0;492917.0;15.0;;;0.0;;0.1;Lucht;6.156;116683.0;492917.0;116710;492900
121;ER Reeks 1990-2022 Definitief;2022;523;Methaan;3;Chemische Industrie;pub_0301;Chemische Industrie basisproducten;BASF Nederland B.V. (Nijehaske);188750;553750;188750.0;553750.0;10.0;;;0.5;;0.228;Lucht;21.642;188750.0;553750.0;188750;553750
122;ER Reeks 1990-2022 Definitief;2022;523;Methaan;3;Chemische Industrie;pub_0301;Chemische Industrie basisproducten;Chemelot Site Permit BV;183732;332404;183500.0;332300.0;5.0;;;0.9;;0.0;Lucht;1635.0;183500.0;332300.0;183732;332404
123;ER Reeks 1990-2022 Definitief;2022;523;Methaan;3;Chemische Industrie;pub_0301;Chemische Industrie basisproducten;Chemelot Site Permit BV;183732;332404;183718.0;333249.0;46.0;;;0.6;;0.067468115;Lucht;271.0;183718.0;333249.0;183732;332404
124;ER Reeks 1990-2022 Definitief;2022;523;Methaan;3;Chemische Industrie;pub_0301;Chemische Industrie basisproducten;Croda;108400;446500;108265.0;446532.0;3.0;;;0.008;;0.074;Lucht;13.5051646413868;108265.0;446532.0;108400;446500
125;ER Reeks 1990-2022 Definitief;2022;523;Methaan;3;Chemische Industrie;pub_0301;Chemische Industrie basisproducten;Aliancys Nederland B.V.;255180;523500;255180.0;523500.0;17.0;;;0.5;;0.153;Lucht;6.6;255180.0;523500.0;255180;523500
126;ER Reeks 1990-2022 Definitief;2022;523;Methaan;3;Chemische Industrie;pub_0301;Chemische Industrie basisproducten;Aliancys Nederland B.V.;255180;523500;255180.0;523500.0;5.0;;;0.0;;0.005;Lucht;3.6;255180.0;523500.0;255180;523500
127;ER Reeks 1990-2022 Definitief;2022;523;Methaan;3;Chemische Industrie;pub_0301;Chemische Industrie basisproducten;Croda;108400;446500;108335.0;446536.0;13.0;;;0.03;;0.003;Lucht;4.22160820112926;108335.0;446536.0;108400;446500
128;ER Reeks 1990-2022 Definitief;2022;523;Methaan;3;Chemische Industrie;pub_0301;Chemische Industrie basisproducten;Chemelot Site Permit BV;183732;332404;184112.0;333100.0;65.0;;;0.71;;0.17142125;Lucht;3931.0;184112.0;333100.0;183732;332404
129;ER Reeks 1990-2022 Definitief;2022;523;Methaan;3;Chemische Industrie;pub_0304;Chemische Industrie overig;Givaudan Nederland BV (Barneveld);168000;464350;168000.0;464350.0;17.0;;;0.42;;0.6;Lucht;132.6;168000.0;464350.0;168000;464350
130;ER Reeks 1990-2022 Definitief;2022;523;Methaan;3;Chemische Industrie;pub_0301;Chemische Industrie basisproducten;Dow Benelux BV (Hoek);43193;373788;43133.0;372887.0;60.0;;;3.94;;1.001;Lucht;710.0;43133.0;372887.0;43193;373788
131;ER Reeks 1990-2022 Definitief;2022;523;Methaan;3;Chemische Industrie;pub_0301;Chemische Industrie basisproducten;Lyondell Chemie Nederland BV;76900;433220;76900.0;433220.0;5.0;;;0.0;;0.0;Lucht;744.0;76900.0;433220.0;76900;433220
132;ER Reeks 1990-2022 Definitief;2022;523;Methaan;3;Chemische Industrie;pub_0301;Chemische Industrie basisproducten;Dow Benelux BV (Hoek);43193;373788;44109.0;373529.0;15.0;;;0.8;;0.028;Lucht;123.9999999999996;44109.0;373529.0;43193;373788
133;ER Reeks 1990-2022 Definitief;2022;523;Methaan;3;Chemische Industrie;pub_0301;Chemische Industrie basisproducten;DSM NeoResins B.V.;131981;412041;132000.0;412000.0;12.0;;;0.46;;0.277;Lucht;127.56;132000.0;412000.0;131981;412041
134;ER Reeks 1990-2022 Definitief;2022;523;Methaan;3;Chemische Industrie;pub_0304;Chemische Industrie overig;Cabot Norit Nederland B.V.;116710;492900;116701.0;492857.0;23.0;;;0.13;;0.319;Lucht;53.091;116701.0;492857.0;116710;492900
135;ER Reeks 1990-2022 Definitief;2022;523;Methaan;12;Handel. Diensten en Overheid (HDO);pub_1201;Energiegebruik en processen Handel. Diensten en Overheid (HDO);UMC St Radboud & Radboud Universiteit Nijmegen;187976;425797;187976.0;425797.0;5.0;;;0.0;;0.0;Lucht;39.3;187976.0;425797.0;187976;425797
136;ER Reeks 1990-2022 Definitief;2022;523;Methaan;12;Handel. Diensten en Overheid (HDO);pub_1201;Energiegebruik en processen Handel. Diensten en Overheid (HDO);UMC St Radboud & Radboud Universiteit Nijmegen;187976;425797;187709.0;426402.0;38.0;0.0;0.0;0.0;;0.0083333333333333;Lucht;274.2;187709.0;426402.0;187976;425797
137;ER Reeks 1990-2022 Definitief;2022;523;Methaan;12;Handel. Diensten en Overheid (HDO);pub_1201;Energiegebruik en processen Handel. Diensten en Overheid (HDO);ARKEMA Vlissingen BV;37013;386172;37000.0;385640.0;10.0;;;2.0;;1.59466666666667;Lucht;712.8;37000.0;385640.0;37013;386172
138;ER Reeks 1990-2022 Definitief;2022;523;Methaan;12;Handel. Diensten en Overheid (HDO);pub_1201;Energiegebruik en processen Handel. Diensten en Overheid (HDO);Wilmar Oleochemicals BV;77212;433504;76577.0;434345.0;27.0;;;0.005;;0.002;Lucht;68.9;76577.0;434345.0;77212;433504
139;ER Reeks 1990-2022 Definitief;2022;523;Methaan;11;Riolering en waterzuiveringsinstallaties;pub_1102;Energiegebruik en processen Riolering en waterzuiveringsinstallaties;RWZI Raalte;214653;490119;;;;;;;;;Lucht;6373.7480375;;;214653;490119
140;ER Reeks 1990-2022 Definitief;2022;523;Methaan;11;Riolering en waterzuiveringsinstallaties;pub_1102;Energiegebruik en processen Riolering en waterzuiveringsinstallaties;RWZI Olburgen;207000;451200;;;;;;;;;Lucht;19090.1314982772;;;207000;451200
141;ER Reeks 1990-2022 Definitief;2022;523;Methaan;11;Riolering en waterzuiveringsinstallaties;pub_1102;Energiegebruik en processen Riolering en waterzuiveringsinstallaties;RWZI Berkenwoude;108000;438000;;;;;;;;;Lucht;720.6991125;;;108000;438000
142;ER Reeks 1990-2022 Definitief;2022;523;Methaan;11;Riolering en waterzuiveringsinstallaties;pub_1102;Energiegebruik en processen Riolering en waterzuiveringsinstallaties;SVI Heerenveen-Noord;189100;553800;;;;;;;;;Lucht;5.3678;;;189100;553800
143;ER Reeks 1990-2022 Definitief;2022;523;Methaan;11;Riolering en waterzuiveringsinstallaties;pub_1102;Energiegebruik en processen Riolering en waterzuiveringsinstallaties;RWZI Dinxperlo;229600;430200;;;;;;;;;Lucht;3187.35735;;;229600;430200
144;ER Reeks 1990-2022 Definitief;2022;523;Methaan;11;Riolering en waterzuiveringsinstallaties;pub_1102;Energiegebruik en processen Riolering en waterzuiveringsinstallaties;RWZI Harderwijk;171615;485571;;;;;;;;;Lucht;47648.3914682821;;;171615;485571
145;ER Reeks 1990-2022 Definitief;2022;523;Methaan;11;Riolering en waterzuiveringsinstallaties;pub_1102;Energiegebruik en processen Riolering en waterzuiveringsinstallaties;RWZI Oud Beijerland;88992;427000;;;;;;;;;Lucht;10164.696975;;;88992;427000
146;ER Reeks 1990-2022 Definitief;2022;523;Methaan;11;Riolering en waterzuiveringsinstallaties;pub_1102;Energiegebruik en processen Riolering en waterzuiveringsinstallaties;RWZI Harlingen;159485;576192;;;;;;;;;Lucht;6401.230975;;;159485;576192
147;ER Reeks 1990-2022 Definitief;2022;523;Methaan;11;Riolering en waterzuiveringsinstallaties;pub_1102;Energiegebruik en processen Riolering en waterzuiveringsinstallaties;RWZI Amsterdam-Westpoort;115200;491871;;;;;;;;;Lucht;54939.9213;;;115200;491871
148;ER Reeks 1990-2022 Definitief;2022;523;Methaan;11;Riolering en waterzuiveringsinstallaties;pub_1102;Energiegebruik en processen Riolering en waterzuiveringsinstallaties;RWZI Wijlre;190894;315348;;;;;;;;;Lucht;6547.05959918919;;;190894;315348
149;ER Reeks 1990-2022 Definitief;2022;523;Methaan;11;Riolering en waterzuiveringsinstallaties;pub_1102;Energiegebruik en processen Riolering en waterzuiveringsinstallaties;RWZI Venlo;208670;377205;;;;;;;;;Lucht;64545.9492887375;;;208670;377205
150;ER Reeks 1990-2022 Definitief;2022;523;Methaan;11;Riolering en waterzuiveringsinstallaties;pub_1102;Energiegebruik en processen Riolering en waterzuiveringsinstallaties;RWZI Beesd;140000;434400;;;;;;;;;Lucht;1315.0104;;;140000;434400
151;ER Reeks 1990-2022 Definitief;2022;523;Methaan;11;Riolering en waterzuiveringsinstallaties;pub_1102;Energiegebruik en processen Riolering en waterzuiveringsinstallaties;RWZI Vianen;135182;445641;;;;;;;;;Lucht;5302.0171;;;135182;445641
152;ER Reeks 1990-2022 Definitief;2022;523;Methaan;11;Riolering en waterzuiveringsinstallaties;pub_1102;Energiegebruik en processen Riolering en waterzuiveringsinstallaties;Delfluent Services BV;78197;456183;;;;;;;;;Lucht;51099.9348461749;;;78197;456183
153;ER Reeks 1990-2022 Definitief;2022;523;Methaan;11;Riolering en waterzuiveringsinstallaties;pub_1102;Energiegebruik en processen Riolering en waterzuiveringsinstallaties;RWZI Rotterdam-Dokhaven;91503;434572;;;;;;;;;Lucht;73423.5965277796;;;91503;434572
154;ER Reeks 1990-2022 Definitief;2022;523;Methaan;11;Riolering en waterzuiveringsinstallaties;pub_1102;Energiegebruik en processen Riolering en waterzuiveringsinstallaties;RWZI Oude Pekela;264800;571136;;;;;;;;;Lucht;2047.5992;;;264800;571136
155;ER Reeks 1990-2022 Definitief;2022;523;Methaan;11;Riolering en waterzuiveringsinstallaties;pub_1102;Energiegebruik en processen Riolering en waterzuiveringsinstallaties;RWZI Heino;210430;495113;;;;;;;;;Lucht;1320.068025;;;210430;495113
156;ER Reeks 1990-2022 Definitief;2022;523;Methaan;11;Riolering en waterzuiveringsinstallaties;pub_1102;Energiegebruik en processen Riolering en waterzuiveringsinstallaties;RWZI Bolsward;164100;565200;;;;;;;;;Lucht;6384.0997875;;;164100;565200
157;ER Reeks 1990-2022 Definitief;2022;523;Methaan;11;Riolering en waterzuiveringsinstallaties;pub_1102;Energiegebruik en processen Riolering en waterzuiveringsinstallaties;RWZI Bath;75629;379539;;;;;;;;;Lucht;89361.3582677874;;;75629;379539
158;ER Reeks 1990-2022 Definitief;2022;523;Methaan;11;Riolering en waterzuiveringsinstallaties;pub_1102;Energiegebruik en processen Riolering en waterzuiveringsinstallaties;RWZI Kortenoord;103000;442900;;;;;;;;;Lucht;19899.76415;;;103000;442900
159;ER Reeks 1990-2022 Definitief;2022;523;Methaan;11;Riolering en waterzuiveringsinstallaties;pub_1102;Energiegebruik en processen Riolering en waterzuiveringsinstallaties;RWZI Aalten;236500;436700;;;;;;;;;Lucht;5273.8369375;;;236500;436700
160;ER Reeks 1990-2022 Definitief;2022;523;Methaan;11;Riolering en waterzuiveringsinstallaties;pub_1102;Energiegebruik en processen Riolering en waterzuiveringsinstallaties;RWZI Putte;85400;375600;;;;;;;;;Lucht;1431.0834;;;85400;375600
161;ER Reeks 1990-2022 Definitief;2022;523;Methaan;11;Riolering en waterzuiveringsinstallaties;pub_1102;Energiegebruik en processen Riolering en waterzuiveringsinstallaties;RWZI Weesp;129985;481231;;;;;;;;;Lucht;5804.000775;;;129985;481231
162;ER Reeks 1990-2022 Definitief;2022;523;Methaan;11;Riolering en waterzuiveringsinstallaties;pub_1102;Energiegebruik en processen Riolering en waterzuiveringsinstallaties;RWZI Zaandam-Oost;119024;493720;;;;;;;;;Lucht;14977.8661548207;;;119024;493720
163;ER Reeks 1990-2022 Definitief;2022;523;Methaan;11;Riolering en waterzuiveringsinstallaties;pub_1102;Energiegebruik en processen Riolering en waterzuiveringsinstallaties;RWZI Weert;179383;364192;;;;;;;;;Lucht;19599.5826739036;;;179383;364192
164;ER Reeks 1990-2022 Definitief;2022;523;Methaan;11;Riolering en waterzuiveringsinstallaties;pub_1102;Energiegebruik en processen Riolering en waterzuiveringsinstallaties;RWZI Oude Tonge;71500;411300;;;;;;;;;Lucht;3341.2634625;;;71500;411300
165;ER Reeks 1990-2022 Definitief;2022;523;Methaan;11;Riolering en waterzuiveringsinstallaties;pub_1102;Energiegebruik en processen Riolering en waterzuiveringsinstallaties;RWZI Uithuizermeeden;244865;603300;;;;;;;;;Lucht;1366.5694125;;;244865;603300
166;ER Reeks 1990-2022 Definitief;2022;523;Methaan;11;Riolering en waterzuiveringsinstallaties;pub_1102;Energiegebruik en processen Riolering en waterzuiveringsinstallaties;RWZI Hilvarenbeek;140100;390200;;;;;;;;;Lucht;8497.3370625;;;140100;390200
167;ER Reeks 1990-2022 Definitief;2022;523;Methaan;11;Riolering en waterzuiveringsinstallaties;pub_1102;Energiegebruik en processen Riolering en waterzuiveringsinstallaties;RWZI Alphen Kerk en Zanen;102922;460234;;;;;;;;;Lucht;14263.70455;;;102922;460234
168;ER Reeks 1990-2022 Definitief;2022;523;Methaan;11;Riolering en waterzuiveringsinstallaties;pub_1102;Energiegebruik en processen Riolering en waterzuiveringsinstallaties;RWZI Millingen;198791;430874;;;;;;;;;Lucht;2139.0612;;;198791;430874
169;ER Reeks 1990-2022 Definitief;2022;523;Methaan;11;Riolering en waterzuiveringsinstallaties;pub_1102;Energiegebruik en processen Riolering en waterzuiveringsinstallaties;RWZI Tweede Exloermond;260000;549000;;;;;;;;;Lucht;1709.477;;;260000;549000
170;ER Reeks 1990-2022 Definitief;2022;523;Methaan;11;Riolering en waterzuiveringsinstallaties;pub_1102;Energiegebruik en processen Riolering en waterzuiveringsinstallaties;RWZI Dronten;177400;505500;;;;;;;;;Lucht;6869.93686631278;;;177400;505500
171;ER Reeks 1990-2022 Definitief;2022;523;Methaan;11;Riolering en waterzuiveringsinstallaties;pub_1102;Energiegebruik en processen Riolering en waterzuiveringsinstallaties;RWZI Ooltgensplaat;83750;409858;;;;;;;;;Lucht;481.1375625;;;83750;409858
172;ER Reeks 1990-2022 Definitief;2022;523;Methaan;11;Riolering en waterzuiveringsinstallaties;pub_1102;Energiegebruik en processen Riolering en waterzuiveringsinstallaties;RWZI Oisterwijk;143700;399800;;;;;;;;;Lucht;6459.0374625;;;143700;399800
173;ER Reeks 1990-2022 Definitief;2022;523;Methaan;11;Riolering en waterzuiveringsinstallaties;pub_1102;Energiegebruik en processen Riolering en waterzuiveringsinstallaties;RWZI Almelo-Sumpel;239200;484400;;;;;;;;;Lucht;14257.5386125;;;239200;484400
174;ER Reeks 1990-2022 Definitief;2022;523;Methaan;11;Riolering en waterzuiveringsinstallaties;pub_1102;Energiegebruik en processen Riolering en waterzuiveringsinstallaties;RWZI Hardenberg;237908;506639;;;;;;;;;Lucht;9341.6348;;;237908;506639
175;ER Reeks 1990-2022 Definitief;2022;523;Methaan;11;Riolering en waterzuiveringsinstallaties;pub_1102;Energiegebruik en processen Riolering en waterzuiveringsinstallaties;RWZI Workum;159300;553900;;;;;;;;;Lucht;1495.8980125;;;159300;553900
176;ER Reeks 1990-2022 Definitief;2022;523;Methaan;11;Riolering en waterzuiveringsinstallaties;pub_1102;Energiegebruik en processen Riolering en waterzuiveringsinstallaties;RWZI Hulst;63500;366400;;;;;;;;;Lucht;3163.95315;;;63500;366400
177;ER Reeks 1990-2022 Definitief;2022;523;Methaan;11;Riolering en waterzuiveringsinstallaties;pub_1102;Energiegebruik en processen Riolering en waterzuiveringsinstallaties;RWZI Schelluinen;123868;428442;;;;;;;;;Lucht;16715.4857375;;;123868;428442
178;ER Reeks 1990-2022 Definitief;2022;523;Methaan;11;Riolering en waterzuiveringsinstallaties;pub_1102;Energiegebruik en processen Riolering en waterzuiveringsinstallaties;RWZI Den Ham;229136;498038;;;;;;;;;Lucht;1317.4914375;;;229136;498038
179;ER Reeks 1990-2022 Definitief;2022;523;Methaan;11;Riolering en waterzuiveringsinstallaties;pub_1102;Energiegebruik en processen Riolering en waterzuiveringsinstallaties;RWZI Lichtenvoorde;235624;446187;;;;;;;;;Lucht;5885.5377375;;;235624;446187
180;ER Reeks 1990-2022 Definitief;2022;523;Methaan;11;Riolering en waterzuiveringsinstallaties;pub_1102;Energiegebruik en processen Riolering en waterzuiveringsinstallaties;RWZI Bunnik;143500;452800;;;;;;;;;Lucht;3484.5766125;;;143500;452800
181;ER Reeks 1990-2022 Definitief;2022;523;Methaan;11;Riolering en waterzuiveringsinstallaties;pub_1102;Energiegebruik en processen Riolering en waterzuiveringsinstallaties;RWZI Almelo Vissedijk;241000;487200;;;;;;;;;Lucht;14865.9291;;;241000;487200
182;ER Reeks 1990-2022 Definitief;2022;523;Methaan;11;Riolering en waterzuiveringsinstallaties;pub_1102;Energiegebruik en processen Riolering en waterzuiveringsinstallaties;RWZI Winterswijk;245640;445104;;;;;;;;;Lucht;19276.22145;;;245640;445104
183;ER Reeks 1990-2022 Definitief;2022;523;Methaan;11;Riolering en waterzuiveringsinstallaties;pub_1102;Energiegebruik en processen Riolering en waterzuiveringsinstallaties;RWZI Nijverdal;229100;487300;;;;;;;;;Lucht;15898.5397375;;;229100;487300
184;ER Reeks 1990-2022 Definitief;2022;523;Methaan;11;Riolering en waterzuiveringsinstallaties;pub_1102;Energiegebruik en processen Riolering en waterzuiveringsinstallaties;RWZI Leiden Zuid-West;92483;461314;;;;;;;;;Lucht;27106.6028924687;;;92483;461314
185;ER Reeks 1990-2022 Definitief;2022;523;Methaan;11;Riolering en waterzuiveringsinstallaties;pub_1102;Energiegebruik en processen Riolering en waterzuiveringsinstallaties;RWZI Amsterdam-West;114161;490246;;;;;;;;;Lucht;212538.74739272456;;;114161;490246
186;ER Reeks 1990-2022 Definitief;2022;523;Methaan;11;Riolering en waterzuiveringsinstallaties;pub_1102;Energiegebruik en processen Riolering en waterzuiveringsinstallaties;RWZI St. Maartensdijk-Scherpenisse;63979;397049;;;;;;;;;Lucht;3854.7110625;;;63979;397049
187;ER Reeks 1990-2022 Definitief;2022;523;Methaan;11;Riolering en waterzuiveringsinstallaties;pub_1102;Energiegebruik en processen Riolering en waterzuiveringsinstallaties;RWZI Rozenburg;75200;437200;;;;;;;;;Lucht;2456.5516875;;;75200;437200
188;ER Reeks 1990-2022 Definitief;2022;523;Methaan;11;Riolering en waterzuiveringsinstallaties;pub_1102;Energiegebruik en processen Riolering en waterzuiveringsinstallaties;RWZI Den Bommel;77500;415750;;;;;;;;;Lucht;372.8094;;;77500;415750
189;ER Reeks 1990-2022 Definitief;2022;523;Methaan;5;Energiesector;pub_0503;Opwekking electriciteit;Eneco Solar. Bio & Hydro BV. WKC Ypenburg;85471;452540;85455.0;452580.0;20.0;;;0.28;;0.302;Lucht;612.0;85455.0;452580.0;85471;452540
190;ER Reeks 1990-2022 Definitief;2022;523;Methaan;5;Energiesector;pub_0503;Opwekking electriciteit;Eneco Solar. Bio & Hydro BV. WKC Ypenburg;85471;452540;85455.0;452580.0;20.0;;;0.28;;0.2964;Lucht;523.8;85455.0;452580.0;85471;452540
191;ER Reeks 1990-2022 Definitief;2022;523;Methaan;5;Energiesector;pub_0503;Opwekking electriciteit;Eneco HWC Nicolaas Beetsstraat;136344;455260;136348.0;455236.0;33.0;;;2.5;;0.011;Lucht;3.66;136348.0;455236.0;136344;455260
192;ER Reeks 1990-2022 Definitief;2022;523;Methaan;5;Energiesector;pub_0502;Olie- gaswinning land;Gasunie (Spijk);253587;603833;253520.0;603826.0;9.0;;;0.95;;5.225454;Lucht;2.0;253520.0;603826.0;253587;603833
193;ER Reeks 1990-2022 Definitief;2022;523;Methaan;5;Energiesector;pub_0503;Opwekking electriciteit;ENGIE Energie Nederland NV (Eemscentrale);254265;606627;254265.0;606627.0;67.0;;;39.0;;58.088;Lucht;3871.2;254265.0;606627.0;254265;606627
194;ER Reeks 1990-2022 Definitief;2022;523;Methaan;5;Energiesector;pub_0502;Olie- gaswinning land;Gasunie (Ravenstein);173928;421577;173928.0;421577.0;15.0;;;0.2;;2.042;Lucht;463.0;173928.0;421577.0;173928;421577
195;ER Reeks 1990-2022 Definitief;2022;523;Methaan;5;Energiesector;pub_0503;Opwekking electriciteit;Rijnmond Energie;83725;434099;83882.0;434025.0;65.0;;;28.0;;51.539;Lucht;5308.8;83882.0;434025.0;83725;434099
196;ER Reeks 1990-2022 Definitief;2022;523;Methaan;5;Energiesector;pub_0503;Opwekking electriciteit;Maxima-centrale;164694;509969;164694.0;509969.0;70.0;;;38.0;;50.476;Lucht;6640.2;164694.0;509969.0;164694;509969
197;ER Reeks 1990-2022 Definitief;2022;523;Methaan;5;Energiesector;pub_0503;Opwekking electriciteit;ENGIE Energie Nederland NV (Eemscentrale);254265;606627;254265.0;606627.0;67.0;;;39.0;;62.294;Lucht;5091.0;254265.0;606627.0;254265;606627
198;ER Reeks 1990-2022 Definitief;2022;523;Methaan;5;Energiesector;pub_0503;Opwekking electriciteit;Nuon Power Generation BV (Diemen);130055;483500;129971.0;483498.0;30.0;;;1.33;;2.773;Lucht;18.0;129971.0;483498.0;130055;483500
199;ER Reeks 1990-2022 Definitief;2022;523;Methaan;5;Energiesector;pub_0502;Olie- gaswinning land;Gasunie LNG;64259;440368;64227.0;440219.0;15.0;;;1.0;;0.8;Lucht;2.0;64227.0;440219.0;64259;440368
200;ER Reeks 1990-2022 Definitief;2022;523;Methaan;5;Energiesector;pub_0503;Opwekking electriciteit;Eneco Solar. Bio & Hydro / HWC Ypenburg;84489;451037;84493.0;451045.0;15.0;;;0.33;;0.194;Lucht;220.8;84493.0;451045.0;84489;451037
201;ER Reeks 1990-2022 Definitief;2022;523;Methaan;5;Energiesector;pub_0503;Opwekking electriciteit;Eneco Solar. Bio & Hydro BV. WKC Ypenburg;85471;452540;85455.0;452580.0;20.0;;;0.28;;0.2964;Lucht;539.4;85455.0;452580.0;85471;452540
202;ER Reeks 1990-2022 Definitief;2022;523;Methaan;4;Raffinaderijen;pub_0401;Raffinage en verwerking;Esso Nederland BV (Raffinaderij Rotterdam);79871;432082;79306.0;432019.0;90.0;;;8.042;;10.103;Lucht;1901.3999999999985;79306.0;432019.0;79871;432082
203;ER Reeks 1990-2022 Definitief;2022;523;Methaan;4;Raffinaderijen;pub_0401;Raffinage en verwerking;Shell Nederland Raffinaderij BV;82574;432924;82730.0;432500.0;60.0;;;0.13;;0.298;Lucht;40.0;82730.0;432500.0;82574;432924
204;ER Reeks 1990-2022 Definitief;2022;523;Methaan;4;Raffinaderijen;pub_0401;Raffinage en verwerking;Esso Nederland BV (Raffinaderij Rotterdam);79871;432082;80260.0;432673.0;5.0;3480.0;1800.0;6264000.0;90.0;0.001;Lucht;4347.0;80260.0;432673.0;79871;432082
205;ER Reeks 1990-2022 Definitief;2022;523;Methaan;4;Raffinaderijen;pub_0401;Raffinage en verwerking;Esso Nederland BV (Raffinaderij Rotterdam);79871;432082;79870.0;432074.0;90.0;;;13.854;;6.135;Lucht;1156.2;79870.0;432074.0;79871;432082
206;ER Reeks 1990-2022 Definitief;2022;523;Methaan;4;Raffinaderijen;pub_0401;Raffinage en verwerking;Shell Nederland Raffinaderij BV;82574;432924;82574.0;432924.0;5.0;;;0.0;;0.0;Lucht;9046.0;82574.0;432924.0;82574;432924
207;ER Reeks 1990-2022 Definitief;2022;523;Methaan;9;Afvalverwijdering;pub_0901;AVI's;SUEZ ReEnergy Roosendaal;89550;395830;89550.0;395830.0;80.0;;;1.8;;5.922;Lucht;211.53342219192;89550.0;395830.0;89550;395830
208;ER Reeks 1990-2022 Definitief;2022;523;Methaan;9;Afvalverwijdering;pub_0901;AVI's;GMB Slibverwerking Tiel BV;158236;436521;158236.0;436521.0;81.0;;;2.5;;0.325;Lucht;21037.0;158236.0;436521.0;158236;436521
209;ER Reeks 1990-2022 Definitief;2022;523;Methaan;9;Afvalverwijdering;pub_0901;AVI's;ARN B.V.;183067;428715;183067.0;428715.0;5.0;;;0.0;;0.0;Lucht;63358.0;183067.0;428715.0;183067;428715
210;ER Reeks 1990-2022 Definitief;2022;523;Methaan;2;Overige industrie;pub_0211;Papier(waren);BN International BV;145000;479450;145030.0;479400.0;15.0;;;0.13;;0.125;Lucht;5.4;145030.0;479400.0;145000;479450
211;ER Reeks 1990-2022 Definitief;2022;523;Methaan;2;Overige industrie;pub_0216;Voedings- en genotmiddelenindustrie;Archer Daniels Midland Europoort BV (ADM);68067;441593;68200.0;442200.0;30.0;;;1.91;;2.537;Lucht;4320.0;68200.0;442200.0;68067;441593
212;ER Reeks 1990-2022 Definitief;2022;523;Methaan;2;Overige industrie;pub_0201;Basismetaal;Tata Steel IJmuiden BV;100985;499055;102211.0;498777.0;65.0;;;6.1544;;4.4;Lucht;1010.35624794;102211.0;498777.0;100985;499055
213;ER Reeks 1990-2022 Definitief;2022;523;Methaan;2;Overige industrie;pub_0211;Papier(waren);Sappi Maastricht BV;176620;318700;176690.0;318710.0;50.0;;;7.0;;2.4;Lucht;41.7;176690.0;318710.0;176620;318700
214;ER Reeks 1990-2022 Definitief;2022;523;Methaan;2;Overige industrie;pub_0210;Metaalelektro;Van Merksteijn International BV;238760;487181;238820.0;487581.0;10.0;;;0.56;;0.001;Lucht;1134.0;238820.0;487581.0;238760;487181
215;ER Reeks 1990-2022 Definitief;2022;523;Methaan;2;Overige industrie;pub_0201;Basismetaal;Tata Steel IJmuiden BV;100985;499055;102095.0;498823.0;61.0;;;0.19625;;1.531;Lucht;57.0675552;102095.0;498823.0;100985;499055
216;ER Reeks 1990-2022 Definitief;2022;523;Methaan;2;Overige industrie;pub_0216;Voedings- en genotmiddelenindustrie;Cargill BV (Multiseed);112985;491728;113044.0;491722.0;17.0;;;1.38;;0.401;Lucht;2382.0;113044.0;491722.0;112985;491728
217;ER Reeks 1990-2022 Definitief;2022;523;Methaan;2;Overige industrie;pub_0216;Voedings- en genotmiddelenindustrie;Archer Daniels Midland Europoort BV (ADM);68067;441593;68200.0;442200.0;30.0;;;1.91;;2.537;Lucht;4782.0;68200.0;442200.0;68067;441593
218;ER Reeks 1990-2022 Definitief;2022;523;Methaan;2;Overige industrie;pub_0216;Voedings- en genotmiddelenindustrie;Aviko BV;210103;453484;210117.0;453560.0;16.0;;;0.5;;0.28;Lucht;91.8;210117.0;453560.0;210103;453484
219;ER Reeks 1990-2022 Definitief;2022;523;Methaan;2;Overige industrie;pub_0201;Basismetaal;Nedri Spanstaal BV;207530;377350;207530.0;377350.0;8.0;;;0.2;;0.021;Lucht;91.79;207530.0;377350.0;207530;377350
220;ER Reeks 1990-2022 Definitief;2022;523;Methaan;2;Overige industrie;pub_0210;Metaalelektro;DAF Trucks N.V.;164080;382500;164081.0;382433.0;13.0;;;0.2;;0.235;Lucht;183.12;164081.0;382433.0;164080;382500
221;ER Reeks 1990-2022 Definitief;2022;523;Methaan;2;Overige industrie;pub_0216;Voedings- en genotmiddelenindustrie;Sime Darby Unimills B.V.;103500;424600;103369.0;424469.0;29.0;0.0;0.0;0.0;;0.293;Lucht;261.0;103369.0;424469.0;103500;424600
222;ER Reeks 1990-2022 Definitief;2022;523;Methaan;2;Overige industrie;pub_0201;Basismetaal;Tata Steel IJmuiden BV;100985;499055;102673.0;500740.0;100.0;;;9.61625;;22.095;Lucht;754.3188;102673.0;500740.0;100985;499055
223;ER Reeks 1990-2022 Definitief;2022;523;Methaan;2;Overige industrie;pub_0216;Voedings- en genotmiddelenindustrie;Aviko BV;210103;453484;210143.0;453684.0;15.0;;;1.7;;2.391;Lucht;2748.0;210143.0;453684.0;210103;453484
224;ER Reeks 1990-2022 Definitief;2022;523;Methaan;2;Overige industrie;pub_0211;Papier(waren);BN International BV;145000;479450;145000.0;479436.0;5.0;;;0.01;;0.1;Lucht;40.8;145000.0;479436.0;145000;479450
225;ER Reeks 1990-2022 Definitief;2022;523;Methaan;2;Overige industrie;pub_0216;Voedings- en genotmiddelenindustrie;Nestle Nederland BV (Nunspeet);182480;488580;182494.0;488608.0;60.0;;;10.0;;0.36;Lucht;1019.0;182494.0;488608.0;182480;488580
226;ER Reeks 1990-2022 Definitief;2022;523;Methaan;2;Overige industrie;pub_0210;Metaalelektro;Damen Schelde Naval Shipbuilding B.V. en Scheldepoort B.V;35794;387217;35900.0;387100.0;10.0;;;0.0;;1.0;Lucht;95.4;35900.0;387100.0;35794;387217
227;ER Reeks 1990-2022 Definitief;2022;523;Methaan;2;Overige industrie;pub_0216;Voedings- en genotmiddelenindustrie;Nestle Nederland BV (Nunspeet);182480;488580;182550.0;488597.0;27.0;;;0.64;;0.04;Lucht;100.0;182550.0;488597.0;182480;488580
228;ER Reeks 1990-2022 Definitief;2022;523;Methaan;2;Overige industrie;pub_0201;Basismetaal;Tata Steel IJmuiden BV;100985;499055;100840.0;499053.0;55.0;;;31.8396;;3.152;Lucht;11054.33188777;100840.0;499053.0;100985;499055
229;ER Reeks 1990-2022 Definitief;2022;523;Methaan;2;Overige industrie;pub_0216;Voedings- en genotmiddelenindustrie;Aviko BV;210103;453484;210114.0;453399.0;16.0;;;0.5;;0.177;Lucht;90.0;210114.0;453399.0;210103;453484
230;ER Reeks 1990-2022 Definitief;2022;523;Methaan;2;Overige industrie;pub_0216;Voedings- en genotmiddelenindustrie;Aviko BV;210103;453484;210136.0;453684.0;15.0;;;1.7;;2.391;Lucht;2994.0;210136.0;453684.0;210103;453484
231;ER Reeks 1990-2022 Definitief;2022;523;Methaan;2;Overige industrie;pub_0211;Papier(waren);Stora Enso De Hoop B.V.;200743;456801;200743.0;456801.0;35.0;;;13.8;;18.62;Lucht;9690.0;200743.0;456801.0;200743;456801
232;ER Reeks 1990-2022 Definitief;2022;523;Methaan;2;Overige industrie;pub_0216;Voedings- en genotmiddelenindustrie;Sime Darby Unimills B.V.;103500;424600;103543.0;424537.0;30.0;0.0;0.0;0.0;;0.115;Lucht;362.4;103543.0;424537.0;103500;424600
233;ER Reeks 1990-2022 Definitief;2022;523;Methaan;2;Overige industrie;pub_0216;Voedings- en genotmiddelenindustrie;Heineken Nederland BV (Zoeterwoude);97050;461400;97076.0;461443.0;20.0;;;0.8;;0.875;Lucht;102.6;97076.0;461443.0;97050;461400
234;ER Reeks 1990-2022 Definitief;2022;523;Methaan;2;Overige industrie;pub_0211;Papier(waren);Parenco B.V.;178450;442450;178450.0;442450.0;5.0;;;0.0;;0.0;Lucht;160004.0;178450.0;442450.0;178450;442450
235;ER Reeks 1990-2022 Definitief;2022;523;Methaan;2;Overige industrie;pub_0211;Papier(waren);Parenco B.V.;178450;442450;178579.0;442458.0;60.0;;;4.52;;1.017;Lucht;234.8880000000004;178579.0;442458.0;178450;442450
236;ER Reeks 1990-2022 Definitief;2022;523;Methaan;2;Overige industrie;pub_0216;Voedings- en genotmiddelenindustrie;Sime Darby Unimills B.V.;103500;424600;103543.0;424537.0;30.0;0.0;0.0;0.0;;0.115;Lucht;618.0;103543.0;424537.0;103500;424600
237;ER Reeks 1990-2022 Definitief;2022;523;Methaan;2;Overige industrie;pub_0201;Basismetaal;Tata Steel IJmuiden BV;100985;499055;102330.0;498750.0;84.0;;;5.3066;;3.389;Lucht;893.67958753;102330.0;498750.0;100985;499055
238;ER Reeks 1990-2022 Definitief;2022;523;Methaan;2;Overige industrie;pub_0216;Voedings- en genotmiddelenindustrie;Archer Daniels Midland Europoort BV (ADM);68067;441593;68067.0;441593.0;28.0;0.0;0.0;0.5;0.0;0.007;Lucht;152.4;68067.0;441593.0;68067;441593
239;ER Reeks 1990-2022 Definitief;2022;523;Methaan;2;Overige industrie;pub_0201;Basismetaal;Tata Steel IJmuiden BV;100985;499055;100419.0;499127.0;130.0;;;11.93985;;10.563;Lucht;1628.0436059;100419.0;499127.0;100985;499055
240;ER Reeks 1990-2022 Definitief;2022;523;Methaan;2;Overige industrie;pub_0201;Basismetaal;Nyrstar Budel BV;169900;361000;170140.0;360928.0;4.0;;;0.64;;0.007722;Lucht;111.04;170140.0;360928.0;169900;361000
241;ER Reeks 1990-2022 Definitief;2022;523;Methaan;2;Overige industrie;pub_0216;Voedings- en genotmiddelenindustrie;Cargill Benelux BV;44338;361919;44338.0;361919.0;30.0;;;0.0;;0.0;Lucht;46.56;44338.0;361919.0;44338;361919
242;ER Reeks 1990-2022 Definitief;2022;523;Methaan;2;Overige industrie;pub_0201;Basismetaal;Tata Steel IJmuiden BV;100985;499055;101708.0;499016.0;1.0;;;1.0;;0.001;Lucht;7.758;101708.0;499016.0;100985;499055
243;ER Reeks 1990-2022 Definitief;2022;523;Methaan;2;Overige industrie;pub_0216;Voedings- en genotmiddelenindustrie;Hochwald Nederland BV;163330;563820;163325.0;563814.0;50.0;;;0.0;;0.306;Lucht;900.0;163325.0;563814.0;163330;563820
244;ER Reeks 1990-2022 Definitief;2022;523;Methaan;2;Overige industrie;pub_0201;Basismetaal;Aurubis Netherlands B.V.;211100;463650;210964.0;463664.0;16.0;0.0;0.0;0.2;0.0;0.003;Lucht;6.3;210964.0;463664.0;211100;463650
245;ER Reeks 1990-2022 Definitief;2022;523;Methaan;2;Overige industrie;pub_0216;Voedings- en genotmiddelenindustrie;Archer Daniels Midland Europoort BV (ADM);68067;441593;68067.0;441593.0;28.0;0.0;0.0;0.5;0.0;0.007;Lucht;169.8;68067.0;441593.0;68067;441593
246;ER Reeks 1990-2022 Definitief;2022;523;Methaan;6;Verkeer en vervoer;pub_0603;Luchtvaart;Vliegveld Midden Zeeland;40250;393250;;;;;;;;;Lucht;87.07928283997178;;;40250;393250
247;ER Reeks 1990-2022 Definitief;2022;523;Methaan;6;Verkeer en vervoer;pub_0603;Luchtvaart;Vliegveld Eindhoven;155760;385730;;;;;;;;;Lucht;157.22611755844983;;;155760;385730
248;ER Reeks 1990-2022 Definitief;2022;523;Methaan;3;Chemische Industrie;pub_0304;Chemische Industrie overig;Johnson Matthey BV;178253;321177;178190.0;321190.0;10.0;;;0.0;;0.026;Lucht;127.86;178190.0;321190.0;178253;321177
249;ER Reeks 1990-2022 Definitief;2022;523;Methaan;3;Chemische Industrie;pub_0301;Chemische Industrie basisproducten;Allnex Netherlands B.V.;77249;391375;77361.0;391304.0;20.0;0.0;0.0;0.2;0.0;0.05;Lucht;154.2;77361.0;391304.0;77249;391375
250;ER Reeks 1990-2022 Definitief;2022;523;Methaan;3;Chemische Industrie;pub_0301;Chemische Industrie basisproducten;Dow Benelux BV (Hoek);43193;373788;43867.0;373432.0;20.0;;;1.5;;0.159;Lucht;3276.0;43867.0;373432.0;43193;373788
251;ER Reeks 1990-2022 Definitief;2022;523;Methaan;3;Chemische Industrie;pub_0301;Chemische Industrie basisproducten;Dow Benelux BV (Hoek);43193;373788;42920.0;372808.0;35.0;;;23.8;;24.618;Lucht;10425.92;42920.0;372808.0;43193;373788
252;ER Reeks 1990-2022 Definitief;2022;523;Methaan;3;Chemische Industrie;pub_0304;Chemische Industrie overig;Givaudan Nederland BV (Naarden);141030;478690;141019.0;478549.0;10.0;;;0.02;;0.001;Lucht;150.0;141019.0;478549.0;141030;478690
253;ER Reeks 1990-2022 Definitief;2022;523;Methaan;3;Chemische Industrie;pub_0301;Chemische Industrie basisproducten;Eastman Chemical Middelburg BV;33940;390952;34235.0;391270.0;25.0;;;1.13;;2.011;Lucht;66.42;34235.0;391270.0;33940;390952
254;ER Reeks 1990-2022 Definitief;2022;523;Methaan;3;Chemische Industrie;pub_0301;Chemische Industrie basisproducten;Dow Benelux BV (Hoek);43193;373788;42191.0;374194.0;10.0;;;1.0;;0.05;Lucht;2.28;42191.0;374194.0;43193;373788
255;ER Reeks 1990-2022 Definitief;2022;523;Methaan;3;Chemische Industrie;pub_0301;Chemische Industrie basisproducten;Shell Nederland Chemie BV (Moerdijk);97946;411331;98174.0;411356.0;25.0;;;2.95;;0.0;Lucht;1.83847602678644;98174.0;411356.0;97946;411331
256;ER Reeks 1990-2022 Definitief;2022;523;Methaan;3;Chemische Industrie;pub_0301;Chemische Industrie basisproducten;Dow Benelux BV (Hoek);43193;373788;43479.0;373705.0;30.0;;;1.0;;0.024;Lucht;372.0;43479.0;373705.0;43193;373788
257;ER Reeks 1990-2022 Definitief;2022;523;Methaan;3;Chemische Industrie;pub_0301;Chemische Industrie basisproducten;Chemelot Site Permit BV;183732;332404;183324.0;332346.0;5.0;;;0.2;;4.03e-07;Lucht;436.0;183324.0;332346.0;183732;332404
258;ER Reeks 1990-2022 Definitief;2022;523;Methaan;3;Chemische Industrie;pub_0301;Chemische Industrie basisproducten;Chemelot Site Permit BV;183732;332404;183710.0;329690.0;5.0;;;0.0;;0.0;Lucht;52.0;183710.0;329690.0;183732;332404
259;ER Reeks 1990-2022 Definitief;2022;523;Methaan;3;Chemische Industrie;pub_0301;Chemische Industrie basisproducten;ESD-SIC BV;260222;591232;260250.0;591280.0;25.0;;;0.0;;0.1;Lucht;18316.0;260250.0;591280.0;260222;591232
260;ER Reeks 1990-2022 Definitief;2022;523;Methaan;3;Chemische Industrie;pub_0301;Chemische Industrie basisproducten;Celanese Emulsions BV;183891;329309;183891.0;329309.0;5.0;;;0.0;;0.0;Lucht;13.07;183891.0;329309.0;183891;329309
261;ER Reeks 1990-2022 Definitief;2022;523;Methaan;3;Chemische Industrie;pub_0301;Chemische Industrie basisproducten;Chemelot Site Permit BV;183732;332404;183828.0;333045.0;46.0;;;0.45;;0.098943455;Lucht;919.0;183828.0;333045.0;183732;332404
262;ER Reeks 1990-2022 Definitief;2022;523;Methaan;3;Chemische Industrie;pub_0301;Chemische Industrie basisproducten;Aliancys Nederland B.V.;255180;523500;255180.0;523500.0;5.0;;;0.0;;0.0;Lucht;0.6;255180.0;523500.0;255180;523500
263;ER Reeks 1990-2022 Definitief;2022;523;Methaan;3;Chemische Industrie;pub_0301;Chemische Industrie basisproducten;SABIC Innovative Plastics BV;76463;391896;76490.0;392100.0;36.0;;;15.0;;13.867;Lucht;4680.459015200003;76490.0;392100.0;76463;391896
264;ER Reeks 1990-2022 Definitief;2022;523;Methaan;3;Chemische Industrie;pub_0301;Chemische Industrie basisproducten;ExxonMobil Chemical Holland BV (RPP van RPI);79333;433167;79148.0;431824.0;33.0;;;0.48;;0.314;Lucht;2560.74;79148.0;431824.0;79333;433167
265;ER Reeks 1990-2022 Definitief;2022;523;Methaan;3;Chemische Industrie;pub_0301;Chemische Industrie basisproducten;Emerald Kalama Chemical Rotterdam BV;77444;433673;77970.0;433880.0;40.0;;;1.3;;0.138;Lucht;9.0;77970.0;433880.0;77444;433673
266;ER Reeks 1990-2022 Definitief;2022;523;Methaan;3;Chemische Industrie;pub_0304;Chemische Industrie overig;Euro Support Advanced Materials B.V.;172961;407060;173282.0;406944.0;5.0;;;0.07;;0.01;Lucht;32.1;173282.0;406944.0;172961;407060
267;ER Reeks 1990-2022 Definitief;2022;523;Methaan;3;Chemische Industrie;pub_0304;Chemische Industrie overig;TANATEX Chemicals BV;172680;448950;172680.0;448950.0;8.0;;;0.4;;1.6;Lucht;82.8;172680.0;448950.0;172680;448950
268;ER Reeks 1990-2022 Definitief;2022;523;Methaan;3;Chemische Industrie;pub_0301;Chemische Industrie basisproducten;Nouryon Functional Chemicals BV;202300;352150;202300.0;352150.0;20.0;;;0.1;;0.248;Lucht;840.0;202300.0;352150.0;202300;352150
269;ER Reeks 1990-2022 Definitief;2022;523;Methaan;3;Chemische Industrie;pub_0301;Chemische Industrie basisproducten;Dow Benelux BV (Hoek);43193;373788;42469.0;373832.0;90.0;;;1.2;;0.075;Lucht;7294.4;42469.0;373832.0;43193;373788
270;ER Reeks 1990-2022 Definitief;2022;523;Methaan;3;Chemische Industrie;pub_0301;Chemische Industrie basisproducten;Chemelot Site Permit BV;183732;332404;183798.0;329891.0;15.0;;;8.0;;7.605e-06;Lucht;3514.0;183798.0;329891.0;183732;332404
271;ER Reeks 1990-2022 Definitief;2022;523;Methaan;3;Chemische Industrie;pub_0301;Chemische Industrie basisproducten;Invista Polyester BV;27500;389974;36420.0;386070.0;32.0;;;1.04;;0.249;Lucht;411.0;36420.0;386070.0;27500;389974
272;ER Reeks 1990-2022 Definitief;2022;523;Methaan;3;Chemische Industrie;pub_0301;Chemische Industrie basisproducten;Dow Benelux BV (Delfzijl);259700;592600;259700.0;592600.0;16.0;;;0.0;;0.062;Lucht;54.0;259700.0;592600.0;259700;592600
273;ER Reeks 1990-2022 Definitief;2022;523;Methaan;3;Chemische Industrie;pub_0301;Chemische Industrie basisproducten;Nobian Industrial Chemicals BV (Botlek);78660;432300;78635.0;432133.0;40.0;;;0.0;;0.655;Lucht;88.529741013025;78635.0;432133.0;78660;432300
274;ER Reeks 1990-2022 Definitief;2022;523;Methaan;3;Chemische Industrie;pub_0301;Chemische Industrie basisproducten;Lyondell Chemie Nederland BV;76900;433220;76900.0;433220.0;25.0;;;0.7;;1.576;Lucht;196.2000000000004;76900.0;433220.0;76900;433220
275;ER Reeks 1990-2022 Definitief;2022;523;Methaan;3;Chemische Industrie;pub_0301;Chemische Industrie basisproducten;Air Liquide Nederland BV;77139;433574;77139.0;433574.0;30.0;;;1.57;;0.851;Lucht;1338.6;77139.0;433574.0;77139;433574
276;ER Reeks 1990-2022 Definitief;2022;523;Methaan;3;Chemische Industrie;pub_0301;Chemische Industrie basisproducten;Shell Nederland Chemie BV (Pernis);84625;433319;85059.0;433389.0;24.0;;;0.0;;0.6;Lucht;6.0;85059.0;433389.0;84625;433319
277;ER Reeks 1990-2022 Definitief;2022;523;Methaan;3;Chemische Industrie;pub_0301;Chemische Industrie basisproducten;Nobian Industrial Chemicals BV (Botlek);78660;432300;78690.0;432090.0;30.0;;;0.0;;10.0;Lucht;1142.93914504509;78690.0;432090.0;78660;432300
278;ER Reeks 1990-2022 Definitief;2022;523;Methaan;3;Chemische Industrie;pub_0301;Chemische Industrie basisproducten;Allnex Netherlands B.V.;77249;391375;77249.0;391375.0;5.0;;;0.0;;0.0;Lucht;22.14;77249.0;391375.0;77249;391375
279;ER Reeks 1990-2022 Definitief;2022;523;Methaan;12;Handel. Diensten en Overheid (HDO);pub_1201;Energiegebruik en processen Handel. Diensten en Overheid (HDO);UMC St Radboud & Radboud Universiteit Nijmegen;187976;425797;187709.0;426402.0;38.0;0.0;0.0;0.0;;0.0213888888888889;Lucht;99.6;187709.0;426402.0;187976;425797
280;ER Reeks 1990-2022 Definitief;2022;523;Methaan;12;Handel. Diensten en Overheid (HDO);pub_1201;Energiegebruik en processen Handel. Diensten en Overheid (HDO);Dishman Netherlands B.V.;166850;449000;166850.0;449000.0;14.0;;;1.5;;0.011;Lucht;215.4;166850.0;449000.0;166850;449000
281;ER Reeks 1990-2022 Definitief;2022;523;Methaan;12;Handel. Diensten en Overheid (HDO);pub_1201;Energiegebruik en processen Handel. Diensten en Overheid (HDO);UMC St Radboud & Radboud Universiteit Nijmegen;187976;425797;187724.0;426204.0;21.0;0.0;0.0;0.0;;0.02;Lucht;124.8;187724.0;426204.0;187976;425797
282;ER Reeks 1990-2022 Definitief;2022;523;Methaan;12;Handel. Diensten en Overheid (HDO);pub_1201;Energiegebruik en processen Handel. Diensten en Overheid (HDO);Wilmar Oleochemicals BV;77212;433504;76609.0;434367.0;23.0;;;0.018;;0.001;Lucht;41.023836;76609.0;434367.0;77212;433504
283;ER Reeks 1990-2022 Definitief;2022;523;Methaan;12;Handel. Diensten en Overheid (HDO);pub_1201;Energiegebruik en processen Handel. Diensten en Overheid (HDO);Odfjell Terminals (Rotterdam) BV;81505;432967;80910.0;433370.0;20.0;;;0.0;;0.002;Lucht;4.326;80910.0;433370.0;81505;432967
284;ER Reeks 1990-2022 Definitief;2022;523;Methaan;11;Riolering en waterzuiveringsinstallaties;pub_1102;Energiegebruik en processen Riolering en waterzuiveringsinstallaties;RWZI Overasselt;183549;418860;;;;;;;;;Lucht;1750.4868;;;183549;418860
285;ER Reeks 1990-2022 Definitief;2022;523;Methaan;11;Riolering en waterzuiveringsinstallaties;pub_1102;Energiegebruik en processen Riolering en waterzuiveringsinstallaties;RWZI Ursem;121191;516517;;;;;;;;;Lucht;5322.88685;;;121191;516517
286;ER Reeks 1990-2022 Definitief;2022;523;Methaan;11;Riolering en waterzuiveringsinstallaties;pub_1102;Energiegebruik en processen Riolering en waterzuiveringsinstallaties;RWZI Vossemeer;74100;399000;;;;;;;;;Lucht;628.1856;;;74100;399000
287;ER Reeks 1990-2022 Definitief;2022;523;Methaan;11;Riolering en waterzuiveringsinstallaties;pub_1102;Energiegebruik en processen Riolering en waterzuiveringsinstallaties;RWZI Veenendaal;164300;450000;;;;;;;;;Lucht;23900.4336759281;;;164300;450000
288;ER Reeks 1990-2022 Definitief;2022;523;Methaan;11;Riolering en waterzuiveringsinstallaties;pub_1102;Energiegebruik en processen Riolering en waterzuiveringsinstallaties;RWZI De Ronde Venen;120600;469400;;;;;;;;;Lucht;4979.466675;;;120600;469400
289;ER Reeks 1990-2022 Definitief;2022;523;Methaan;11;Riolering en waterzuiveringsinstallaties;pub_1102;Energiegebruik en processen Riolering en waterzuiveringsinstallaties;RWZI Zuidoostbeemster;123000;503600;;;;;;;;;Lucht;24372.0354;;;123000;503600
290;ER Reeks 1990-2022 Definitief;2022;523;Methaan;11;Riolering en waterzuiveringsinstallaties;pub_1102;Energiegebruik en processen Riolering en waterzuiveringsinstallaties;RWZI Tilburg-Noord;132900;401500;;;;;;;;;Lucht;109330.7651656525;;;132900;401500
291;ER Reeks 1990-2022 Definitief;2022;523;Methaan;11;Riolering en waterzuiveringsinstallaties;pub_1102;Energiegebruik en processen Riolering en waterzuiveringsinstallaties;RWZI Enschede West;254284;472779;;;;;;;;;Lucht;42667.6399375;;;254284;472779
292;ER Reeks 1990-2022 Definitief;2022;523;Methaan;11;Riolering en waterzuiveringsinstallaties;pub_1102;Energiegebruik en processen Riolering en waterzuiveringsinstallaties;RWZI Veendam;256349;569649;;;;;;;;;Lucht;12986.61774132283;;;256349;569649
293;ER Reeks 1990-2022 Definitief;2022;523;Methaan;11;Riolering en waterzuiveringsinstallaties;pub_1102;Energiegebruik en processen Riolering en waterzuiveringsinstallaties;RWZI Bergharen;172630;428613;;;;;;;;;Lucht;1523.06275;;;172630;428613
294;ER Reeks 1990-2022 Definitief;2022;523;Methaan;11;Riolering en waterzuiveringsinstallaties;pub_1102;Energiegebruik en processen Riolering en waterzuiveringsinstallaties;RWZI Houten;137418;448864;;;;;;;;;Lucht;9161.5555875;;;137418;448864
295;ER Reeks 1990-2022 Definitief;2022;523;Methaan;11;Riolering en waterzuiveringsinstallaties;pub_1102;Energiegebruik en processen Riolering en waterzuiveringsinstallaties;RWZI Schiemonnikoog;208491;610210;;;;;;;;;Lucht;704.9585375;;;208491;610210
296;ER Reeks 1990-2022 Definitief;2022;523;Methaan;11;Riolering en waterzuiveringsinstallaties;pub_1102;Energiegebruik en processen Riolering en waterzuiveringsinstallaties;AWZI Lelystad;162600;501700;;;;;;;;;Lucht;15095.8192125;;;162600;501700
297;ER Reeks 1990-2022 Definitief;2022;523;Methaan;11;Riolering en waterzuiveringsinstallaties;pub_1102;Energiegebruik en processen Riolering en waterzuiveringsinstallaties;RWZI Genemuiden;200792;513285;;;;;;;;;Lucht;5029.0622375;;;200792;513285
298;ER Reeks 1990-2022 Definitief;2022;523;Methaan;11;Riolering en waterzuiveringsinstallaties;pub_1102;Energiegebruik en processen Riolering en waterzuiveringsinstallaties;RWZI Leimuiden;104885;470482;;;;;;;;;Lucht;3283.8898375;;;104885;470482
299;ER Reeks 1990-2022 Definitief;2022;523;Methaan;11;Riolering en waterzuiveringsinstallaties;pub_1102;Energiegebruik en processen Riolering en waterzuiveringsinstallaties;RWZI Aarle-Rixtel;174147;390811;;;;;;;;;Lucht;52053.7510375;;;174147;390811
300;ER Reeks 1990-2022 Definitief;2022;523;Methaan;11;Riolering en waterzuiveringsinstallaties;pub_1102;Energiegebruik en processen Riolering en waterzuiveringsinstallaties;RWZI Haarlo;237600;459600;;;;;;;;;Lucht;14611.516275;;;237600;459600
301;ER Reeks 1990-2022 Definitief;2022;523;Methaan;11;Riolering en waterzuiveringsinstallaties;pub_1102;Energiegebruik en processen Riolering en waterzuiveringsinstallaties;RWZI Asten;179800;378200;;;;;;;;;Lucht;11984.08185;;;179800;378200
302;ER Reeks 1990-2022 Definitief;2022;523;Methaan;11;Riolering en waterzuiveringsinstallaties;pub_1102;Energiegebruik en processen Riolering en waterzuiveringsinstallaties;RWZI Hellevoetsluis;71521;428945;;;;;;;;;Lucht;15164.1502625;;;71521;428945
303;ER Reeks 1990-2022 Definitief;2022;523;Methaan;11;Riolering en waterzuiveringsinstallaties;pub_1102;Energiegebruik en processen Riolering en waterzuiveringsinstallaties;RWZI Bommelerwaard;146689;425214;;;;;;;;;Lucht;17375.1960625;;;146689;425214
304;ER Reeks 1990-2022 Definitief;2022;523;Methaan;11;Riolering en waterzuiveringsinstallaties;pub_1102;Energiegebruik en processen Riolering en waterzuiveringsinstallaties;RWZI Haaften;143762;426073;;;;;;;;;Lucht;3160.7411875;;;143762;426073
305;ER Reeks 1990-2022 Definitief;2022;523;Methaan;11;Riolering en waterzuiveringsinstallaties;pub_1102;Energiegebruik en processen Riolering en waterzuiveringsinstallaties;RWZI Numansdorp;88269;415704;;;;;;;;;Lucht;2844.3565375;;;88269;415704
306;ER Reeks 1990-2022 Definitief;2022;523;Methaan;11;Riolering en waterzuiveringsinstallaties;pub_1102;Energiegebruik en processen Riolering en waterzuiveringsinstallaties;RWZI Garmerwolde;240747;585402;;;;;;;;;Lucht;49688.4759131356;;;240747;585402
307;ER Reeks 1990-2022 Definitief;2022;523;Methaan;11;Riolering en waterzuiveringsinstallaties;pub_1102;Energiegebruik en processen Riolering en waterzuiveringsinstallaties;RWZI Heel en Panheel;189400;353700;;;;;;;;;Lucht;3031.6368;;;189400;353700
308;ER Reeks 1990-2022 Definitief;2022;523;Methaan;11;Riolering en waterzuiveringsinstallaties;pub_1102;Energiegebruik en processen Riolering en waterzuiveringsinstallaties;RWZI Strijen;98000;417700;;;;;;;;;Lucht;2356.981325;;;98000;417700
309;ER Reeks 1990-2022 Definitief;2022;523;Methaan;11;Riolering en waterzuiveringsinstallaties;pub_1102;Energiegebruik en processen Riolering en waterzuiveringsinstallaties;RWZI Dodewaard;172000;436900;;;;;;;;;Lucht;18734.8636875;;;172000;436900
310;ER Reeks 1990-2022 Definitief;2022;523;Methaan;11;Riolering en waterzuiveringsinstallaties;pub_1102;Energiegebruik en processen Riolering en waterzuiveringsinstallaties;RWZI Meppel;209500;525000;;;;;;;;;Lucht;18851.7181375;;;209500;525000
311;ER Reeks 1990-2022 Definitief;2022;523;Methaan;11;Riolering en waterzuiveringsinstallaties;pub_1102;Energiegebruik en processen Riolering en waterzuiveringsinstallaties;RWZI Etten;219187;438659;;;;;;;;;Lucht;37757.7020565554;;;219187;438659
312;ER Reeks 1990-2022 Definitief;2022;523;Methaan;11;Riolering en waterzuiveringsinstallaties;pub_1102;Energiegebruik en processen Riolering en waterzuiveringsinstallaties;RWZI Vriescheloo;271693;565389;;;;;;;;;Lucht;1097.1441;;;271693;565389
313;ER Reeks 1990-2022 Definitief;2022;523;Methaan;11;Riolering en waterzuiveringsinstallaties;pub_1102;Energiegebruik en processen Riolering en waterzuiveringsinstallaties;RWZI Gorredijk;199900;558300;;;;;;;;;Lucht;4776.93095;;;199900;558300
314;ER Reeks 1990-2022 Definitief;2022;523;Methaan;11;Riolering en waterzuiveringsinstallaties;pub_1102;Energiegebruik en processen Riolering en waterzuiveringsinstallaties;RWZI Willemstad;90600;411500;;;;;;;;;Lucht;1034.9331375;;;90600;411500
315;ER Reeks 1990-2022 Definitief;2022;523;Methaan;11;Riolering en waterzuiveringsinstallaties;pub_1102;Energiegebruik en processen Riolering en waterzuiveringsinstallaties;RWZI Ulrum;218293;596732;;;;;;;;;Lucht;1410.6841875;;;218293;596732
316;ER Reeks 1990-2022 Definitief;2022;523;Methaan;11;Riolering en waterzuiveringsinstallaties;pub_1102;Energiegebruik en processen Riolering en waterzuiveringsinstallaties;AWZI Spijkenisse-Allemanspolder;84500;428600;;;;;;;;;Lucht;16836.0072125;;;84500;428600
317;ER Reeks 1990-2022 Definitief;2022;523;Methaan;11;Riolering en waterzuiveringsinstallaties;pub_1102;Energiegebruik en processen Riolering en waterzuiveringsinstallaties;RWZI De Bilt;140422;459037;;;;;;;;;Lucht;13234.7752875;;;140422;459037
318;ER Reeks 1990-2022 Definitief;2022;523;Methaan;11;Riolering en waterzuiveringsinstallaties;pub_1102;Energiegebruik en processen Riolering en waterzuiveringsinstallaties;RWZI Terwolde;205300;475000;;;;;;;;;Lucht;6633.501575;;;205300;475000
319;ER Reeks 1990-2022 Definitief;2022;523;Methaan;11;Riolering en waterzuiveringsinstallaties;pub_1102;Energiegebruik en processen Riolering en waterzuiveringsinstallaties;RWZI Gelkenes;118611;438691;;;;;;;;;Lucht;6150.6936375;;;118611;438691
320;ER Reeks 1990-2022 Definitief;2022;523;Methaan;11;Riolering en waterzuiveringsinstallaties;pub_1102;Energiegebruik en processen Riolering en waterzuiveringsinstallaties;RWZI Katwoude;130800;499500;;;;;;;;;Lucht;12591.518525;;;130800;499500
321;ER Reeks 1990-2022 Definitief;2022;523;Methaan;11;Riolering en waterzuiveringsinstallaties;pub_1102;Energiegebruik en processen Riolering en waterzuiveringsinstallaties;RWZI Vriezenveen;239700;491900;;;;;;;;;Lucht;1378.7144375;;;239700;491900
322;ER Reeks 1990-2022 Definitief;2022;523;Methaan;11;Riolering en waterzuiveringsinstallaties;pub_1102;Energiegebruik en processen Riolering en waterzuiveringsinstallaties;RWZI Loenen aan de Vecht;129000;470700;;;;;;;;;Lucht;1690.5204875;;;129000;470700
323;ER Reeks 1990-2022 Definitief;2022;523;Methaan;11;Riolering en waterzuiveringsinstallaties;pub_1102;Energiegebruik en processen Riolering en waterzuiveringsinstallaties;RWZI Heemstede;103900;484200;;;;;;;;;Lucht;5968.64475;;;103900;484200
324;ER Reeks 1990-2022 Definitief;2022;523;Methaan;11;Riolering en waterzuiveringsinstallaties;pub_1102;Energiegebruik en processen Riolering en waterzuiveringsinstallaties;RWZI Leiden Noord;93905;465514;;;;;;;;;Lucht;16453.4228863012;;;93905;465514
325;ER Reeks 1990-2022 Definitief;2022;523;Methaan;11;Riolering en waterzuiveringsinstallaties;pub_1102;Energiegebruik en processen Riolering en waterzuiveringsinstallaties;RWZI Eindhoven;163244;385678;;;;;;;;;Lucht;98038.9862625;;;163244;385678
326;ER Reeks 1990-2022 Definitief;2022;523;Methaan;5;Energiesector;pub_0503;Opwekking electriciteit;Enecogen VOF;66120;441896;65988.0;441687.0;55.0;;;37.48;;49.313;Lucht;58959.12;65988.0;441687.0;66120;441896
327;ER Reeks 1990-2022 Definitief;2022;523;Methaan;5;Energiesector;pub_0502;Olie- gaswinning land;Gasunie (Ravenstein);173928;421577;173928.0;421577.0;15.0;;;28.27;;26.547;Lucht;15.0;173928.0;421577.0;173928;421577
328;ER Reeks 1990-2022 Definitief;2022;523;Methaan;5;Energiesector;pub_0503;Opwekking electriciteit;Nuon Power Projects 1 BV (Eemshaven);252795;607838;252533.0;608000.0;85.0;;;37.4;;18.825;Lucht;410.0;252533.0;608000.0;252795;607838
329;ER Reeks 1990-2022 Definitief;2022;523;Methaan;5;Energiesector;pub_0502;Olie- gaswinning land;Gasunie Vilsteren/Ommen;221116;501184;221116.0;501184.0;5.0;;;0.0;;0.0;Lucht;502673.0;221116.0;501184.0;221116;501184
330;ER Reeks 1990-2022 Definitief;2022;523;Methaan;5;Energiesector;pub_0503;Opwekking electriciteit;Eneco (Lage Weide);133424;457245;133361.0;457157.0;64.0;;;23.0;;27.827;Lucht;4920.0;133361.0;457157.0;133424;457245
331;ER Reeks 1990-2022 Definitief;2022;523;Methaan;5;Energiesector;pub_0502;Olie- gaswinning land;Gasunie (Ravenstein);173928;421577;173928.0;421577.0;15.0;;;0.2;;2.383;Lucht;527.0;173928.0;421577.0;173928;421577
332;ER Reeks 1990-2022 Definitief;2022;523;Methaan;5;Energiesector;pub_0502;Olie- gaswinning land;Gasunie (Beverwijk);108327;500235;108403.0;500219.0;12.0;;;0.79;;3.453;Lucht;9.0;108403.0;500219.0;108327;500235
333;ER Reeks 1990-2022 Definitief;2022;523;Methaan;5;Energiesector;pub_0502;Olie- gaswinning land;Gasunie (Zweekhorst);202845;441955;203000.0;442080.0;5.0;;;0.0;;0.0;Lucht;32968.0;203000.0;442080.0;202845;441955
334;ER Reeks 1990-2022 Definitief;2022;523;Methaan;5;Energiesector;pub_0502;Olie- gaswinning land;Gasunie Vilsteren/Ommen;221116;501184;221116.0;501184.0;17.0;;;9.0;;18.708;Lucht;3.0;221116.0;501184.0;221116;501184
335;ER Reeks 1990-2022 Definitief;2022;523;Methaan;5;Energiesector;pub_0502;Olie- gaswinning land;Gasunie Vilsteren/Ommen;221116;501184;221116.0;501184.0;13.0;;;15.75;;13.58084;Lucht;30.0;221116.0;501184.0;221116;501184
336;ER Reeks 1990-2022 Definitief;2022;523;Methaan;5;Energiesector;pub_0502;Olie- gaswinning land;Gasunie Vilsteren/Ommen;221116;501184;221116.0;501184.0;17.0;;;25.0;;14.752036;Lucht;40.0;221116.0;501184.0;221116;501184
337;ER Reeks 1990-2022 Definitief;2022;523;Methaan;5;Energiesector;pub_0502;Olie- gaswinning land;Gasunie (Spijk);253587;603833;253608.0;603899.0;14.0;;;0.4;;1.6393;Lucht;241.0;253608.0;603899.0;253587;603833
338;ER Reeks 1990-2022 Definitief;2022;523;Methaan;5;Energiesector;pub_0503;Opwekking electriciteit;E.On Generations Den Haag;79821;454750;79810.0;454745.0;84.0;;;8.6;;5.9;Lucht;3348.0;79810.0;454745.0;79821;454750
339;ER Reeks 1990-2022 Definitief;2022;523;Methaan;5;Energiesector;pub_0502;Olie- gaswinning land;Gasunie (Ravenstein);173928;421577;173928.0;421577.0;15.0;;;0.2;;1.863;Lucht;864.0;173928.0;421577.0;173928;421577
340;ER Reeks 1990-2022 Definitief;2022;523;Methaan;5;Energiesector;pub_0503;Opwekking electriciteit;Enecal Energy VOF;77000;434000;77000.0;434000.0;35.0;;;12.0;;31.802;Lucht;19848.6;77000.0;434000.0;77000;434000
341;ER Reeks 1990-2022 Definitief;2022;523;Methaan;4;Raffinaderijen;pub_0401;Raffinage en verwerking;Gunvor Petroleum Europoort B.V.;71000;439203;70945.0;439262.0;66.0;;;3.9;;2.694;Lucht;211.21800000000047;70945.0;439262.0;71000;439203
342;ER Reeks 1990-2022 Definitief;2022;523;Methaan;4;Raffinaderijen;pub_0401;Raffinage en verwerking;BP Rotterdam Refinery;67036;440390;67374.0;440253.0;33.0;;;0.5;;0.3;Lucht;96.0;67374.0;440253.0;67036;440390
343;ER Reeks 1990-2022 Definitief;2022;523;Methaan;4;Raffinaderijen;pub_0401;Raffinage en verwerking;Shell Nederland Raffinaderij BV;82574;432924;83060.0;433139.0;130.0;;;0.0;;22.0;Lucht;35417.00000000001;83060.0;433139.0;82574;432924
344;ER Reeks 1990-2022 Definitief;2022;523;Methaan;4;Raffinaderijen;pub_0401;Raffinage en verwerking;VPR Energy B.V.;74500;436400;74493.0;436373.0;20.0;;;0.0;;0.6;Lucht;842.9299999999995;74493.0;436373.0;74500;436400
345;ER Reeks 1990-2022 Definitief;2022;523;Methaan;4;Raffinaderijen;pub_0401;Raffinage en verwerking;Shell Nederland Raffinaderij BV;82574;432924;82850.0;432660.0;100.0;;;7.0;;16.463;Lucht;2656.0;82850.0;432660.0;82574;432924
346;ER Reeks 1990-2022 Definitief;2022;523;Methaan;9;Afvalverwijdering;pub_0901;AVI's;Main B.V. (Jan van Riebeeckhavenweg);118708;491204;118643.0;491215.0;6.0;;;7065.0;;0.103;Lucht;1.53576;118643.0;491215.0;118708;491204
347;ER Reeks 1990-2022 Definitief;2022;523;Methaan;9;Afvalverwijdering;pub_0901;AVI's;Inter-Che-M BV;178673;429681;178707.0;429645.0;7.0;;;0.00785;;0.0;Lucht;1.06524;178707.0;429645.0;178673;429681
348;ER Reeks 1990-2022 Definitief;2022;523;Methaan;9;Afvalverwijdering;pub_0901;AVI's;HVC (Alkmaar);112698;513765;112698.0;513765.0;80.0;;;2.54;;4.97;Lucht;104.598;112698.0;513765.0;112698;513765
349;ER Reeks 1990-2022 Definitief;2022;523;Methaan;9;Afvalverwijdering;pub_0901;AVI's;Twence BV Boeldershoek;250428;472719;250428.0;472719.0;80.0;;;2.54;;7.724;Lucht;330.418111617853;250428.0;472719.0;250428;472719
350;ER Reeks 1990-2022 Definitief;2022;523;Methaan;9;Afvalverwijdering;pub_0901;AVI's;HVC (Alkmaar);112698;513765;112698.0;513765.0;80.0;;;2.54;;5.784;Lucht;30.882;112698.0;513765.0;112698;513765
351;ER Reeks 1990-2022 Definitief;2022;523;Methaan;9;Afvalverwijdering;pub_0901;AVI's;Twence BV Boeldershoek;250428;472719;250521.0;472513.0;80.0;;;3.1;;11.176;Lucht;373.94393839535;250521.0;472513.0;250428;472719
352;ER Reeks 1990-2022 Definitief;2022;523;Methaan;2;Overige industrie;pub_0216;Voedings- en genotmiddelenindustrie;Farm Frites BV;70714;426770;70644.0;426740.0;15.0;;;0.71;;0.322;Lucht;247.8;70644.0;426740.0;70714;426770
353;ER Reeks 1990-2022 Definitief;2022;523;Methaan;2;Overige industrie;pub_0211;Papier(waren);Solidus Solutions Board B.V. (Hoogkerk);229850;581350;229850.0;581350.0;13.0;;;0.64;;0.259;Lucht;533.4;229850.0;581350.0;229850;581350
354;ER Reeks 1990-2022 Definitief;2022;523;Methaan;2;Overige industrie;pub_0201;Basismetaal;Tata Steel IJmuiden BV;100985;499055;100998.0;499232.0;72.0;;;17.34065;;23.867;Lucht;343.37025536;100998.0;499232.0;100985;499055
355;ER Reeks 1990-2022 Definitief;2022;523;Methaan;2;Overige industrie;pub_0211;Papier(waren);Parenco B.V.;178450;442450;178551.0;442466.0;40.0;;;9.1;;3.284;Lucht;7140.000000000001;178551.0;442466.0;178450;442450
356;ER Reeks 1990-2022 Definitief;2022;523;Methaan;2;Overige industrie;pub_0211;Papier(waren);Stora Enso De Hoop B.V.;200743;456801;200743.0;456801.0;4.0;0.0;0.0;0.8;0.0;1.3;Lucht;98.4;200743.0;456801.0;200743;456801
357;ER Reeks 1990-2022 Definitief;2022;523;Methaan;2;Overige industrie;pub_0210;Metaalelektro;Van Merksteijn International BV;238760;487181;238804.0;487347.0;2.0;400.0;400.0;0.5;45.0;9.121;Lucht;1132.0;238804.0;487347.0;238760;487181
358;ER Reeks 1990-2022 Definitief;2022;523;Methaan;2;Overige industrie;pub_0216;Voedings- en genotmiddelenindustrie;Bavaria NV;169900;391750;169870.0;391850.0;20.0;;;0.0;;0.1;Lucht;3390.0;169870.0;391850.0;169900;391750
359;ER Reeks 1990-2022 Definitief;2022;523;Methaan;2;Overige industrie;pub_0216;Voedings- en genotmiddelenindustrie;Sime Darby Unimills B.V.;103500;424600;103494.0;424554.0;12.0;0.0;0.0;0.0;;0.002;Lucht;7.0;103494.0;424554.0;103500;424600
360;ER Reeks 1990-2022 Definitief;2022;523;Methaan;2;Overige industrie;pub_0216;Voedings- en genotmiddelenindustrie;Mead Johnson BV;184009;428432;186070.0;429270.0;20.0;;;28.0;;0.0;Lucht;233.4;186070.0;429270.0;184009;428432
361;ER Reeks 1990-2022 Definitief;2022;523;Methaan;2;Overige industrie;pub_0210;Metaalelektro;Van Merksteijn International BV;238760;487181;239048.0;487334.0;10.0;;;0.56;;0.001;Lucht;1681.0;239048.0;487334.0;238760;487181
362;ER Reeks 1990-2022 Definitief;2022;523;Methaan;2;Overige industrie;pub_0201;Basismetaal;Tata Steel IJmuiden BV;100985;499055;102770.0;501362.0;45.0;;;1.430663;;1.1;Lucht;9.31971334;102770.0;501362.0;100985;499055
363;ER Reeks 1990-2022 Definitief;2022;523;Methaan;2;Overige industrie;pub_0201;Basismetaal;Tata Steel IJmuiden BV;100985;499055;102897.0;501142.0;40.0;;;2.74;;0.001;Lucht;26.6786;102897.0;501142.0;100985;499055
364;ER Reeks 1990-2022 Definitief;2022;523;Methaan;2;Overige industrie;pub_0201;Basismetaal;Tata Steel IJmuiden BV;100985;499055;101079.0;499230.0;33.0;11.0;11.0;125.0;;0.734;Lucht;200.0;101079.0;499230.0;100985;499055
365;ER Reeks 1990-2022 Definitief;2022;523;Methaan;2;Overige industrie;pub_0201;Basismetaal;Aurubis Netherlands B.V.;211100;463650;210964.0;463665.0;16.0;0.0;0.0;0.2;0.0;0.009;Lucht;8.7;210964.0;463665.0;211100;463650
366;ER Reeks 1990-2022 Definitief;2022;523;Methaan;2;Overige industrie;pub_0216;Voedings- en genotmiddelenindustrie;Cargill Benelux BV;44338;361919;44338.0;361919.0;23.0;;;4.0;;6.211;Lucht;2917.44;44338.0;361919.0;44338;361919
367;ER Reeks 1990-2022 Definitief;2022;523;Methaan;2;Overige industrie;pub_0211;Papier(waren);Papierfabriek Doetinchem BV;217250;441700;217250.0;441700.0;15.0;;;0.0;;0.164;Lucht;14351.0;217250.0;441700.0;217250;441700
368;ER Reeks 1990-2022 Definitief;2022;523;Methaan;2;Overige industrie;pub_0216;Voedings- en genotmiddelenindustrie;Cargill Benelux BV;44338;361919;44338.0;361919.0;23.0;;;3.0;;3.6;Lucht;272.34;44338.0;361919.0;44338;361919
369;ER Reeks 1990-2022 Definitief;2022;523;Methaan;2;Overige industrie;pub_0211;Papier(waren);Stora Enso De Hoop B.V.;200743;456801;200743.0;456801.0;4.0;0.0;0.0;0.8;0.0;0.7;Lucht;98.4;200743.0;456801.0;200743;456801
370;ER Reeks 1990-2022 Definitief;2022;523;Methaan;2;Overige industrie;pub_0210;Metaalelektro;Van Merksteijn International BV;238760;487181;239127.0;487304.0;10.0;;;0.56;;0.001;Lucht;200.0;239127.0;487304.0;238760;487181
371;ER Reeks 1990-2022 Definitief;2022;523;Methaan;2;Overige industrie;pub_0201;Basismetaal;Tata Steel IJmuiden BV;100985;499055;100989.0;499234.0;72.0;;;17.34065;;34.347;Lucht;450.64539484;100989.0;499234.0;100985;499055
372;ER Reeks 1990-2022 Definitief;2022;523;Methaan;2;Overige industrie;pub_0216;Voedings- en genotmiddelenindustrie;Avebe u.a. (Ter Apelkanaal);266540;549498;266618.0;549537.0;16.0;;;2.54;;2.923;Lucht;29820.6;266618.0;549537.0;266540;549498
373;ER Reeks 1990-2022 Definitief;2022;523;Methaan;2;Overige industrie;pub_0216;Voedings- en genotmiddelenindustrie;Avebe u.a. (Gasselternijveen);254450;556800;254448.0;556857.0;20.0;;;0.0;;0.112;Lucht;442.2;254448.0;556857.0;254450;556800
374;ER Reeks 1990-2022 Definitief;2022;523;Methaan;2;Overige industrie;pub_0201;Basismetaal;Tata Steel IJmuiden BV;100985;499055;100970.0;499378.0;23.0;;;4.15265;;5.703;Lucht;229.04486979999945;100970.0;499378.0;100985;499055
375;ER Reeks 1990-2022 Definitief;2022;523;Methaan;2;Overige industrie;pub_0216;Voedings- en genotmiddelenindustrie;Mead Johnson BV;184009;428432;183972.0;428528.0;14.0;0.0;0.0;0.1;0.0;0.047;Lucht;135.0;183972.0;428528.0;184009;428432
376;ER Reeks 1990-2022 Definitief;2022;523;Methaan;2;Overige industrie;pub_0216;Voedings- en genotmiddelenindustrie;Suiker Unie Vierverlaten;229011;581366;229000.0;581420.0;30.0;;;0.0;;4.501;Lucht;288.0;229000.0;581420.0;229011;581366
377;ER Reeks 1990-2022 Definitief;2022;523;Methaan;2;Overige industrie;pub_0211;Papier(waren);Solidpack BV;199900;460500;199900.0;460500.0;5.0;;;0.0;;0.0;Lucht;6242.0;199900.0;460500.0;199900;460500
378;ER Reeks 1990-2022 Definitief;2022;523;Methaan;6;Verkeer en vervoer;pub_0603;Luchtvaart;Vliegveld Oostwold;265503;581432;;;;;;;;;Lucht;13.589135969200804;;;265503;581432
379;ER Reeks 1990-2022 Definitief;2022;523;Methaan;3;Chemische Industrie;pub_0301;Chemische Industrie basisproducten;ExxonMobil Chemical Holland BV (RPP van RPI);79333;433167;79129.0;431803.0;40.0;;;2.54;;6.507;Lucht;1261.26;79129.0;431803.0;79333;433167
380;ER Reeks 1990-2022 Definitief;2022;523;Methaan;3;Chemische Industrie;pub_0301;Chemische Industrie basisproducten;Synthos Breda B.V.;111661;402540;111661.0;402540.0;25.0;;;0.0;;3.8;Lucht;14446.4758610829;111661.0;402540.0;111661;402540
381;ER Reeks 1990-2022 Definitief;2022;523;Methaan;3;Chemische Industrie;pub_0301;Chemische Industrie basisproducten;Dow Benelux BV (Hoek);43193;373788;42750.0;374040.0;5.0;;;0.0;;0.001;Lucht;15.0;42750.0;374040.0;43193;373788
382;ER Reeks 1990-2022 Definitief;2022;523;Methaan;3;Chemische Industrie;pub_0304;Chemische Industrie overig;Euro Support Advanced Materials B.V.;172961;407060;173349.0;406972.0;14.0;;;0.047;;0.009;Lucht;3.06;173349.0;406972.0;172961;407060
383;ER Reeks 1990-2022 Definitief;2022;523;Methaan;3;Chemische Industrie;pub_0301;Chemische Industrie basisproducten;Dow Benelux BV (Hoek);43193;373788;42637.0;373851.0;5.0;;;0.0;;0.001;Lucht;10802.8;42637.0;373851.0;43193;373788
384;ER Reeks 1990-2022 Definitief;2022;523;Methaan;3;Chemische Industrie;pub_0301;Chemische Industrie basisproducten;Chemelot Site Permit BV;183732;332404;183322.0;332324.0;30.0;;;0.025;;9.0285e-05;Lucht;16.0;183322.0;332324.0;183732;332404
385;ER Reeks 1990-2022 Definitief;2022;523;Methaan;3;Chemische Industrie;pub_0301;Chemische Industrie basisproducten;Chemelot Site Permit BV;183732;332404;183975.0;330950.0;5.0;;;0.0;;0.0;Lucht;614.0;183975.0;330950.0;183732;332404
386;ER Reeks 1990-2022 Definitief;2022;523;Methaan;3;Chemische Industrie;pub_0301;Chemische Industrie basisproducten;Air Liquide Nederland BV;77139;433574;77139.0;433574.0;35.0;;;7.1;;9.951;Lucht;6138.6;77139.0;433574.0;77139;433574
387;ER Reeks 1990-2022 Definitief;2022;523;Methaan;3;Chemische Industrie;pub_0301;Chemische Industrie basisproducten;Allnex Netherlands B.V.;77249;391375;77372.0;391296.0;20.0;0.0;0.0;0.2;0.0;0.002;Lucht;1.32;77372.0;391296.0;77249;391375
388;ER Reeks 1990-2022 Definitief;2022;523;Methaan;3;Chemische Industrie;pub_0304;Chemische Industrie overig;Albemarle Catalysts Company B.V.;124570;488620;124206.0;488708.0;20.0;;;0.5027;;0.07;Lucht;390.0;124206.0;488708.0;124570;488620
389;ER Reeks 1990-2022 Definitief;2022;523;Methaan;3;Chemische Industrie;pub_0301;Chemische Industrie basisproducten;Shell Nederland Chemie BV (Moerdijk);97946;411331;98024.0;410957.0;130.0;;;15.0;;34.866;Lucht;5550.301312019049;98024.0;410957.0;97946;411331
390;ER Reeks 1990-2022 Definitief;2022;523;Methaan;3;Chemische Industrie;pub_0301;Chemische Industrie basisproducten;Dow Benelux BV (Hoek);43193;373788;43481.0;373669.0;30.0;;;3.24;;0.021;Lucht;301.0;43481.0;373669.0;43193;373788
391;ER Reeks 1990-2022 Definitief;2022;523;Methaan;3;Chemische Industrie;pub_0301;Chemische Industrie basisproducten;Dow Benelux BV (Delfzijl);259700;592600;259700.0;592600.0;17.0;;;0.0;;0.117;Lucht;267.0;259700.0;592600.0;259700;592600
392;ER Reeks 1990-2022 Definitief;2022;523;Methaan;3;Chemische Industrie;pub_0301;Chemische Industrie basisproducten;Chemelot Site Permit BV;183732;332404;183360.0;329261.0;20.0;;;0.0;;0.8875386;Lucht;19581.0;183360.0;329261.0;183732;332404
393;ER Reeks 1990-2022 Definitief;2022;523;Methaan;3;Chemische Industrie;pub_0301;Chemische Industrie basisproducten;Allnex Netherlands B.V.;77249;391375;77300.0;391350.0;20.0;;;0.1;;0.429;Lucht;7.8132;77300.0;391350.0;77249;391375
394;ER Reeks 1990-2022 Definitief;2022;523;Methaan;3;Chemische Industrie;pub_0301;Chemische Industrie basisproducten;Chemelot Site Permit BV;183732;332404;183431.0;332064.0;6.0;;;0.08;;0.0;Lucht;3279.0;183431.0;332064.0;183732;332404
395;ER Reeks 1990-2022 Definitief;2022;523;Methaan;3;Chemische Industrie;pub_0301;Chemische Industrie basisproducten;Nouryon Functional Chemicals BV;202300;352150;202300.0;352150.0;15.0;;;1.3;;0.01;Lucht;227.0;202300.0;352150.0;202300;352150
396;ER Reeks 1990-2022 Definitief;2022;523;Methaan;3;Chemische Industrie;pub_0304;Chemische Industrie overig;Euro Support Advanced Materials B.V.;172961;407060;173335.0;407067.0;11.0;;;0.0038;;0.001;Lucht;0.48;173335.0;407067.0;172961;407060
397;ER Reeks 1990-2022 Definitief;2022;523;Methaan;3;Chemische Industrie;pub_0301;Chemische Industrie basisproducten;Eastman Chemical Middelburg BV;33940;390952;34190.0;391065.0;10.0;;;0.2;;0.488;Lucht;285.0;34190.0;391065.0;33940;390952
398;ER Reeks 1990-2022 Definitief;2022;523;Methaan;3;Chemische Industrie;pub_0301;Chemische Industrie basisproducten;Shell Nederland Chemie BV (Pernis);84625;433319;83683.0;433670.0;60.0;;;0.0;;5.7;Lucht;47860.0;83683.0;433670.0;84625;433319
399;ER Reeks 1990-2022 Definitief;2022;523;Methaan;3;Chemische Industrie;pub_0303;Chemische Industrie kunstmeststoffen;YARA Sluiskil BV;47750;366500;47750.0;366500.0;35.0;;;0.0;;1.0;Lucht;597079.0;47750.0;366500.0;47750;366500
400;ER Reeks 1990-2022 Definitief;2022;523;Methaan;3;Chemische Industrie;pub_0301;Chemische Industrie basisproducten;Shell Nederland Chemie BV (Moerdijk);97946;411331;97952.0;411325.0;84.0;;;1.0;;62.2739436580416;Lucht;5050.000000000002;97952.0;411325.0;97946;411331
401;ER Reeks 1990-2022 Definitief;2022;523;Methaan;3;Chemische Industrie;pub_0304;Chemische Industrie overig;Givaudan Nederland BV (Naarden);141030;478690;141030.0;478690.0;5.0;;;0.0;;0.0;Lucht;2717.0;141030.0;478690.0;141030;478690
402;ER Reeks 1990-2022 Definitief;2022;523;Methaan;3;Chemische Industrie;pub_0301;Chemische Industrie basisproducten;Emerald Kalama Chemical Rotterdam BV;77444;433673;77750.0;433870.0;10.0;140.0;100.0;14.0;90.0;0.0;Lucht;4501.8;77750.0;433870.0;77444;433673
403;ER Reeks 1990-2022 Definitief;2022;523;Methaan;3;Chemische Industrie;pub_0301;Chemische Industrie basisproducten;Dow Benelux BV (Hoek);43193;373788;41078.0;373719.0;50.0;;;1.0;;0.075;Lucht;722.05;41078.0;373719.0;43193;373788
404;ER Reeks 1990-2022 Definitief;2022;523;Methaan;3;Chemische Industrie;pub_0301;Chemische Industrie basisproducten;Chemelot Site Permit BV;183732;332404;183900.0;329800.0;5.0;;;0.0;;6.5e-08;Lucht;146.0;183900.0;329800.0;183732;332404
405;ER Reeks 1990-2022 Definitief;2022;523;Methaan;3;Chemische Industrie;pub_0301;Chemische Industrie basisproducten;Chemelot Site Permit BV;183732;332404;184250.0;331350.0;27.0;;;11.3;;1.0751e-05;Lucht;7753.0;184250.0;331350.0;183732;332404
406;ER Reeks 1990-2022 Definitief;2022;523;Methaan;3;Chemische Industrie;pub_0301;Chemische Industrie basisproducten;Chemelot Site Permit BV;183732;332404;183390.0;330324.0;30.0;;;0.2;;1.3e-07;Lucht;4300.0;183390.0;330324.0;183732;332404
407;ER Reeks 1990-2022 Definitief;2022;523;Methaan;3;Chemische Industrie;pub_0304;Chemische Industrie overig;Kisuma Chemicals BV;255841;570713;255841.0;570713.0;5.0;;;0.0;;0.0;Lucht;852.0;255841.0;570713.0;255841;570713
408;ER Reeks 1990-2022 Definitief;2022;523;Methaan;3;Chemische Industrie;pub_0301;Chemische Industrie basisproducten;Croda;108400;446500;108548.0;446539.0;15.0;;;0.636;;0.383;Lucht;208.271319266167;108548.0;446539.0;108400;446500
409;ER Reeks 1990-2022 Definitief;2022;523;Methaan;3;Chemische Industrie;pub_0301;Chemische Industrie basisproducten;Dow Benelux BV (Hoek);43193;373788;43240.0;373901.0;10.0;;;0.93;;0.086;Lucht;30.0;43240.0;373901.0;43193;373788
410;ER Reeks 1990-2022 Definitief;2022;523;Methaan;3;Chemische Industrie;pub_0301;Chemische Industrie basisproducten;Croda;108400;446500;108577.0;446548.0;25.0;;;1539.0;;0.716;Lucht;9495.450614536148;108577.0;446548.0;108400;446500
411;ER Reeks 1990-2022 Definitief;2022;523;Methaan;3;Chemische Industrie;pub_0301;Chemische Industrie basisproducten;Dow Benelux BV (Hoek);43193;373788;43410.0;373800.0;5.0;;;0.0;;0.001;Lucht;221.5;43410.0;373800.0;43193;373788
412;ER Reeks 1990-2022 Definitief;2022;523;Methaan;3;Chemische Industrie;pub_0301;Chemische Industrie basisproducten;BASF Nederland B.V. (Nijehaske);188750;553750;188750.0;553750.0;10.0;;;0.8;;0.243;Lucht;8.454;188750.0;553750.0;188750;553750
413;ER Reeks 1990-2022 Definitief;2022;523;Methaan;3;Chemische Industrie;pub_0301;Chemische Industrie basisproducten;Shell Nederland Chemie BV (Moerdijk);97946;411331;97245.0;410610.0;80.0;;;9.6;;15.046;Lucht;4122.13702235485;97245.0;410610.0;97946;411331
414;ER Reeks 1990-2022 Definitief;2022;523;Methaan;3;Chemische Industrie;pub_0301;Chemische Industrie basisproducten;Nobian Industrial Chemicals BV (Botlek);78660;432300;78650.0;432120.0;30.0;;;0.0;;2.6;Lucht;2905.37981946543;78650.0;432120.0;78660;432300
415;ER Reeks 1990-2022 Definitief;2022;523;Methaan;3;Chemische Industrie;pub_0301;Chemische Industrie basisproducten;Dow Benelux BV (Hoek);43193;373788;42630.0;374080.0;5.0;;;0.0;;0.001;Lucht;7220.5;42630.0;374080.0;43193;373788
416;ER Reeks 1990-2022 Definitief;2022;523;Methaan;3;Chemische Industrie;pub_0301;Chemische Industrie basisproducten;Lyondell Chemie Nederland B.V.;61001;443044;61264.0;443159.0;45.0;;;3.8;;2.539;Lucht;1214.4;61264.0;443159.0;61001;443044
417;ER Reeks 1990-2022 Definitief;2022;523;Methaan;12;Handel. Diensten en Overheid (HDO);pub_1201;Energiegebruik en processen Handel. Diensten en Overheid (HDO);Arkema BV (Rotterdam);82620;434005;82622.0;434014.0;50.0;;;0.79;;0.324;Lucht;56.4;82622.0;434014.0;82620;434005
418;ER Reeks 1990-2022 Definitief;2022;523;Methaan;12;Handel. Diensten en Overheid (HDO);pub_1201;Energiegebruik en processen Handel. Diensten en Overheid (HDO);Wilmar Oleochemicals BV;77212;433504;76577.0;434345.0;53.0;;;0.1;;0.094;Lucht;13.78;76577.0;434345.0;77212;433504
419;ER Reeks 1990-2022 Definitief;2022;523;Methaan;12;Handel. Diensten en Overheid (HDO);pub_1201;Energiegebruik en processen Handel. Diensten en Overheid (HDO);ARKEMA Vlissingen BV;37013;386172;36890.0;385500.0;30.0;;;1.33;;0.741;Lucht;79.2;36890.0;385500.0;37013;386172
420;ER Reeks 1990-2022 Definitief;2022;523;Methaan;12;Handel. Diensten en Overheid (HDO);pub_1201;Energiegebruik en processen Handel. Diensten en Overheid (HDO);Odfjell Terminals (Rotterdam) BV;81505;432967;81505.0;432967.0;20.0;;;0.0;;0.166;Lucht;648.0;81505.0;432967.0;81505;432967
421;ER Reeks 1990-2022 Definitief;2022;523;Methaan;12;Handel. Diensten en Overheid (HDO);pub_1201;Energiegebruik en processen Handel. Diensten en Overheid (HDO);Dishman Netherlands B.V.;166850;449000;166850.0;449000.0;5.0;;;0.0;;0.0;Lucht;215.4;166850.0;449000.0;166850;449000
422;ER Reeks 1990-2022 Definitief;2022;523;Methaan;11;Riolering en waterzuiveringsinstallaties;pub_1102;Energiegebruik en processen Riolering en waterzuiveringsinstallaties;RWZI Hoensbroek;192119;324888;;;;;;;;;Lucht;16780.2577;;;192119;324888
423;ER Reeks 1990-2022 Definitief;2022;523;Methaan;11;Riolering en waterzuiveringsinstallaties;pub_1102;Energiegebruik en processen Riolering en waterzuiveringsinstallaties;RWZI Mastgat;63300;405700;;;;;;;;;Lucht;1889.02815;;;63300;405700
424;ER Reeks 1990-2022 Definitief;2022;523;Methaan;11;Riolering en waterzuiveringsinstallaties;pub_1102;Energiegebruik en processen Riolering en waterzuiveringsinstallaties;RWZI Gorinchem-Oost;128900;428000;;;;;;;;;Lucht;3463.401;;;128900;428000
425;ER Reeks 1990-2022 Definitief;2022;523;Methaan;11;Riolering en waterzuiveringsinstallaties;pub_1102;Energiegebruik en processen Riolering en waterzuiveringsinstallaties;AWZI Kralingseveer;96837;435900;;;;;;;;;Lucht;52239.7886661789;;;96837;435900
426;ER Reeks 1990-2022 Definitief;2022;523;Methaan;11;Riolering en waterzuiveringsinstallaties;pub_1102;Energiegebruik en processen Riolering en waterzuiveringsinstallaties;RWZI Hoogezand;247700;576900;;;;;;;;;Lucht;8846.486;;;247700;576900
427;ER Reeks 1990-2022 Definitief;2022;523;Methaan;11;Riolering en waterzuiveringsinstallaties;pub_1102;Energiegebruik en processen Riolering en waterzuiveringsinstallaties;RWZI Beilen;229500;542000;;;;;;;;;Lucht;9775.9059125;;;229500;542000
428;ER Reeks 1990-2022 Definitief;2022;523;Methaan;11;Riolering en waterzuiveringsinstallaties;pub_1102;Energiegebruik en processen Riolering en waterzuiveringsinstallaties;RWZI Baarle Nassau;121073;384500;;;;;;;;;Lucht;3457.1973375;;;121073;384500
429;ER Reeks 1990-2022 Definitief;2022;523;Methaan;11;Riolering en waterzuiveringsinstallaties;pub_1102;Energiegebruik en processen Riolering en waterzuiveringsinstallaties;RWZI Goor;235990;473869;;;;;;;;;Lucht;6457.703675;;;235990;473869
430;ER Reeks 1990-2022 Definitief;2022;523;Methaan;11;Riolering en waterzuiveringsinstallaties;pub_1102;Energiegebruik en processen Riolering en waterzuiveringsinstallaties;RWZI Geestmerambacht;111056;523200;;;;;;;;;Lucht;25568.3633875;;;111056;523200
431;ER Reeks 1990-2022 Definitief;2022;523;Methaan;11;Riolering en waterzuiveringsinstallaties;pub_1102;Energiegebruik en processen Riolering en waterzuiveringsinstallaties;Slibontwateringsinstallatie / RWZI Heerenveen;189070;553727;;;;;;;;;Lucht;21135.3717;;;189070;553727
432;ER Reeks 1990-2022 Definitief;2022;523;Methaan;11;Riolering en waterzuiveringsinstallaties;pub_1102;Energiegebruik en processen Riolering en waterzuiveringsinstallaties;Slibverwerking Nuenen;167800;383700;;;;;;;;;Lucht;5.5332;;;167800;383700
433;ER Reeks 1990-2022 Definitief;2022;523;Methaan;11;Riolering en waterzuiveringsinstallaties;pub_1102;Energiegebruik en processen Riolering en waterzuiveringsinstallaties;RWZI Dordrecht;110155;425519;;;;;;;;;Lucht;41926.62995;;;110155;425519
434;ER Reeks 1990-2022 Definitief;2022;523;Methaan;11;Riolering en waterzuiveringsinstallaties;pub_1102;Energiegebruik en processen Riolering en waterzuiveringsinstallaties;RWZI Ossendrecht;80900;378500;;;;;;;;;Lucht;1697.520675;;;80900;378500
435;ER Reeks 1990-2022 Definitief;2022;523;Methaan;11;Riolering en waterzuiveringsinstallaties;pub_1102;Energiegebruik en processen Riolering en waterzuiveringsinstallaties;RWZI Gennep;194872;413098;;;;;;;;;Lucht;6741.591025;;;194872;413098
436;ER Reeks 1990-2022 Definitief;2022;523;Methaan;11;Riolering en waterzuiveringsinstallaties;pub_1102;Energiegebruik en processen Riolering en waterzuiveringsinstallaties;RWZI Roermond;197034;359054;;;;;;;;;Lucht;38230.4725916464;;;197034;359054
437;ER Reeks 1990-2022 Definitief;2022;523;Methaan;11;Riolering en waterzuiveringsinstallaties;pub_1102;Energiegebruik en processen Riolering en waterzuiveringsinstallaties;RWZI Stein;180600;331700;;;;;;;;;Lucht;2645.4947125;;;180600;331700
438;ER Reeks 1990-2022 Definitief;2022;523;Methaan;11;Riolering en waterzuiveringsinstallaties;pub_1102;Energiegebruik en processen Riolering en waterzuiveringsinstallaties;RWZI Woerden;118244;455336;;;;;;;;;Lucht;15109.43125;;;118244;455336
439;ER Reeks 1990-2022 Definitief;2022;523;Methaan;11;Riolering en waterzuiveringsinstallaties;pub_1102;Energiegebruik en processen Riolering en waterzuiveringsinstallaties;RWZI Druten;169058;433793;;;;;;;;;Lucht;6788.8038875;;;169058;433793
440;ER Reeks 1990-2022 Definitief;2022;523;Methaan;11;Riolering en waterzuiveringsinstallaties;pub_1102;Energiegebruik en processen Riolering en waterzuiveringsinstallaties;RWZI Gendt;193406;431680;;;;;;;;;Lucht;6794.4217;;;193406;431680
441;ER Reeks 1990-2022 Definitief;2022;523;Methaan;11;Riolering en waterzuiveringsinstallaties;pub_1102;Energiegebruik en processen Riolering en waterzuiveringsinstallaties;RWZI Apeldoorn;194906;472453;;;;;;;;;Lucht;35968.1937886648;;;194906;472453
442;ER Reeks 1990-2022 Definitief;2022;523;Methaan;11;Riolering en waterzuiveringsinstallaties;pub_1102;Energiegebruik en processen Riolering en waterzuiveringsinstallaties;RWZI De Groote Zaag;100600;434600;;;;;;;;;Lucht;7545.5969625;;;100600;434600
443;ER Reeks 1990-2022 Definitief;2022;523;Methaan;11;Riolering en waterzuiveringsinstallaties;pub_1102;Energiegebruik en processen Riolering en waterzuiveringsinstallaties;RWZI Tubbergen;248800;492200;;;;;;;;;Lucht;2782.5141625;;;248800;492200
444;ER Reeks 1990-2022 Definitief;2022;523;Methaan;11;Riolering en waterzuiveringsinstallaties;pub_1102;Energiegebruik en processen Riolering en waterzuiveringsinstallaties;RWZI Damwoude;198060;587952;;;;;;;;;Lucht;5359.7790375;;;198060;587952
445;ER Reeks 1990-2022 Definitief;2022;523;Methaan;11;Riolering en waterzuiveringsinstallaties;pub_1102;Energiegebruik en processen Riolering en waterzuiveringsinstallaties;RWZI Leeuwarden;184500;578800;;;;;;;;;Lucht;27009.0453823535;;;184500;578800
446;ER Reeks 1990-2022 Definitief;2022;523;Methaan;11;Riolering en waterzuiveringsinstallaties;pub_1102;Energiegebruik en processen Riolering en waterzuiveringsinstallaties;RWZI Hooge Zwaluwe;108510;414471;;;;;;;;;Lucht;1493.53935;;;108510;414471
447;ER Reeks 1990-2022 Definitief;2022;523;Methaan;11;Riolering en waterzuiveringsinstallaties;pub_1102;Energiegebruik en processen Riolering en waterzuiveringsinstallaties;RWZI Haarlem-Waarderpolder;106100;490100;;;;;;;;;Lucht;71066.7371133423;;;106100;490100
448;ER Reeks 1990-2022 Definitief;2022;523;Methaan;11;Riolering en waterzuiveringsinstallaties;pub_1102;Energiegebruik en processen Riolering en waterzuiveringsinstallaties;RWZI Boxtel;150900;402200;;;;;;;;;Lucht;10259.63429242364;;;150900;402200
449;ER Reeks 1990-2022 Definitief;2022;523;Methaan;11;Riolering en waterzuiveringsinstallaties;pub_1102;Energiegebruik en processen Riolering en waterzuiveringsinstallaties;RWZI Ter Apel;270100;545000;;;;;;;;;Lucht;4444.8572;;;270100;545000
450;ER Reeks 1990-2022 Definitief;2022;523;Methaan;11;Riolering en waterzuiveringsinstallaties;pub_1102;Energiegebruik en processen Riolering en waterzuiveringsinstallaties;RWZI Simpelveld;196000;316000;;;;;;;;;Lucht;1395.0837799625;;;196000;316000
451;ER Reeks 1990-2022 Definitief;2022;523;Methaan;11;Riolering en waterzuiveringsinstallaties;pub_1102;Energiegebruik en processen Riolering en waterzuiveringsinstallaties;RWZI Lisse;98600;473400;;;;;;;;;Lucht;5120.339025;;;98600;473400
452;ER Reeks 1990-2022 Definitief;2022;523;Methaan;11;Riolering en waterzuiveringsinstallaties;pub_1102;Energiegebruik en processen Riolering en waterzuiveringsinstallaties;RWZI Noordwijk;90800;470800;;;;;;;;;Lucht;13646.406175;;;90800;470800
453;ER Reeks 1990-2022 Definitief;2022;523;Methaan;11;Riolering en waterzuiveringsinstallaties;pub_1102;Energiegebruik en processen Riolering en waterzuiveringsinstallaties;RWZI Scheveklap;260935;587450;;;;;;;;;Lucht;1040.8365;;;260935;587450
454;ER Reeks 1990-2022 Definitief;2022;523;Methaan;11;Riolering en waterzuiveringsinstallaties;pub_1102;Energiegebruik en processen Riolering en waterzuiveringsinstallaties;RWZI Hengelo;249456;477675;;;;;;;;;Lucht;77159.6523535;;;249456;477675
455;ER Reeks 1990-2022 Definitief;2022;523;Methaan;11;Riolering en waterzuiveringsinstallaties;pub_1102;Energiegebruik en processen Riolering en waterzuiveringsinstallaties;RWZI Haastrecht;113600;446200;;;;;;;;;Lucht;645.9959625;;;113600;446200
456;ER Reeks 1990-2022 Definitief;2022;523;Methaan;11;Riolering en waterzuiveringsinstallaties;pub_1102;Energiegebruik en processen Riolering en waterzuiveringsinstallaties;RWZI Wieringen;131100;549100;;;;;;;;;Lucht;2358.3388375;;;131100;549100
457;ER Reeks 1990-2022 Definitief;2022;523;Methaan;11;Riolering en waterzuiveringsinstallaties;pub_1102;Energiegebruik en processen Riolering en waterzuiveringsinstallaties;RWZI Oostburg;23604;373884;;;;;;;;;Lucht;2373.0195875;;;23604;373884
458;ER Reeks 1990-2022 Definitief;2022;523;Methaan;11;Riolering en waterzuiveringsinstallaties;pub_1102;Energiegebruik en processen Riolering en waterzuiveringsinstallaties;RWZI Grouw;183800;567400;;;;;;;;;Lucht;2963.6292875;;;183800;567400
459;ER Reeks 1990-2022 Definitief;2022;523;Methaan;11;Riolering en waterzuiveringsinstallaties;pub_1102;Energiegebruik en processen Riolering en waterzuiveringsinstallaties;RWZI Zeewolde;163200;485800;;;;;;;;;Lucht;7938.2624375;;;163200;485800
460;ER Reeks 1990-2022 Definitief;2022;523;Methaan;5;Energiesector;pub_0503;Opwekking electriciteit;Uniper Centrale RoCa;98212;440895;98206.0;440901.0;60.0;;;21.2;;30.369;Lucht;7860.0;98206.0;440901.0;98212;440895
461;ER Reeks 1990-2022 Definitief;2022;523;Methaan;5;Energiesector;pub_0503;Opwekking electriciteit;Eneco Solar. Bio & Hydro BV. WKC Ypenburg;85471;452540;85455.0;452580.0;20.0;;;0.28;;0.542;Lucht;96.0;85455.0;452580.0;85471;452540
462;ER Reeks 1990-2022 Definitief;2022;523;Methaan;5;Energiesector;pub_0503;Opwekking electriciteit;Nuon Power Generation BV (Velsen);103696;498603;103700.0;498604.0;159.0;;;25.0;;35.346;Lucht;554.2000000000003;103700.0;498604.0;103696;498603
463;ER Reeks 1990-2022 Definitief;2022;523;Methaan;5;Energiesector;pub_0503;Opwekking electriciteit;Eneco Solar. Bio & Hydro BV. WKC Ypenburg;85471;452540;85455.0;452580.0;20.0;;;0.28;;0.302;Lucht;392.4;85455.0;452580.0;85471;452540
464;ER Reeks 1990-2022 Definitief;2022;523;Methaan;5;Energiesector;pub_0502;Olie- gaswinning land;Gasunie (Ravenstein);173928;421577;173928.0;421577.0;13.0;;;11.67;;14.057;Lucht;661.0;173928.0;421577.0;173928;421577
465;ER Reeks 1990-2022 Definitief;2022;523;Methaan;5;Energiesector;pub_0503;Opwekking electriciteit;ENGIE Energie Nederland NV (Eemscentrale);254265;606627;254265.0;606627.0;67.0;;;39.0;;61.693;Lucht;4224.6;254265.0;606627.0;254265;606627
466;ER Reeks 1990-2022 Definitief;2022;523;Methaan;5;Energiesector;pub_0503;Opwekking electriciteit;Nuon Power Generation BV (Velsen);103696;498603;103850.0;498460.0;155.0;;;26.0;;31.967;Lucht;421.4999999999999;103850.0;498460.0;103696;498603
467;ER Reeks 1990-2022 Definitief;2022;523;Methaan;5;Energiesector;pub_0503;Opwekking electriciteit;Enecogen VOF;66120;441896;66018.0;441750.0;55.0;;;37.48;;49.313;Lucht;53149.29;66018.0;441750.0;66120;441896
468;ER Reeks 1990-2022 Definitief;2022;523;Methaan;5;Energiesector;pub_0502;Olie- gaswinning land;Gasunie (Ravenstein);173928;421577;173928.0;421577.0;15.0;;;28.27;;25.931;Lucht;53.0;173928.0;421577.0;173928;421577
469;ER Reeks 1990-2022 Definitief;2022;523;Methaan;5;Energiesector;pub_0503;Opwekking electriciteit;Nuon Power Projects 1 BV (Eemshaven);252795;607838;252373.0;608153.0;20.0;;;1.5;;0.424;Lucht;6.0;252373.0;608153.0;252795;607838
470;ER Reeks 1990-2022 Definitief;2022;523;Methaan;5;Energiesector;pub_0502;Olie- gaswinning land;Gasunie (Wieringermeer);132250;530325;132249.0;529999.0;17.0;;;1.3;;6.466;Lucht;15112.0;132249.0;529999.0;132250;530325
471;ER Reeks 1990-2022 Definitief;2022;523;Methaan;5;Energiesector;pub_0503;Opwekking electriciteit;Maasstroom Energie CV;83747;433987;83740.0;433944.0;65.0;;;37.0;;44.221;Lucht;13162.8;83740.0;433944.0;83747;433987
472;ER Reeks 1990-2022 Definitief;2022;523;Methaan;5;Energiesector;pub_0503;Opwekking electriciteit;Enecogen VOF;66120;441896;66047.0;441778.0;3.0;;;0.5;;0.01775;Lucht;28.26;66047.0;441778.0;66120;441896
473;ER Reeks 1990-2022 Definitief;2022;523;Methaan;5;Energiesector;pub_0502;Olie- gaswinning land;Gasunie (Ravenstein);173928;421577;173928.0;421577.0;13.0;;;11.67;;17.126;Lucht;12.0;173928.0;421577.0;173928;421577
474;ER Reeks 1990-2022 Definitief;2022;523;Methaan;5;Energiesector;pub_0502;Olie- gaswinning land;Gasunie LNG;64259;440368;64339.0;440237.0;15.0;;;0.8;;0.001;Lucht;186308.0;64339.0;440237.0;64259;440368
475;ER Reeks 1990-2022 Definitief;2022;523;Methaan;5;Energiesector;pub_0503;Opwekking electriciteit;Eneco Solar. Bio & Hydro / HWC Ypenburg;84489;451037;84493.0;451045.0;15.0;;;0.33;;0.194;Lucht;178.8;84493.0;451045.0;84489;451037
476;ER Reeks 1990-2022 Definitief;2022;523;Methaan;5;Energiesector;pub_0503;Opwekking electriciteit;Groen Gas Gelderland B.V.;191153;436753;191153.0;436753.0;5.0;;;;;0.0;Lucht;22680.0;191153.0;436753.0;191153;436753
477;ER Reeks 1990-2022 Definitief;2022;523;Methaan;5;Energiesector;pub_0503;Opwekking electriciteit;ENGIE Energie Nederland NV (Eemscentrale);254265;606627;254265.0;606627.0;67.0;;;39.0;;62.594;Lucht;4360.8;254265.0;606627.0;254265;606627
478;ER Reeks 1990-2022 Definitief;2022;523;Methaan;4;Raffinaderijen;pub_0401;Raffinage en verwerking;Esso Nederland BV (Raffinaderij Rotterdam);79871;432082;79452.0;432265.0;100.0;;;0.0;;0.001;Lucht;28757.00000000001;79452.0;432265.0;79871;432082
479;ER Reeks 1990-2022 Definitief;2022;523;Methaan;4;Raffinaderijen;pub_0401;Raffinage en verwerking;BP Rotterdam Refinery;67036;440390;66537.0;440779.0;20.0;;;0.2;;0.05;Lucht;38653.2;66537.0;440779.0;67036;440390
480;ER Reeks 1990-2022 Definitief;2022;523;Methaan;4;Raffinaderijen;pub_0401;Raffinage en verwerking;Esso Nederland BV (Raffinaderij Rotterdam);79871;432082;79810.0;432199.0;150.0;;;23.328;;13.97;Lucht;3930.599999999996;79810.0;432199.0;79871;432082
481;ER Reeks 1990-2022 Definitief;2022;523;Methaan;4;Raffinaderijen;pub_0401;Raffinage en verwerking;Shell Nederland Raffinaderij BV;82574;432924;82574.0;432924.0;213.0;;;13.0;;13.655;Lucht;1825.7;82574.0;432924.0;82574;432924
482;ER Reeks 1990-2022 Definitief;2022;523;Methaan;4;Raffinaderijen;pub_0401;Raffinage en verwerking;Shell Nederland Raffinaderij BV;82574;432924;82730.0;432500.0;60.0;;;0.13;;0.203;Lucht;27.0;82730.0;432500.0;82574;432924
483;ER Reeks 1990-2022 Definitief;2022;523;Methaan;4;Raffinaderijen;pub_0401;Raffinage en verwerking;Shell Nederland Raffinaderij BV;82574;432924;82955.0;432620.0;100.0;;;1.43;;3.229;Lucht;595.0;82955.0;432620.0;82574;432924
484;ER Reeks 1990-2022 Definitief;2022;523;Methaan;4;Raffinaderijen;pub_0401;Raffinage en verwerking;BP Rotterdam Refinery;67036;440390;66940.0;439902.0;55.0;;;0.2;;0.165;Lucht;235.8;66940.0;439902.0;67036;440390
485;ER Reeks 1990-2022 Definitief;2022;523;Methaan;9;Afvalverwijdering;pub_0901;AVI's;Zavin C.V.;110200;425450;110200.0;425450.0;60.0;;;0.0;;0.901;Lucht;84.33;110200.0;425450.0;110200;425450
486;ER Reeks 1990-2022 Definitief;2022;523;Methaan;9;Afvalverwijdering;pub_0901;AVI's;Attero Noord BV;231073;534370;230850.0;533510.0;40.0;500.0;500.0;250000.0;;0.001;Lucht;522695.0;230850.0;533510.0;231073;534370
487;ER Reeks 1990-2022 Definitief;2022;523;Methaan;9;Afvalverwijdering;pub_0901;AVI's;Inter-Che-M BV;178673;429681;178646.0;429718.0;7.0;;;0.00785;;0.0;Lucht;0.744;178646.0;429718.0;178673;429681
488;ER Reeks 1990-2022 Definitief;2022;523;Methaan;9;Afvalverwijdering;pub_0901;AVI's;AVR NV (Rijnmond);78545;434865;78401.0;434827.0;50.0;;;9.81;;0.599;Lucht;184.26;78401.0;434827.0;78545;434865
489;ER Reeks 1990-2022 Definitief;2022;523;Methaan;9;Afvalverwijdering;pub_0901;AVI's;Afval Energie Bedrijf (Amsterdam);114552;490378;114552.0;490378.0;100.0;;;21.5;;2.705;Lucht;2712.6;114552.0;490378.0;114552;490378
490;ER Reeks 1990-2022 Definitief;2022;523;Methaan;9;Afvalverwijdering;pub_0901;AVI's;Attero BV (Moerdijk);99289;410805;99293.0;410804.0;80.0;;;3.94;;6.795;Lucht;543.386581197572;99293.0;410804.0;99289;410805
491;ER Reeks 1990-2022 Definitief;2022;523;Methaan;9;Afvalverwijdering;pub_0901;AVI's;Attero Noord BV;231073;534370;231070.0;534360.0;80.0;;;3.0;;11.924;Lucht;1406.72731638198;231070.0;534360.0;231073;534370
492;ER Reeks 1990-2022 Definitief;2022;523;Methaan;9;Afvalverwijdering;pub_0901;AVI's;Inter-Che-M BV;178673;429681;178671.0;429759.0;7.0;;;0.05;;0.001;Lucht;3.5064;178671.0;429759.0;178673;429681
493;ER Reeks 1990-2022 Definitief;2022;523;Methaan;9;Afvalverwijdering;pub_0901;AVI's;EEW Energy from Waste Delfzijl B.V.;261673;592659;261627.0;592631.0;70.0;0.0;0.0;3.5;0.0;5.095;Lucht;376.371179913465;261627.0;592631.0;261673;592659
494;ER Reeks 1990-2022 Definitief;2022;523;Methaan;9;Afvalverwijdering;pub_0901;AVI's;HVC (Alkmaar);112698;513765;112698.0;513765.0;5.0;;;0.0;;0.0;Lucht;27.132;112698.0;513765.0;112698;513765
495;ER Reeks 1990-2022 Definitief;2022;523;Methaan;2;Overige industrie;pub_0201;Basismetaal;Tata Steel IJmuiden BV;100985;499055;102525.0;498707.0;80.0;;;9.289376;;3.493;Lucht;874.08754494;102525.0;498707.0;100985;499055
496;ER Reeks 1990-2022 Definitief;2022;523;Methaan;2;Overige industrie;pub_0201;Basismetaal;Tata Steel IJmuiden BV;100985;499055;101900.0;498860.0;40.0;;;4.90625;;11.794;Lucht;116.1692252;101900.0;498860.0;100985;499055
497;ER Reeks 1990-2022 Definitief;2022;523;Methaan;2;Overige industrie;pub_0216;Voedings- en genotmiddelenindustrie;Nutricia Cuijk BV;189600;415100;189600.0;415100.0;5.0;;;0.0;;0.0;Lucht;114.0;189600.0;415100.0;189600;415100
498;ER Reeks 1990-2022 Definitief;2022;523;Methaan;2;Overige industrie;pub_0211;Papier(waren);Sappi Maastricht BV;176620;318700;176690.0;318740.0;50.0;;;7.0;;6.0;Lucht;187.2;176690.0;318740.0;176620;318700
499;ER Reeks 1990-2022 Definitief;2022;523;Methaan;2;Overige industrie;pub_0216;Voedings- en genotmiddelenindustrie;Mead Johnson BV;184009;428432;186070.0;429270.0;20.0;;;28.0;;0.0;Lucht;238.8;186070.0;429270.0;184009;428432
500;ER Reeks 1990-2022 Definitief;2022;523;Methaan;2;Overige industrie;pub_0201;Basismetaal;Tata Steel IJmuiden BV;100985;499055;100549.0;499099.0;130.0;;;11.93985;;9.151;Lucht;1476.5493941;100549.0;499099.0;100985;499055
501;ER Reeks 1990-2022 Definitief;2022;523;Methaan;2;Overige industrie;pub_0201;Basismetaal;Aurubis Netherlands B.V.;211100;463650;211100.0;463650.0;5.0;;;0.0;;0.001;Lucht;274.98;211100.0;463650.0;211100;463650
502;ER Reeks 1990-2022 Definitief;2022;523;Methaan;2;Overige industrie;pub_0201;Basismetaal;Tata Steel IJmuiden BV;100985;499055;102709.0;501363.0;64.0;;;1.76625;;8.257;Lucht;112.70976;102709.0;501363.0;100985;499055
503;ER Reeks 1990-2022 Definitief;2022;523;Methaan;2;Overige industrie;pub_0216;Voedings- en genotmiddelenindustrie;Avebe u.a. (Gasselternijveen);254450;556800;254450.0;556800.0;25.0;;;0.0;;4.877;Lucht;19504.2;254450.0;556800.0;254450;556800
504;ER Reeks 1990-2022 Definitief;2022;523;Methaan;2;Overige industrie;pub_0211;Papier(waren);WEPA Nederland B.V.;199937;360577;199864.0;360518.0;18.0;;;0.0;;0.97;Lucht;205.2;199864.0;360518.0;199937;360577
505;ER Reeks 1990-2022 Definitief;2022;523;Methaan;2;Overige industrie;pub_0216;Voedings- en genotmiddelenindustrie;Cargill Benelux BV;44338;361919;44338.0;361919.0;23.0;;;3.0;;2.9;Lucht;7019.88;44338.0;361919.0;44338;361919
506;ER Reeks 1990-2022 Definitief;2022;523;Methaan;2;Overige industrie;pub_0201;Basismetaal;Tata Steel IJmuiden BV;100985;499055;101447.0;499730.0;80.0;;;1.1304;;5.61;Lucht;1.53405188;101447.0;499730.0;100985;499055
507;ER Reeks 1990-2022 Definitief;2022;523;Methaan;2;Overige industrie;pub_0201;Basismetaal;Tata Steel IJmuiden BV;100985;499055;102367.0;499739.0;2.0;50.0;50.0;2500.0;;1.0;Lucht;6225.03;102367.0;499739.0;100985;499055
508;ER Reeks 1990-2022 Definitief;2022;523;Methaan;2;Overige industrie;pub_0201;Basismetaal;Tata Steel IJmuiden BV;100985;499055;102958.0;501262.0;30.0;;;1.0;;1.327;Lucht;1000.0;102958.0;501262.0;100985;499055
509;ER Reeks 1990-2022 Definitief;2022;523;Methaan;2;Overige industrie;pub_0201;Basismetaal;Aurubis Netherlands B.V.;211100;463650;211013.0;463667.0;16.0;0.0;0.0;0.185;0.0;0.001;Lucht;33.3;211013.0;463667.0;211100;463650
510;ER Reeks 1990-2022 Definitief;2022;523;Methaan;2;Overige industrie;pub_0201;Basismetaal;Tata Steel IJmuiden BV;100985;499055;102470.0;498719.0;80.0;;;9.289376;;4.748;Lucht;378.62606092;102470.0;498719.0;100985;499055
511;ER Reeks 1990-2022 Definitief;2022;523;Methaan;2;Overige industrie;pub_0201;Basismetaal;Tata Steel IJmuiden BV;100985;499055;100960.0;499390.0;2.0;50.0;50.0;2500.0;;0.001;Lucht;1200.0;100960.0;499390.0;100985;499055
512;ER Reeks 1990-2022 Definitief;2022;523;Methaan;2;Overige industrie;pub_0201;Basismetaal;Tata Steel IJmuiden BV;100985;499055;101905.0;499925.0;2.0;50.0;50.0;2500.0;;1.0;Lucht;126.0538957;101905.0;499925.0;100985;499055
513;ER Reeks 1990-2022 Definitief;2022;523;Methaan;2;Overige industrie;pub_0216;Voedings- en genotmiddelenindustrie;FrieslandCampina Veghel (DMV International);164550;402920;164550.0;402920.0;6.0;0.0;0.0;1.0;0.0;0.677;Lucht;33.6;164550.0;402920.0;164550;402920
514;ER Reeks 1990-2022 Definitief;2022;523;Methaan;2;Overige industrie;pub_0201;Basismetaal;Nyrstar Budel BV;169900;361000;169900.0;361000.0;8.0;;;0.4;;1.895;Lucht;219.31;169900.0;361000.0;169900;361000
515;ER Reeks 1990-2022 Definitief;2022;523;Methaan;2;Overige industrie;pub_0201;Basismetaal;Tata Steel IJmuiden BV;100985;499055;102897.0;499471.0;37.0;9.0;9.0;78.5;;0.046;Lucht;11.0136;102897.0;499471.0;100985;499055
516;ER Reeks 1990-2022 Definitief;2022;523;Methaan;2;Overige industrie;pub_0216;Voedings- en genotmiddelenindustrie;Suiker Unie Vierverlaten;229011;581366;229000.0;581420.0;26.0;0.0;0.0;0.5;0.0;1.36;Lucht;29.07;229000.0;581420.0;229011;581366
517;ER Reeks 1990-2022 Definitief;2022;523;Methaan;2;Overige industrie;pub_0216;Voedings- en genotmiddelenindustrie;Mead Johnson BV;184009;428432;183953.0;428426.0;30.0;0.0;0.0;0.5;0.0;0.061;Lucht;136.2;183953.0;428426.0;184009;428432
518;ER Reeks 1990-2022 Definitief;2022;523;Methaan;6;Verkeer en vervoer;pub_0603;Luchtvaart;Vliegveld Budel;169750;362750;;;;;;;;;Lucht;120.92307437163664;;;169750;362750
519;ER Reeks 1990-2022 Definitief;2022;523;Methaan;3;Chemische Industrie;pub_0303;Chemische Industrie kunstmeststoffen;ICL Fertilizers Europe CV;120040;490970;119992.0;491017.0;41.0;;;0.28;;0.167;Lucht;370.8;119992.0;491017.0;120040;490970
520;ER Reeks 1990-2022 Definitief;2022;523;Methaan;3;Chemische Industrie;pub_0301;Chemische Industrie basisproducten;Chemelot Site Permit BV;183732;332404;183537.0;330324.0;5.0;;;0.0;;0.0;Lucht;117.0;183537.0;330324.0;183732;332404
521;ER Reeks 1990-2022 Definitief;2022;523;Methaan;3;Chemische Industrie;pub_0301;Chemische Industrie basisproducten;Nouryon Functional Chemicals;208550;472800;208708.0;472752.0;10.0;;;3.0;;0.001;Lucht;171.0;208708.0;472752.0;208550;472800
522;ER Reeks 1990-2022 Definitief;2022;523;Methaan;3;Chemische Industrie;pub_0301;Chemische Industrie basisproducten;ESD-SIC BV;260222;591232;260250.0;591280.0;32.0;;;0.0;;1.0;Lucht;2058.0;260250.0;591280.0;260222;591232
523;ER Reeks 1990-2022 Definitief;2022;523;Methaan;3;Chemische Industrie;pub_0301;Chemische Industrie basisproducten;Dow Benelux BV (Hoek);43193;373788;43611.0;374030.0;10.0;;;1.39;;0.055;Lucht;191.0;43611.0;374030.0;43193;373788
524;ER Reeks 1990-2022 Definitief;2022;523;Methaan;3;Chemische Industrie;pub_0301;Chemische Industrie basisproducten;Croda;108400;446500;108428.0;446640.0;22.0;;;0.05;;0.056;Lucht;84.4184677816909;108428.0;446640.0;108400;446500
525;ER Reeks 1990-2022 Definitief;2022;523;Methaan;3;Chemische Industrie;pub_0301;Chemische Industrie basisproducten;Dow Benelux BV (Hoek);43193;373788;43193.0;373788.0;16.0;;;0.3;;0.001;Lucht;138.6;43193.0;373788.0;43193;373788
526;ER Reeks 1990-2022 Definitief;2022;523;Methaan;3;Chemische Industrie;pub_0301;Chemische Industrie basisproducten;Croda;108400;446500;108590.0;446560.0;15.0;;;0.2;;0.109;Lucht;2140.23142605315;108590.0;446560.0;108400;446500
527;ER Reeks 1990-2022 Definitief;2022;523;Methaan;3;Chemische Industrie;pub_0301;Chemische Industrie basisproducten;Air Products Nederland BV (Pernis);79259;431845;79283.0;431814.0;60.0;0.0;0.0;3.24;0.0;0.0;Lucht;11.7;79283.0;431814.0;79259;431845
528;ER Reeks 1990-2022 Definitief;2022;523;Methaan;3;Chemische Industrie;pub_0301;Chemische Industrie basisproducten;Dow Benelux BV (Hoek);43193;373788;43230.0;374080.0;3.0;;;87.0;;0.001;Lucht;40.0;43230.0;374080.0;43193;373788
529;ER Reeks 1990-2022 Definitief;2022;523;Methaan;3;Chemische Industrie;pub_0304;Chemische Industrie overig;Albemarle Catalysts Company B.V.;124570;488620;124230.0;488780.0;20.0;;;0.0;;0.009;Lucht;28.68;124230.0;488780.0;124570;488620
530;ER Reeks 1990-2022 Definitief;2022;523;Methaan;3;Chemische Industrie;pub_0301;Chemische Industrie basisproducten;Delesto BV;259432;593623;259500.0;593680.0;40.0;;;16.0;;11.517;Lucht;10463.999999999998;259500.0;593680.0;259432;593623
531;ER Reeks 1990-2022 Definitief;2022;523;Methaan;3;Chemische Industrie;pub_0301;Chemische Industrie basisproducten;Dow Benelux BV (Delfzijl);259700;592600;259700.0;592600.0;12.0;;;0.0;;0.051;Lucht;355.0;259700.0;592600.0;259700;592600
532;ER Reeks 1990-2022 Definitief;2022;523;Methaan;3;Chemische Industrie;pub_0301;Chemische Industrie basisproducten;Delesto BV;259432;593623;259500.0;593680.0;40.0;;;16.0;;10.516;Lucht;22332.0;259500.0;593680.0;259432;593623
533;ER Reeks 1990-2022 Definitief;2022;523;Methaan;3;Chemische Industrie;pub_0301;Chemische Industrie basisproducten;ICL-IP Terneuzen BV;46867;369035;46900.0;369090.0;18.0;;;0.07;;0.157;Lucht;135.42;46900.0;369090.0;46867;369035
534;ER Reeks 1990-2022 Definitief;2022;523;Methaan;3;Chemische Industrie;pub_0301;Chemische Industrie basisproducten;Nouryon Functional Chemicals BV;202300;352150;202299.0;352144.0;20.0;;;1.0;;0.129;Lucht;1.0;202299.0;352144.0;202300;352150
535;ER Reeks 1990-2022 Definitief;2022;523;Methaan;3;Chemische Industrie;pub_0301;Chemische Industrie basisproducten;Chemelot Site Permit BV;183732;332404;183498.0;332090.0;6.0;;;0.08;;0.0;Lucht;914.0;183498.0;332090.0;183732;332404
536;ER Reeks 1990-2022 Definitief;2022;523;Methaan;3;Chemische Industrie;pub_0301;Chemische Industrie basisproducten;Dow Benelux BV (Hoek);43193;373788;44080.0;373680.0;5.0;;;109.0;;0.001;Lucht;0.5;44080.0;373680.0;43193;373788
537;ER Reeks 1990-2022 Definitief;2022;523;Methaan;3;Chemische Industrie;pub_0301;Chemische Industrie basisproducten;Chemelot Site Permit BV;183732;332404;183750.0;332450.0;16.0;;;0.44;;0.0;Lucht;6000.0;183750.0;332450.0;183732;332404
538;ER Reeks 1990-2022 Definitief;2022;523;Methaan;3;Chemische Industrie;pub_0301;Chemische Industrie basisproducten;Dow Benelux BV (Delfzijl);259700;592600;259700.0;592600.0;18.0;;;0.0;;0.161;Lucht;354.0;259700.0;592600.0;259700;592600
539;ER Reeks 1990-2022 Definitief;2022;523;Methaan;3;Chemische Industrie;pub_0301;Chemische Industrie basisproducten;Dow Benelux BV (Hoek);43193;373788;43014.0;373836.0;90.0;;;1.0;;0.075;Lucht;11393.0;43014.0;373836.0;43193;373788
540;ER Reeks 1990-2022 Definitief;2022;523;Methaan;3;Chemische Industrie;pub_0301;Chemische Industrie basisproducten;Dow Benelux BV (Hoek);43193;373788;43030.0;374080.0;5.0;;;0.0;;0.001;Lucht;11393.0;43030.0;374080.0;43193;373788
541;ER Reeks 1990-2022 Definitief;2022;523;Methaan;3;Chemische Industrie;pub_0301;Chemische Industrie basisproducten;Chemelot Site Permit BV;183732;332404;183555.0;333247.0;6.0;;;0.031;;0.0;Lucht;1200.0;183555.0;333247.0;183732;332404
542;ER Reeks 1990-2022 Definitief;2022;523;Methaan;3;Chemische Industrie;pub_0301;Chemische Industrie basisproducten;Chemelot Site Permit BV;183732;332404;184250.0;331350.0;110.0;;;1.4;;7.93e-06;Lucht;185.0;184250.0;331350.0;183732;332404
543;ER Reeks 1990-2022 Definitief;2022;523;Methaan;3;Chemische Industrie;pub_0301;Chemische Industrie basisproducten;Shell Nederland Chemie BV (Pernis);84625;433319;85140.0;433390.0;24.0;;;0.0;;2.9;Lucht;16.0;85140.0;433390.0;84625;433319
544;ER Reeks 1990-2022 Definitief;2022;523;Methaan;3;Chemische Industrie;pub_0304;Chemische Industrie overig;Euro Support Advanced Materials B.V.;172961;407060;173311.0;406967.0;9.0;;;0.03;;0.009;Lucht;1.62;173311.0;406967.0;172961;407060
545;ER Reeks 1990-2022 Definitief;2022;523;Methaan;3;Chemische Industrie;pub_0301;Chemische Industrie basisproducten;Shell Nederland Chemie BV (Pernis);84625;433319;83830.0;433480.0;24.0;;;0.0;;5.5;Lucht;41.0;83830.0;433480.0;84625;433319
546;ER Reeks 1990-2022 Definitief;2022;523;Methaan;3;Chemische Industrie;pub_0301;Chemische Industrie basisproducten;ExxonMobil Chemical Holland BV (ROP van RPI);72300;438500;72369.0;438351.0;59.0;;;0.0;;0.877;Lucht;1567.1000000000029;72369.0;438351.0;72300;438500
547;ER Reeks 1990-2022 Definitief;2022;523;Methaan;3;Chemische Industrie;pub_0301;Chemische Industrie basisproducten;Shell Nederland Chemie BV (Pernis);84625;433319;82800.0;433656.0;5.0;;;3.0;;5.0;Lucht;6.0;82800.0;433656.0;84625;433319
548;ER Reeks 1990-2022 Definitief;2022;523;Methaan;3;Chemische Industrie;pub_0301;Chemische Industrie basisproducten;Hexion B.V.;83345;432458;83930.0;432856.0;71.0;;;0.65;;0.116;Lucht;16.8;83930.0;432856.0;83345;432458
549;ER Reeks 1990-2022 Definitief;2022;523;Methaan;3;Chemische Industrie;pub_0301;Chemische Industrie basisproducten;Croda;108400;446500;108583.0;446553.0;12.0;;;0.03;;0.024;Lucht;6.76195194557702;108583.0;446553.0;108400;446500
550;ER Reeks 1990-2022 Definitief;2022;523;Methaan;3;Chemische Industrie;pub_0304;Chemische Industrie overig;Euro Support Advanced Materials B.V.;172961;407060;173350.0;406969.0;14.0;;;0.047;;0.009;Lucht;5.52;173350.0;406969.0;172961;407060
551;ER Reeks 1990-2022 Definitief;2022;523;Methaan;3;Chemische Industrie;pub_0301;Chemische Industrie basisproducten;Dow Benelux BV (Hoek);43193;373788;43475.0;373579.0;90.0;;;0.2;;0.075;Lucht;664.5;43475.0;373579.0;43193;373788
552;ER Reeks 1990-2022 Definitief;2022;523;Methaan;3;Chemische Industrie;pub_0301;Chemische Industrie basisproducten;Dow Benelux BV (Hoek);43193;373788;42919.0;372747.0;35.0;;;23.8;;24.618;Lucht;11077.54;42919.0;372747.0;43193;373788
553;ER Reeks 1990-2022 Definitief;2022;523;Methaan;8;Bouw;pub_0802;Overig bouw;Veolia Industriediensten BV;193118;442151;193106.0;442161.0;40.0;;;1.13;;2.166;Lucht;10913.4;193106.0;442161.0;193118;442151
554;ER Reeks 1990-2022 Definitief;2022;523;Methaan;12;Handel. Diensten en Overheid (HDO);pub_1201;Energiegebruik en processen Handel. Diensten en Overheid (HDO);Arkema BV (Rotterdam);82620;434005;82525.0;433842.0;55.0;;;0.2;;0.062;Lucht;9.96;82525.0;433842.0;82620;434005
555;ER Reeks 1990-2022 Definitief;2022;523;Methaan;12;Handel. Diensten en Overheid (HDO);pub_1201;Energiegebruik en processen Handel. Diensten en Overheid (HDO);Odfjell Terminals (Rotterdam) BV;81505;432967;81218.0;433272.0;20.0;;;0.0;;0.15;Lucht;66.6;81218.0;433272.0;81505;432967
556;ER Reeks 1990-2022 Definitief;2022;523;Methaan;12;Handel. Diensten en Overheid (HDO);pub_1201;Energiegebruik en processen Handel. Diensten en Overheid (HDO);Wilmar Oleochemicals BV;77212;433504;76577.0;434367.0;49.0;;;0.7;;0.002;Lucht;227.9102;76577.0;434367.0;77212;433504
557;ER Reeks 1990-2022 Definitief;2022;523;Methaan;12;Handel. Diensten en Overheid (HDO);pub_1201;Energiegebruik en processen Handel. Diensten en Overheid (HDO);Odfjell Terminals (Rotterdam) BV;81505;432967;81505.0;432967.0;5.0;;;0.0;;0.0;Lucht;1.1;81505.0;432967.0;81505;432967
558;ER Reeks 1990-2022 Definitief;2022;523;Methaan;11;Riolering en waterzuiveringsinstallaties;pub_1102;Energiegebruik en processen Riolering en waterzuiveringsinstallaties;RWZI Dokkum;197200;593000;;;;;;;;;Lucht;5663.78895;;;197200;593000
559;ER Reeks 1990-2022 Definitief;2022;523;Methaan;11;Riolering en waterzuiveringsinstallaties;pub_1102;Energiegebruik en processen Riolering en waterzuiveringsinstallaties;RWZI Brummen;209710;456379;;;;;;;;;Lucht;4967.0977875;;;209710;456379
560;ER Reeks 1990-2022 Definitief;2022;523;Methaan;11;Riolering en waterzuiveringsinstallaties;pub_1102;Energiegebruik en processen Riolering en waterzuiveringsinstallaties;RWZI Dinteloord;84000;407500;;;;;;;;;Lucht;1558.4792625;;;84000;407500
561;ER Reeks 1990-2022 Definitief;2022;523;Methaan;11;Riolering en waterzuiveringsinstallaties;pub_1102;Energiegebruik en processen Riolering en waterzuiveringsinstallaties;RWZI 's-Hertogenbosch;147831;414700;;;;;;;;;Lucht;102618.351709025;;;147831;414700
562;ER Reeks 1990-2022 Definitief;2022;523;Methaan;11;Riolering en waterzuiveringsinstallaties;pub_1102;Energiegebruik en processen Riolering en waterzuiveringsinstallaties;RWZI Hattem;199400;499900;;;;;;;;;Lucht;11478.4754375;;;199400;499900
563;ER Reeks 1990-2022 Definitief;2022;523;Methaan;11;Riolering en waterzuiveringsinstallaties;pub_1102;Energiegebruik en processen Riolering en waterzuiveringsinstallaties;RWZI Leerdam;133000;433800;;;;;;;;;Lucht;5164.4345625;;;133000;433800
564;ER Reeks 1990-2022 Definitief;2022;523;Methaan;11;Riolering en waterzuiveringsinstallaties;pub_1102;Energiegebruik en processen Riolering en waterzuiveringsinstallaties;RWZI Rijssen;232900;481800;;;;;;;;;Lucht;7927.46845;;;232900;481800
565;ER Reeks 1990-2022 Definitief;2022;523;Methaan;11;Riolering en waterzuiveringsinstallaties;pub_1102;Energiegebruik en processen Riolering en waterzuiveringsinstallaties;RWZI Hilversum;142468;470705;;;;;;;;;Lucht;5545.79585;;;142468;470705
566;ER Reeks 1990-2022 Definitief;2022;523;Methaan;11;Riolering en waterzuiveringsinstallaties;pub_1102;Energiegebruik en processen Riolering en waterzuiveringsinstallaties;RWZI Maastricht-Limmel;177213;320325;;;;;;;;;Lucht;43388.3383448541;;;177213;320325
567;ER Reeks 1990-2022 Definitief;2022;523;Methaan;11;Riolering en waterzuiveringsinstallaties;pub_1102;Energiegebruik en processen Riolering en waterzuiveringsinstallaties;RWZI Stadskanaal;260300;559500;;;;;;;;;Lucht;7048.8946;;;260300;559500
568;ER Reeks 1990-2022 Definitief;2022;523;Methaan;11;Riolering en waterzuiveringsinstallaties;pub_1102;Energiegebruik en processen Riolering en waterzuiveringsinstallaties;RWZI Oostvoorne;67633;437263;;;;;;;;;Lucht;3625.0803;;;67633;437263
569;ER Reeks 1990-2022 Definitief;2022;523;Methaan;11;Riolering en waterzuiveringsinstallaties;pub_1102;Energiegebruik en processen Riolering en waterzuiveringsinstallaties;RWZI Kaatsheuvel;128000;407500;;;;;;;;;Lucht;11894.9125125;;;128000;407500
570;ER Reeks 1990-2022 Definitief;2022;523;Methaan;11;Riolering en waterzuiveringsinstallaties;pub_1102;Energiegebruik en processen Riolering en waterzuiveringsinstallaties;RWZI Chaam;117900;391600;;;;;;;;;Lucht;1708.2091125;;;117900;391600
571;ER Reeks 1990-2022 Definitief;2022;523;Methaan;11;Riolering en waterzuiveringsinstallaties;pub_1102;Energiegebruik en processen Riolering en waterzuiveringsinstallaties;RWZI Oudewater;118424;448016;;;;;;;;;Lucht;3412.1940375;;;118424;448016
572;ER Reeks 1990-2022 Definitief;2022;523;Methaan;11;Riolering en waterzuiveringsinstallaties;pub_1102;Energiegebruik en processen Riolering en waterzuiveringsinstallaties;RWZI Epe;196700;484200;;;;;;;;;Lucht;6090.8583875;;;196700;484200
573;ER Reeks 1990-2022 Definitief;2022;523;Methaan;11;Riolering en waterzuiveringsinstallaties;pub_1102;Energiegebruik en processen Riolering en waterzuiveringsinstallaties;RWZI Heerde;200384;489472;;;;;;;;;Lucht;5346.6483625;;;200384;489472
574;ER Reeks 1990-2022 Definitief;2022;523;Methaan;11;Riolering en waterzuiveringsinstallaties;pub_1102;Energiegebruik en processen Riolering en waterzuiveringsinstallaties;RWZI Land van Cuijk;190002;412063;;;;;;;;;Lucht;30859.9691650324;;;190002;412063
575;ER Reeks 1990-2022 Definitief;2022;523;Methaan;11;Riolering en waterzuiveringsinstallaties;pub_1102;Energiegebruik en processen Riolering en waterzuiveringsinstallaties;RWZI Retranchement;15236;376894;;;;;;;;;Lucht;2479.4665125;;;15236;376894
576;ER Reeks 1990-2022 Definitief;2022;523;Methaan;11;Riolering en waterzuiveringsinstallaties;pub_1102;Energiegebruik en processen Riolering en waterzuiveringsinstallaties;RWZI Sloten;172000;546200;;;;;;;;;Lucht;2756.54805;;;172000;546200
577;ER Reeks 1990-2022 Definitief;2022;523;Methaan;11;Riolering en waterzuiveringsinstallaties;pub_1102;Energiegebruik en processen Riolering en waterzuiveringsinstallaties;RWZI Bergum-Suameer;195700;577600;;;;;;;;;Lucht;5078.30376830751;;;195700;577600
578;ER Reeks 1990-2022 Definitief;2022;523;Methaan;11;Riolering en waterzuiveringsinstallaties;pub_1102;Energiegebruik en processen Riolering en waterzuiveringsinstallaties;RWZI Sliedrecht;114500;427000;;;;;;;;;Lucht;9666.334875;;;114500;427000
579;ER Reeks 1990-2022 Definitief;2022;523;Methaan;11;Riolering en waterzuiveringsinstallaties;pub_1102;Energiegebruik en processen Riolering en waterzuiveringsinstallaties;RWZI Marum;213502;574380;;;;;;;;;Lucht;1572.3269625;;;213502;574380
580;ER Reeks 1990-2022 Definitief;2022;523;Methaan;11;Riolering en waterzuiveringsinstallaties;pub_1102;Energiegebruik en processen Riolering en waterzuiveringsinstallaties;RWZI Feerwerd;227700;591300;;;;;;;;;Lucht;1321.2149625;;;227700;591300
581;ER Reeks 1990-2022 Definitief;2022;523;Methaan;11;Riolering en waterzuiveringsinstallaties;pub_1102;Energiegebruik en processen Riolering en waterzuiveringsinstallaties;RWZI Oosterwolde;214900;556300;;;;;;;;;Lucht;7663.2611;;;214900;556300
582;ER Reeks 1990-2022 Definitief;2022;523;Methaan;11;Riolering en waterzuiveringsinstallaties;pub_1102;Energiegebruik en processen Riolering en waterzuiveringsinstallaties;RWZI Delfzijl;259300;592300;;;;;;;;;Lucht;4315.5075625;;;259300;592300
583;ER Reeks 1990-2022 Definitief;2022;523;Methaan;11;Riolering en waterzuiveringsinstallaties;pub_1102;Energiegebruik en processen Riolering en waterzuiveringsinstallaties;RWZI Echten;224517;525247;;;;;;;;;Lucht;20157.3712875;;;224517;525247
584;ER Reeks 1990-2022 Definitief;2022;523;Methaan;11;Riolering en waterzuiveringsinstallaties;pub_1102;Energiegebruik en processen Riolering en waterzuiveringsinstallaties;RWZI Oosthuizen;128400;510300;;;;;;;;;Lucht;879.1587375;;;128400;510300
585;ER Reeks 1990-2022 Definitief;2022;523;Methaan;11;Riolering en waterzuiveringsinstallaties;pub_1102;Energiegebruik en processen Riolering en waterzuiveringsinstallaties;RWZI Kloosterzande;60106;377203;;;;;;;;;Lucht;739.7544375;;;60106;377203
586;ER Reeks 1990-2022 Definitief;2022;523;Methaan;11;Riolering en waterzuiveringsinstallaties;pub_1102;Energiegebruik en processen Riolering en waterzuiveringsinstallaties;RWZI Sneek;172100;559600;;;;;;;;;Lucht;10657.8562625;;;172100;559600
587;ER Reeks 1990-2022 Definitief;2022;523;Methaan;11;Riolering en waterzuiveringsinstallaties;pub_1102;Energiegebruik en processen Riolering en waterzuiveringsinstallaties;RWZI Gieten;248000;559600;;;;;;;;;Lucht;6826.9746;;;248000;559600
588;ER Reeks 1990-2022 Definitief;2022;523;Methaan;11;Riolering en waterzuiveringsinstallaties;pub_1102;Energiegebruik en processen Riolering en waterzuiveringsinstallaties;SVI Abdissenbosch;200101;326203;;;;;;;;;Lucht;0.223;;;200101;326203
589;ER Reeks 1990-2022 Definitief;2022;523;Methaan;11;Riolering en waterzuiveringsinstallaties;pub_1102;Energiegebruik en processen Riolering en waterzuiveringsinstallaties;RWZI Gooiergracht;145684;475176;;;;;;;;;Lucht;5681.4817875;;;145684;475176
590;ER Reeks 1990-2022 Definitief;2022;523;Methaan;11;Riolering en waterzuiveringsinstallaties;pub_1102;Energiegebruik en processen Riolering en waterzuiveringsinstallaties;RWZI Piershil;83200;423800;;;;;;;;;Lucht;2465.6539875;;;83200;423800
591;ER Reeks 1990-2022 Definitief;2022;523;Methaan;11;Riolering en waterzuiveringsinstallaties;pub_1102;Energiegebruik en processen Riolering en waterzuiveringsinstallaties;RWZI Foxhol;243400;576300;;;;;;;;;Lucht;7328.6175;;;243400;576300
592;ER Reeks 1990-2022 Definitief;2022;523;Methaan;11;Riolering en waterzuiveringsinstallaties;pub_1102;Energiegebruik en processen Riolering en waterzuiveringsinstallaties;RWZI Rimburg;204500;325700;;;;;;;;;Lucht;12235.6753125;;;204500;325700
593;ER Reeks 1990-2022 Definitief;2022;523;Methaan;11;Riolering en waterzuiveringsinstallaties;pub_1102;Energiegebruik en processen Riolering en waterzuiveringsinstallaties;RWZI Gouda;108721;446220;;;;;;;;;Lucht;15408.1700875;;;108721;446220
594;ER Reeks 1990-2022 Definitief;2022;523;Methaan;11;Riolering en waterzuiveringsinstallaties;pub_1102;Energiegebruik en processen Riolering en waterzuiveringsinstallaties;RWZI Walcheren;31767;385337;;;;;;;;;Lucht;27458.182330395248;;;31767;385337
595;ER Reeks 1990-2022 Definitief;2022;523;Methaan;11;Riolering en waterzuiveringsinstallaties;pub_1102;Energiegebruik en processen Riolering en waterzuiveringsinstallaties;RWZI Winsum;229349;594707;;;;;;;;;Lucht;2397.9569125;;;229349;594707
596;ER Reeks 1990-2022 Definitief;2022;523;Methaan;11;Riolering en waterzuiveringsinstallaties;pub_1102;Energiegebruik en processen Riolering en waterzuiveringsinstallaties;RWZI Dreumel;158613;426637;;;;;;;;;Lucht;1170.059475;;;158613;426637
597;ER Reeks 1990-2022 Definitief;2022;523;Methaan;11;Riolering en waterzuiveringsinstallaties;pub_1102;Energiegebruik en processen Riolering en waterzuiveringsinstallaties;RWZI Denekamp;267082;489809;;;;;;;;;Lucht;3125.7252375;;;267082;489809
598;ER Reeks 1990-2022 Definitief;2022;523;Methaan;11;Riolering en waterzuiveringsinstallaties;pub_1102;Energiegebruik en processen Riolering en waterzuiveringsinstallaties;RWZI Huizen;145022;480262;;;;;;;;;Lucht;5142.9966375;;;145022;480262
599;ER Reeks 1990-2022 Definitief;2022;523;Methaan;11;Riolering en waterzuiveringsinstallaties;pub_1102;Energiegebruik en processen Riolering en waterzuiveringsinstallaties;RWZI Joure;180175;554015;;;;;;;;;Lucht;7667.99115;;;180175;554015
600;ER Reeks 1990-2022 Definitief;2022;523;Methaan;11;Riolering en waterzuiveringsinstallaties;pub_1102;Energiegebruik en processen Riolering en waterzuiveringsinstallaties;RWZI Hessenpoort;207700;505031;;;;;;;;;Lucht;2116.44675;;;207700;505031
601;ER Reeks 1990-2022 Definitief;2022;523;Methaan;11;Riolering en waterzuiveringsinstallaties;pub_1102;Energiegebruik en processen Riolering en waterzuiveringsinstallaties;RWZI Willem Annapolder;54023;385562;;;;;;;;;Lucht;18691.8349470217;;;54023;385562
602;ER Reeks 1990-2022 Definitief;2022;523;Methaan;11;Riolering en waterzuiveringsinstallaties;pub_1102;Energiegebruik en processen Riolering en waterzuiveringsinstallaties;RWZI Rotterdam-Hoogvliet;82529;432268;;;;;;;;;Lucht;13069.503;;;82529;432268
603;ER Reeks 1990-2022 Definitief;2022;523;Methaan;11;Riolering en waterzuiveringsinstallaties;pub_1102;Energiegebruik en processen Riolering en waterzuiveringsinstallaties;RWZI Varsseveld;228600;441200;;;;;;;;;Lucht;2656.1717;;;228600;441200
604;ER Reeks 1990-2022 Definitief;2022;523;Methaan;11;Riolering en waterzuiveringsinstallaties;pub_1102;Energiegebruik en processen Riolering en waterzuiveringsinstallaties;RWZI Assen;234715;557817;;;;;;;;;Lucht;15412.956752861;;;234715;557817
605;ER Reeks 1990-2022 Definitief;2022;523;Methaan;11;Riolering en waterzuiveringsinstallaties;pub_1102;Energiegebruik en processen Riolering en waterzuiveringsinstallaties;RWZI Alblasserdam;105800;429300;;;;;;;;;Lucht;7077.2251875;;;105800;429300
606;ER Reeks 1990-2022 Definitief;2022;523;Methaan;11;Riolering en waterzuiveringsinstallaties;pub_1102;Energiegebruik en processen Riolering en waterzuiveringsinstallaties;RWZI Alphen aan den Rijn-Noord;106240;461275;;;;;;;;;Lucht;8605.7209125;;;106240;461275
607;ER Reeks 1990-2022 Definitief;2022;523;Methaan;11;Riolering en waterzuiveringsinstallaties;pub_1102;Energiegebruik en processen Riolering en waterzuiveringsinstallaties;RWZI Westerschouwen;42700;412500;;;;;;;;;Lucht;3420.7674625;;;42700;412500
608;ER Reeks 1990-2022 Definitief;2022;523;Methaan;11;Riolering en waterzuiveringsinstallaties;pub_1102;Energiegebruik en processen Riolering en waterzuiveringsinstallaties;RWZI Bodegraven;110299;455105;;;;;;;;;Lucht;9821.8881375;;;110299;455105
609;ER Reeks 1990-2022 Definitief;2022;523;Methaan;11;Riolering en waterzuiveringsinstallaties;pub_1102;Energiegebruik en processen Riolering en waterzuiveringsinstallaties;RWZI Heiloo;109900;512100;;;;;;;;;Lucht;7927.67793252167;;;109900;512100
610;ER Reeks 1990-2022 Definitief;2022;523;Methaan;11;Riolering en waterzuiveringsinstallaties;pub_1102;Energiegebruik en processen Riolering en waterzuiveringsinstallaties;RWZI Beverwijk;106175;498741;;;;;;;;;Lucht;37768.1699486057;;;106175;498741
611;ER Reeks 1990-2022 Definitief;2022;523;Methaan;5;Energiesector;pub_0502;Olie- gaswinning land;Gasunie Vilsteren/Ommen;221116;501184;221116.0;501184.0;13.0;;;15.75;;8.463;Lucht;51.0;221116.0;501184.0;221116;501184
612;ER Reeks 1990-2022 Definitief;2022;523;Methaan;5;Energiesector;pub_0503;Opwekking electriciteit;Nuon Power IJmond 1;101894;498859;101900.0;498870.0;68.0;;;28.0;;58.473;Lucht;312.7000000000002;101900.0;498870.0;101894;498859
613;ER Reeks 1990-2022 Definitief;2022;523;Methaan;5;Energiesector;pub_0502;Olie- gaswinning land;Gasunie (Zweekhorst);202845;441955;203000.0;442080.0;20.0;;;19.13;;30.391;Lucht;109.0;203000.0;442080.0;202845;441955
614;ER Reeks 1990-2022 Definitief;2022;523;Methaan;5;Energiesector;pub_0503;Opwekking electriciteit;E.on Schenkkade;82782;454755;82782.0;454755.0;40.0;;;0.0;;1.664;Lucht;138.6;82782.0;454755.0;82782;454755
615;ER Reeks 1990-2022 Definitief;2022;523;Methaan;5;Energiesector;pub_0503;Opwekking electriciteit;Eneco Solar. Bio & Hydro / HWC Ypenburg;84489;451037;84493.0;451045.0;15.0;;;0.33;;0.194;Lucht;50.22;84493.0;451045.0;84489;451037
616;ER Reeks 1990-2022 Definitief;2022;523;Methaan;5;Energiesector;pub_0502;Olie- gaswinning land;Gasunie (Wieringermeer);132250;530325;132281.0;530101.0;11.0;;;11.0;;3.016;Lucht;1.0;132281.0;530101.0;132250;530325
617;ER Reeks 1990-2022 Definitief;2022;523;Methaan;5;Energiesector;pub_0503;Opwekking electriciteit;Enecogen VOF;66120;441896;66023.0;441751.0;55.0;;;2.0;;0.134;Lucht;256.2;66023.0;441751.0;66120;441896
618;ER Reeks 1990-2022 Definitief;2022;523;Methaan;5;Energiesector;pub_0502;Olie- gaswinning land;Gasunie (Ravenstein);173928;421577;173928.0;421577.0;15.0;;;0.2;;2.274;Lucht;150.0;173928.0;421577.0;173928;421577
619;ER Reeks 1990-2022 Definitief;2022;523;Methaan;5;Energiesector;pub_0503;Opwekking electriciteit;E.on Schenkkade;82782;454755;82782.0;454755.0;40.0;;;0.0;;1.664;Lucht;105.0;82782.0;454755.0;82782;454755
620;ER Reeks 1990-2022 Definitief;2022;523;Methaan;5;Energiesector;pub_0502;Olie- gaswinning land;Gasunie Vilsteren/Ommen;221116;501184;221116.0;501184.0;13.0;;;15.75;;10.978;Lucht;4.0;221116.0;501184.0;221116;501184
621;ER Reeks 1990-2022 Definitief;2022;523;Methaan;5;Energiesector;pub_0503;Opwekking electriciteit;Eneco Solar. Bio & Hydro BV. WKC Ypenburg;85471;452540;85455.0;452580.0;20.0;;;0.28;;0.2964;Lucht;570.0;85455.0;452580.0;85471;452540
622;ER Reeks 1990-2022 Definitief;2022;523;Methaan;4;Raffinaderijen;pub_0401;Raffinage en verwerking;Shell Nederland Raffinaderij BV;82574;432924;82830.0;432370.0;75.0;;;0.95;;0.359;Lucht;73.0;82830.0;432370.0;82574;432924
623;ER Reeks 1990-2022 Definitief;2022;523;Methaan;4;Raffinaderijen;pub_0401;Raffinage en verwerking;BP Rotterdam Refinery;67036;440390;67377.0;440268.0;37.0;;;0.8;;0.71;Lucht;138.6;67377.0;440268.0;67036;440390
624;ER Reeks 1990-2022 Definitief;2022;523;Methaan;4;Raffinaderijen;pub_0401;Raffinage en verwerking;Esso Nederland BV (Raffinaderij Rotterdam);79871;432082;79566.0;432144.0;125.0;;;3.941;;4.299;Lucht;1447.7999999999995;79566.0;432144.0;79871;432082
625;ER Reeks 1990-2022 Definitief;2022;523;Methaan;4;Raffinaderijen;pub_0401;Raffinage en verwerking;BP Rotterdam Refinery;67036;440390;67100.0;440670.0;92.0;;;0.65;;7.4;Lucht;16302.6;67100.0;440670.0;67036;440390
626;ER Reeks 1990-2022 Definitief;2022;523;Methaan;9;Afvalverwijdering;pub_0901;AVI's;ARN B.V.;183067;428715;183050.0;428630.0;5.0;;;0.0;;0.995;Lucht;30.96;183050.0;428630.0;183067;428715
627;ER Reeks 1990-2022 Definitief;2022;523;Methaan;9;Afvalverwijdering;pub_0901;AVI's;AVR Afvalverwerking BV (Duiven);197134;442636;197134.0;442636.0;90.0;;;2.54;;1.97;Lucht;483.192;197134.0;442636.0;197134;442636
628;ER Reeks 1990-2022 Definitief;2022;523;Methaan;9;Afvalverwijdering;pub_0901;AVI's;Afval Energie Bedrijf (Amsterdam);114552;490378;114450.0;490500.0;100.0;;;12.32;;3.201;Lucht;900.0;114450.0;490500.0;114552;490378
629;ER Reeks 1990-2022 Definitief;2022;523;Methaan;2;Overige industrie;pub_0216;Voedings- en genotmiddelenindustrie;FrieslandCampina Veghel (DMV International);164550;402920;164650.0;402900.0;30.0;;;0.0;;0.127;Lucht;820.2;164650.0;402900.0;164550;402920
630;ER Reeks 1990-2022 Definitief;2022;523;Methaan;2;Overige industrie;pub_0216;Voedings- en genotmiddelenindustrie;Mead Johnson BV;184009;428432;183959.0;428437.0;30.0;0.0;0.0;0.5;0.0;0.055;Lucht;164.4;183959.0;428437.0;184009;428432
631;ER Reeks 1990-2022 Definitief;2022;523;Methaan;2;Overige industrie;pub_0216;Voedings- en genotmiddelenindustrie;Heineken Nederland BV (Zoeterwoude);97050;461400;97070.0;461444.0;20.0;;;0.8;;0.875;Lucht;120.0000000000003;97070.0;461444.0;97050;461400
632;ER Reeks 1990-2022 Definitief;2022;523;Methaan;2;Overige industrie;pub_0216;Voedings- en genotmiddelenindustrie;Archer Daniels Midland Europoort BV (ADM);68067;441593;68200.0;442200.0;30.0;;;1.91;;2.4674;Lucht;4398.0;68200.0;442200.0;68067;441593
633;ER Reeks 1990-2022 Definitief;2022;523;Methaan;2;Overige industrie;pub_0203;Bouwmaterialenindustrie;Electric Glass Fiber NL BV;241450;577380;241450.0;577380.0;14.0;;;0.0;;0.142;Lucht;172.0;241450.0;577380.0;241450;577380
634;ER Reeks 1990-2022 Definitief;2022;523;Methaan;2;Overige industrie;pub_0216;Voedings- en genotmiddelenindustrie;Avebe u.a. (Gasselternijveen);254450;556800;254442.0;556854.0;20.0;;;0.0;;0.021;Lucht;39.42;254442.0;556854.0;254450;556800
635;ER Reeks 1990-2022 Definitief;2022;523;Methaan;2;Overige industrie;pub_0211;Papier(waren);Stora Enso De Hoop B.V.;200743;456801;200743.0;456801.0;4.0;0.0;0.0;0.8;0.0;1.3;Lucht;69.0;200743.0;456801.0;200743;456801
636;ER Reeks 1990-2022 Definitief;2022;523;Methaan;2;Overige industrie;pub_0216;Voedings- en genotmiddelenindustrie;DSM Delft Permit BV;83500;448300;83500.0;448300.0;30.0;;;1.0;;2.0;Lucht;178.0;83500.0;448300.0;83500;448300
637;ER Reeks 1990-2022 Definitief;2022;523;Methaan;2;Overige industrie;pub_0211;Papier(waren);Stora Enso De Hoop B.V.;200743;456801;200743.0;456801.0;4.0;0.0;0.0;0.8;0.0;1.3;Lucht;65.4;200743.0;456801.0;200743;456801
638;ER Reeks 1990-2022 Definitief;2022;523;Methaan;2;Overige industrie;pub_0201;Basismetaal;Tata Steel IJmuiden BV;100985;499055;100551.0;499021.0;61.0;;;0.19625;;0.455;Lucht;8.0133782;100551.0;499021.0;100985;499055
639;ER Reeks 1990-2022 Definitief;2022;523;Methaan;2;Overige industrie;pub_0216;Voedings- en genotmiddelenindustrie;Avebe u.a. (Gasselternijveen);254450;556800;254450.0;556800.0;5.0;;;0.0;;0.0;Lucht;195.006;254450.0;556800.0;254450;556800
640;ER Reeks 1990-2022 Definitief;2022;523;Methaan;2;Overige industrie;pub_0201;Basismetaal;Aurubis Netherlands B.V.;211100;463650;210970.0;463700.0;16.0;;;0.0;;0.0;Lucht;49.2;210970.0;463700.0;211100;463650
641;ER Reeks 1990-2022 Definitief;2022;523;Methaan;2;Overige industrie;pub_0216;Voedings- en genotmiddelenindustrie;Avebe u.a. (Gasselternijveen);254450;556800;254450.0;556800.0;7.0;;;0.0;;0.087;Lucht;49.5;254450.0;556800.0;254450;556800
642;ER Reeks 1990-2022 Definitief;2022;523;Methaan;2;Overige industrie;pub_0201;Basismetaal;Tata Steel IJmuiden BV;100985;499055;101716.0;499636.0;12.0;;;0.5024;;0.016;Lucht;399.5;101716.0;499636.0;100985;499055
643;ER Reeks 1990-2022 Definitief;2022;523;Methaan;2;Overige industrie;pub_0211;Papier(waren);ESKA Graphic Board BV (Hoogezand);246200;575950;246380.0;575780.0;12.0;;;3.0;;1.0;Lucht;3.67080124869333;246380.0;575780.0;246200;575950
644;ER Reeks 1990-2022 Definitief;2022;523;Methaan;2;Overige industrie;pub_0201;Basismetaal;Tata Steel IJmuiden BV;100985;499055;103152.0;499459.0;50.0;;;1.76625;;1.457;Lucht;254.796;103152.0;499459.0;100985;499055
645;ER Reeks 1990-2022 Definitief;2022;523;Methaan;2;Overige industrie;pub_0201;Basismetaal;Tata Steel IJmuiden BV;100985;499055;103115.0;501229.0;27.0;9.0;9.0;78.5;;0.26;Lucht;0.8909;103115.0;501229.0;100985;499055
646;ER Reeks 1990-2022 Definitief;2022;523;Methaan;2;Overige industrie;pub_0201;Basismetaal;Tata Steel IJmuiden BV;100985;499055;102819.0;501329.0;48.0;;;2.5434;;3.167;Lucht;9.12346995;102819.0;501329.0;100985;499055
647;ER Reeks 1990-2022 Definitief;2022;523;Methaan;2;Overige industrie;pub_0210;Metaalelektro;Damen Schelde Naval Shipbuilding B.V. en Scheldepoort B.V;35794;387217;35899.0;387100.0;4.0;;;0.0;;0.4;Lucht;42.24;35899.0;387100.0;35794;387217
648;ER Reeks 1990-2022 Definitief;2022;523;Methaan;2;Overige industrie;pub_0201;Basismetaal;Tata Steel IJmuiden BV;100985;499055;101321.0;499077.0;42.0;;;7.065;;12.192;Lucht;41.31297195000003;101321.0;499077.0;100985;499055
649;ER Reeks 1990-2022 Definitief;2022;523;Methaan;2;Overige industrie;pub_0216;Voedings- en genotmiddelenindustrie;Sime Darby Unimills B.V.;103500;424600;103543.0;424537.0;30.0;0.0;0.0;0.0;;1.582;Lucht;3102.0;103543.0;424537.0;103500;424600
650;ER Reeks 1990-2022 Definitief;2022;523;Methaan;2;Overige industrie;pub_0211;Papier(waren);Stora Enso De Hoop B.V.;200743;456801;200743.0;456801.0;4.0;;;0.8;;1.3;Lucht;69.6;200743.0;456801.0;200743;456801
651;ER Reeks 1990-2022 Definitief;2022;523;Methaan;2;Overige industrie;pub_0216;Voedings- en genotmiddelenindustrie;Bunge Netherlands BV (Soja);119443;490547;119400.0;490500.0;16.0;;;0.0;;3.4595;Lucht;5796.06;119400.0;490500.0;119443;490547
652;ER Reeks 1990-2022 Definitief;2022;523;Methaan;2;Overige industrie;pub_0201;Basismetaal;Tata Steel IJmuiden BV;100985;499055;101231.0;499772.0;42.0;7.0;7.0;51.50385;;1.391;Lucht;5.8535;101231.0;499772.0;100985;499055
653;ER Reeks 1990-2022 Definitief;2022;523;Methaan;2;Overige industrie;pub_0201;Basismetaal;Aurubis Netherlands B.V.;211100;463650;211073.0;463657.0;16.0;0.0;0.0;0.2;0.0;0.006;Lucht;22.05;211073.0;463657.0;211100;463650
654;ER Reeks 1990-2022 Definitief;2022;523;Methaan;2;Overige industrie;pub_0201;Basismetaal;Tata Steel IJmuiden BV;100985;499055;101244.0;499381.0;1.0;;;1.0;;0.001;Lucht;0.0008336;101244.0;499381.0;100985;499055
655;ER Reeks 1990-2022 Definitief;2022;523;Methaan;2;Overige industrie;pub_0210;Metaalelektro;Scania Production Zwolle BV;201000;503040;200000.0;503040.0;14.0;150.0;150.0;22500.0;;0.001;Lucht;136.8;200000.0;503040.0;201000;503040
656;ER Reeks 1990-2022 Definitief;2022;523;Methaan;2;Overige industrie;pub_0201;Basismetaal;Tata Steel IJmuiden BV;100985;499055;102914.0;501180.0;15.0;;;0.2826;;0.341;Lucht;2.8950533;102914.0;501180.0;100985;499055
657;ER Reeks 1990-2022 Definitief;2022;523;Methaan;2;Overige industrie;pub_0211;Papier(waren);Mayr-Melnhof Eerbeek BV;201330;457510;201330.0;457510.0;25.0;;;0.95;;0.18;Lucht;702.0;201330.0;457510.0;201330;457510
658;ER Reeks 1990-2022 Definitief;2022;523;Methaan;2;Overige industrie;pub_0216;Voedings- en genotmiddelenindustrie;Sonac Vuren BV;134570;427150;134570.0;427150.0;30.0;;;0.0;;1.711;Lucht;1106.0;134570.0;427150.0;134570;427150
659;ER Reeks 1990-2022 Definitief;2022;523;Methaan;2;Overige industrie;pub_0216;Voedings- en genotmiddelenindustrie;FrieslandCampina Veghel (DMV International);164550;402920;164500.0;402950.0;16.0;;;0.0;;0.793;Lucht;1965.0;164500.0;402950.0;164550;402920
660;ER Reeks 1990-2022 Definitief;2022;523;Methaan;2;Overige industrie;pub_0201;Basismetaal;Aurubis Netherlands B.V.;211100;463650;211007.0;463645.0;40.0;0.0;0.0;0.7;0.0;0.403;Lucht;33.3;211007.0;463645.0;211100;463650
661;ER Reeks 1990-2022 Definitief;2022;523;Methaan;2;Overige industrie;pub_0216;Voedings- en genotmiddelenindustrie;Farm Frites BV;70714;426770;70645.0;426740.0;10.0;;;0.78;;0.505;Lucht;1902.0;70645.0;426740.0;70714;426770
662;ER Reeks 1990-2022 Definitief;2022;523;Methaan;6;Verkeer en vervoer;pub_0603;Luchtvaart;Vliegveld Luchthaven Maastricht;181785;324715;;;;;;;;;Lucht;76.24043701725887;;;181785;324715
663;ER Reeks 1990-2022 Definitief;2022;523;Methaan;6;Verkeer en vervoer;pub_0603;Luchtvaart;Vliegveld Ameland;174750;607250;;;;;;;;;Lucht;19.62760119352444;;;174750;607250
664;ER Reeks 1990-2022 Definitief;2022;523;Methaan;6;Verkeer en vervoer;pub_0603;Luchtvaart;Vliegveld Drachten;204750;570750;;;;;;;;;Lucht;7.094440973323279;;;204750;570750
665;ER Reeks 1990-2022 Definitief;2022;523;Methaan;3;Chemische Industrie;pub_0301;Chemische Industrie basisproducten;FMC Chemicals Netherlands BV;260264;592833;260264.0;592833.0;17.0;;;0.57;;0.095;Lucht;3462.0;260264.0;592833.0;260264;592833
666;ER Reeks 1990-2022 Definitief;2022;523;Methaan;3;Chemische Industrie;pub_0301;Chemische Industrie basisproducten;Invista Nederland BV (Rozenburg);77100;433840;77020.0;433840.0;30.0;;;1.0;;0.4;Lucht;397.0;77020.0;433840.0;77100;433840
667;ER Reeks 1990-2022 Definitief;2022;523;Methaan;3;Chemische Industrie;pub_0301;Chemische Industrie basisproducten;Solvay Chemie BV;194887;353181;194730.0;352900.0;15.0;;;0.05;;0.641;Lucht;9.0;194730.0;352900.0;194887;353181
668;ER Reeks 1990-2022 Definitief;2022;523;Methaan;3;Chemische Industrie;pub_0301;Chemische Industrie basisproducten;Kemira Chemicals BV;72350;437418;72350.0;437418.0;9.0;;;0.18;;0.057;Lucht;636.0;72350.0;437418.0;72350;437418
669;ER Reeks 1990-2022 Definitief;2022;523;Methaan;3;Chemische Industrie;pub_0301;Chemische Industrie basisproducten;Indorama Ventures Europe BV;66394;442175;66527.0;441957.0;30.0;;;1.06;;1.48;Lucht;1278.0;66527.0;441957.0;66394;442175
670;ER Reeks 1990-2022 Definitief;2022;523;Methaan;3;Chemische Industrie;pub_0301;Chemische Industrie basisproducten;Allnex Netherlands B.V.;77249;391375;77370.0;391289.0;12.0;0.0;0.0;0.5;0.0;0.179;Lucht;274.8;77370.0;391289.0;77249;391375
671;ER Reeks 1990-2022 Definitief;2022;523;Methaan;3;Chemische Industrie;pub_0301;Chemische Industrie basisproducten;Chemelot Site Permit BV;183732;332404;183390.0;330324.0;5.0;;;0.0;;0.0;Lucht;18.0;183390.0;330324.0;183732;332404
672;ER Reeks 1990-2022 Definitief;2022;523;Methaan;3;Chemische Industrie;pub_0301;Chemische Industrie basisproducten;Tronox Pigments (Holland) BV;78070;434900;78120.0;435022.0;50.0;;;0.5;;0.408;Lucht;453.816;78120.0;435022.0;78070;434900
673;ER Reeks 1990-2022 Definitief;2022;523;Methaan;3;Chemische Industrie;pub_0301;Chemische Industrie basisproducten;Dow Benelux BV (Hoek);43193;373788;43830.0;373480.0;5.0;;;160.0;;0.001;Lucht;120.6;43830.0;373480.0;43193;373788
674;ER Reeks 1990-2022 Definitief;2022;523;Methaan;3;Chemische Industrie;pub_0301;Chemische Industrie basisproducten;Chemelot Site Permit BV;183732;332404;184000.0;333030.0;40.0;;;1.37;;4.677288265;Lucht;81.0;184000.0;333030.0;183732;332404
675;ER Reeks 1990-2022 Definitief;2022;523;Methaan;3;Chemische Industrie;pub_0301;Chemische Industrie basisproducten;Croda;108400;446500;108358.0;446357.0;20.0;;;0.126;;0.018;Lucht;77.8390909110187;108358.0;446357.0;108400;446500
676;ER Reeks 1990-2022 Definitief;2022;523;Methaan;3;Chemische Industrie;pub_0301;Chemische Industrie basisproducten;Chemelot Site Permit BV;183732;332404;184090.0;333110.0;65.0;;;0.71;;0.112051615;Lucht;4114.0;184090.0;333110.0;183732;332404
677;ER Reeks 1990-2022 Definitief;2022;523;Methaan;3;Chemische Industrie;pub_0301;Chemische Industrie basisproducten;Dow Benelux BV (Hoek);43193;373788;42496.0;374398.0;15.0;;;7.0;;0.001;Lucht;0.6;42496.0;374398.0;43193;373788
678;ER Reeks 1990-2022 Definitief;2022;523;Methaan;3;Chemische Industrie;pub_0301;Chemische Industrie basisproducten;Dow Benelux BV (Hoek);43193;373788;42507.0;374557.0;65.0;;;0.3;;0.149;Lucht;725.85;42507.0;374557.0;43193;373788
679;ER Reeks 1990-2022 Definitief;2022;523;Methaan;3;Chemische Industrie;pub_0304;Chemische Industrie overig;Cabot Norit Nederland B.V.;116710;492900;116721.0;492894.0;30.0;;;0.9;;0.66;Lucht;53.091;116721.0;492894.0;116710;492900
680;ER Reeks 1990-2022 Definitief;2022;523;Methaan;3;Chemische Industrie;pub_0301;Chemische Industrie basisproducten;Croda;108400;446500;108572.0;446561.0;20.0;;;0.575;;0.578;Lucht;21.8631890798854;108572.0;446561.0;108400;446500
681;ER Reeks 1990-2022 Definitief;2022;523;Methaan;3;Chemische Industrie;pub_0301;Chemische Industrie basisproducten;Air Products Nederland BV (Botlek);77340;432870;77300.0;432820.0;30.0;;;2.54;;12.6;Lucht;7461.0;77300.0;432820.0;77340;432870
682;ER Reeks 1990-2022 Definitief;2022;523;Methaan;3;Chemische Industrie;pub_0301;Chemische Industrie basisproducten;Eastman Chemical Middelburg BV;33940;390952;34235.0;391270.0;25.0;;;0.99;;2.588;Lucht;62.22;34235.0;391270.0;33940;390952
683;ER Reeks 1990-2022 Definitief;2022;523;Methaan;3;Chemische Industrie;pub_0301;Chemische Industrie basisproducten;Chemelot Site Permit BV;183732;332404;183750.0;329590.0;42.0;;;4.0;;11.10683847;Lucht;929.0;183750.0;329590.0;183732;332404
684;ER Reeks 1990-2022 Definitief;2022;523;Methaan;3;Chemische Industrie;pub_0304;Chemische Industrie overig;Albemarle Catalysts Company B.V.;124570;488620;124150.0;488800.0;13.0;;;0.0;;0.088;Lucht;135.0;124150.0;488800.0;124570;488620
685;ER Reeks 1990-2022 Definitief;2022;523;Methaan;3;Chemische Industrie;pub_0304;Chemische Industrie overig;Cabot Norit Nederland B.V.;116710;492900;116644.0;492920.0;30.0;;;0.5;;0.498;Lucht;17.052;116644.0;492920.0;116710;492900
686;ER Reeks 1990-2022 Definitief;2022;523;Methaan;3;Chemische Industrie;pub_0301;Chemische Industrie basisproducten;Shell Nederland Chemie BV (Moerdijk);97946;411331;97726.0;411506.0;5.0;;;0.0;;0.01;Lucht;686.0;97726.0;411506.0;97946;411331
687;ER Reeks 1990-2022 Definitief;2022;523;Methaan;8;Bouw;pub_0802;Overig bouw;Veolia Industriediensten BV;193118;442151;193777.0;442351.0;7.0;;;0.07;;0.033;Lucht;53.0;193777.0;442351.0;193118;442151
688;ER Reeks 1990-2022 Definitief;2022;523;Methaan;8;Bouw;pub_0802;Overig bouw;Veolia Industriediensten BV;193118;442151;193087.0;442165.0;24.0;;;0.16;;0.041;Lucht;173.0;193087.0;442165.0;193118;442151
689;ER Reeks 1990-2022 Definitief;2022;523;Methaan;12;Handel. Diensten en Overheid (HDO);pub_1201;Energiegebruik en processen Handel. Diensten en Overheid (HDO);Oxea Nederland BV;115320;491100;114286.0;491975.0;11.0;;;0.57;;1.576;Lucht;139.8;114286.0;491975.0;115320;491100
690;ER Reeks 1990-2022 Definitief;2022;523;Methaan;12;Handel. Diensten en Overheid (HDO);pub_1201;Energiegebruik en processen Handel. Diensten en Overheid (HDO);Oxea Nederland BV;115320;491100;114282.0;491986.0;10.0;;;0.24;;0.058;Lucht;97.2;114282.0;491986.0;115320;491100
691;ER Reeks 1990-2022 Definitief;2022;523;Methaan;12;Handel. Diensten en Overheid (HDO);pub_1201;Energiegebruik en processen Handel. Diensten en Overheid (HDO);Caldic Chemie BV;71969;438459;72140.0;438800.0;15.0;;;0.0;;1.7;Lucht;189.6;72140.0;438800.0;71969;438459
692;ER Reeks 1990-2022 Definitief;2022;523;Methaan;12;Handel. Diensten en Overheid (HDO);pub_1201;Energiegebruik en processen Handel. Diensten en Overheid (HDO);Wilmar Oleochemicals BV;77212;433504;76324.0;434350.0;48.0;;;0.02;;0.0;Lucht;606.32;76324.0;434350.0;77212;433504
693;ER Reeks 1990-2022 Definitief;2022;523;Methaan;11;Riolering en waterzuiveringsinstallaties;pub_1102;Energiegebruik en processen Riolering en waterzuiveringsinstallaties;RWZI Nieuwe Waterweg;70200;442700;;;;;;;;;Lucht;29957.5227677562;;;70200;442700
694;ER Reeks 1990-2022 Definitief;2022;523;Methaan;11;Riolering en waterzuiveringsinstallaties;pub_1102;Energiegebruik en processen Riolering en waterzuiveringsinstallaties;RWZI Vroomshoop;235100;496100;;;;;;;;;Lucht;4843.2492625;;;235100;496100
695;ER Reeks 1990-2022 Definitief;2022;523;Methaan;11;Riolering en waterzuiveringsinstallaties;pub_1102;Energiegebruik en processen Riolering en waterzuiveringsinstallaties;RWZI Reeuwijk-Randenburg;105300;452200;;;;;;;;;Lucht;11177.4758125;;;105300;452200
696;ER Reeks 1990-2022 Definitief;2022;523;Methaan;11;Riolering en waterzuiveringsinstallaties;pub_1102;Energiegebruik en processen Riolering en waterzuiveringsinstallaties;RWZI Tiel;158097;436532;;;;;;;;;Lucht;14723.28330256598;;;158097;436532
697;ER Reeks 1990-2022 Definitief;2022;523;Methaan;11;Riolering en waterzuiveringsinstallaties;pub_1102;Energiegebruik en processen Riolering en waterzuiveringsinstallaties;RWZI Wervershoof;138000;527300;;;;;;;;;Lucht;47433.72785;;;138000;527300
698;ER Reeks 1990-2022 Definitief;2022;523;Methaan;11;Riolering en waterzuiveringsinstallaties;pub_1102;Energiegebruik en processen Riolering en waterzuiveringsinstallaties;RWZI Smilde;226700;551000;;;;;;;;;Lucht;1310.8402875;;;226700;551000
699;ER Reeks 1990-2022 Definitief;2022;523;Methaan;11;Riolering en waterzuiveringsinstallaties;pub_1102;Energiegebruik en processen Riolering en waterzuiveringsinstallaties;AWZI Middelharnis;71600;420700;;;;;;;;;Lucht;8580.821625;;;71600;420700
700;ER Reeks 1990-2022 Definitief;2022;523;Methaan;11;Riolering en waterzuiveringsinstallaties;pub_1102;Energiegebruik en processen Riolering en waterzuiveringsinstallaties;RWZI Nieuwegein;133256;446219;;;;;;;;;Lucht;20401.06806586358;;;133256;446219
701;ER Reeks 1990-2022 Definitief;2022;523;Methaan;11;Riolering en waterzuiveringsinstallaties;pub_1102;Energiegebruik en processen Riolering en waterzuiveringsinstallaties;RWZI De Meern;128591;455800;;;;;;;;;Lucht;7027.1197875;;;128591;455800
702;ER Reeks 1990-2022 Definitief;2022;523;Methaan;11;Riolering en waterzuiveringsinstallaties;pub_1102;Energiegebruik en processen Riolering en waterzuiveringsinstallaties;RWZI Driebergen;146271;450874;;;;;;;;;Lucht;5813.929175;;;146271;450874
703;ER Reeks 1990-2022 Definitief;2022;523;Methaan;11;Riolering en waterzuiveringsinstallaties;pub_1102;Energiegebruik en processen Riolering en waterzuiveringsinstallaties;RWZI Dinther;164847;405339;;;;;;;;;Lucht;39312.1135625;;;164847;405339
704;ER Reeks 1990-2022 Definitief;2022;523;Methaan;11;Riolering en waterzuiveringsinstallaties;pub_1102;Energiegebruik en processen Riolering en waterzuiveringsinstallaties;RWZI Zetten;177316;438939;;;;;;;;;Lucht;867.0163875;;;177316;438939
705;ER Reeks 1990-2022 Definitief;2022;523;Methaan;11;Riolering en waterzuiveringsinstallaties;pub_1102;Energiegebruik en processen Riolering en waterzuiveringsinstallaties;AWZI Almere;145400;490200;;;;;;;;;Lucht;35833.3649625;;;145400;490200
706;ER Reeks 1990-2022 Definitief;2022;523;Methaan;11;Riolering en waterzuiveringsinstallaties;pub_1102;Energiegebruik en processen Riolering en waterzuiveringsinstallaties;RWZI Vollenhove;192970;520574;;;;;;;;;Lucht;968.47725;;;192970;520574
707;ER Reeks 1990-2022 Definitief;2022;523;Methaan;11;Riolering en waterzuiveringsinstallaties;pub_1102;Energiegebruik en processen Riolering en waterzuiveringsinstallaties;RWZI Bellingwolde;274900;573000;;;;;;;;;Lucht;700.692;;;274900;573000
708;ER Reeks 1990-2022 Definitief;2022;523;Methaan;11;Riolering en waterzuiveringsinstallaties;pub_1102;Energiegebruik en processen Riolering en waterzuiveringsinstallaties;RWZI Leidsche Rijn;131118;458344;;;;;;;;;Lucht;32714.8254375;;;131118;458344
709;ER Reeks 1990-2022 Definitief;2022;523;Methaan;11;Riolering en waterzuiveringsinstallaties;pub_1102;Energiegebruik en processen Riolering en waterzuiveringsinstallaties;RWZI Hapert;144800;376500;;;;;;;;;Lucht;6815.5054;;;144800;376500
710;ER Reeks 1990-2022 Definitief;2022;523;Methaan;11;Riolering en waterzuiveringsinstallaties;pub_1102;Energiegebruik en processen Riolering en waterzuiveringsinstallaties;RWZI Oijen;161967;424820;;;;;;;;;Lucht;43615.1175625;;;161967;424820
711;ER Reeks 1990-2022 Definitief;2022;523;Methaan;11;Riolering en waterzuiveringsinstallaties;pub_1102;Energiegebruik en processen Riolering en waterzuiveringsinstallaties;RWZI Vlieland;134400;590000;;;;;;;;;Lucht;85.01635;;;134400;590000
712;ER Reeks 1990-2022 Definitief;2022;523;Methaan;11;Riolering en waterzuiveringsinstallaties;pub_1102;Energiegebruik en processen Riolering en waterzuiveringsinstallaties;RWZI Everstekoog;114000;565700;;;;;;;;;Lucht;5055.5587625;;;114000;565700
713;ER Reeks 1990-2022 Definitief;2022;523;Methaan;11;Riolering en waterzuiveringsinstallaties;pub_1102;Energiegebruik en processen Riolering en waterzuiveringsinstallaties;RWZI Dieverbrug;218700;540200;;;;;;;;;Lucht;4410.1345125;;;218700;540200
714;ER Reeks 1990-2022 Definitief;2022;523;Methaan;11;Riolering en waterzuiveringsinstallaties;pub_1102;Energiegebruik en processen Riolering en waterzuiveringsinstallaties;RWZI Barendrecht;95042;428221;;;;;;;;;Lucht;6696.6566;;;95042;428221
715;ER Reeks 1990-2022 Definitief;2022;523;Methaan;11;Riolering en waterzuiveringsinstallaties;pub_1102;Energiegebruik en processen Riolering en waterzuiveringsinstallaties;RWZI Culemborg;144632;439008;;;;;;;;;Lucht;6641.873025;;;144632;439008
716;ER Reeks 1990-2022 Definitief;2022;523;Methaan;11;Riolering en waterzuiveringsinstallaties;pub_1102;Energiegebruik en processen Riolering en waterzuiveringsinstallaties;RWZI Wehe den Hoorn;223400;598400;;;;;;;;;Lucht;804.5597875;;;223400;598400
717;ER Reeks 1990-2022 Definitief;2022;523;Methaan;11;Riolering en waterzuiveringsinstallaties;pub_1102;Energiegebruik en processen Riolering en waterzuiveringsinstallaties;RWZI Haarlem-Schalkwijk;106000;487000;;;;;;;;;Lucht;1025.0470125;;;106000;487000
718;ER Reeks 1990-2022 Definitief;2022;523;Methaan;11;Riolering en waterzuiveringsinstallaties;pub_1102;Energiegebruik en processen Riolering en waterzuiveringsinstallaties;RWZI Maastricht-Bosscherveld;175791;319433;;;;;;;;;Lucht;15351.4832;;;175791;319433
719;ER Reeks 1990-2022 Definitief;2022;523;Methaan;11;Riolering en waterzuiveringsinstallaties;pub_1102;Energiegebruik en processen Riolering en waterzuiveringsinstallaties;RWZI Meijel;188600;373400;;;;;;;;;Lucht;922.0954125;;;188600;373400
720;ER Reeks 1990-2022 Definitief;2022;523;Methaan;11;Riolering en waterzuiveringsinstallaties;pub_1102;Energiegebruik en processen Riolering en waterzuiveringsinstallaties;RWZI Kerkwerve;50242;411049;;;;;;;;;Lucht;4325.1953625;;;50242;411049
721;ER Reeks 1990-2022 Definitief;2022;523;Methaan;11;Riolering en waterzuiveringsinstallaties;pub_1102;Energiegebruik en processen Riolering en waterzuiveringsinstallaties;RWZI Drachten;200040;569754;;;;;;;;;Lucht;17502.3592181968;;;200040;569754
722;ER Reeks 1990-2022 Definitief;2022;523;Methaan;11;Riolering en waterzuiveringsinstallaties;pub_1102;Energiegebruik en processen Riolering en waterzuiveringsinstallaties;RWZI Breedeweg;194002;419037;;;;;;;;;Lucht;3177.590975;;;194002;419037
723;ER Reeks 1990-2022 Definitief;2022;523;Methaan;11;Riolering en waterzuiveringsinstallaties;pub_1102;Energiegebruik en processen Riolering en waterzuiveringsinstallaties;RWZI Wehl;211600;442600;;;;;;;;;Lucht;1784.6833875;;;211600;442600
724;ER Reeks 1990-2022 Definitief;2022;523;Methaan;5;Energiesector;pub_0503;Opwekking electriciteit;Nuon Power Projects 1 BV (Eemshaven);252795;607838;252441.0;608022.0;85.0;;;37.4;;20.905;Lucht;450.0;252441.0;608022.0;252795;607838
725;ER Reeks 1990-2022 Definitief;2022;523;Methaan;5;Energiesector;pub_0503;Opwekking electriciteit;E.On Generations Den Haag;79821;454750;79815.0;454735.0;84.0;;;8.6;;5.9;Lucht;9360.0;79815.0;454735.0;79821;454750
726;ER Reeks 1990-2022 Definitief;2022;523;Methaan;5;Energiesector;pub_0503;Opwekking electriciteit;Uniper Centrale RoCa;98212;440895;98251.0;440896.0;60.0;;;8.0;;8.717;Lucht;798.0;98251.0;440896.0;98212;440895
727;ER Reeks 1990-2022 Definitief;2022;523;Methaan;5;Energiesector;pub_0503;Opwekking electriciteit;Eneco Bio Golden Raand;261424;592709;261337.0;592991.0;80.0;;;3.6287;;9.127;Lucht;408.0;261337.0;592991.0;261424;592709
728;ER Reeks 1990-2022 Definitief;2022;523;Methaan;5;Energiesector;pub_0502;Olie- gaswinning land;Gasunie Vilsteren/Ommen;221116;501184;221116.0;501184.0;17.0;;;9.0;;20.664267;Lucht;5.0;221116.0;501184.0;221116;501184
729;ER Reeks 1990-2022 Definitief;2022;523;Methaan;5;Energiesector;pub_0502;Olie- gaswinning land;Gasunie (Wieringermeer);132250;530325;132263.0;529998.0;17.0;;;1.3;;6.274;Lucht;13820.0;132263.0;529998.0;132250;530325
730;ER Reeks 1990-2022 Definitief;2022;523;Methaan;5;Energiesector;pub_0502;Olie- gaswinning land;Ondergrondse aardgasopslag Zuidwending;258576;567374;258576.0;567374.0;5.0;;;;;0.0;Lucht;5048.0;258576.0;567374.0;258576;567374
731;ER Reeks 1990-2022 Definitief;2022;523;Methaan;5;Energiesector;pub_0503;Opwekking electriciteit;E.on Schenkkade;82782;454755;82782.0;454755.0;40.0;;;0.0;;1.664;Lucht;126.6;82782.0;454755.0;82782;454755
732;ER Reeks 1990-2022 Definitief;2022;523;Methaan;5;Energiesector;pub_0502;Olie- gaswinning land;Gasunie (Wieringermeer);132250;530325;132277.0;529997.0;17.0;;;1.3;;6.378;Lucht;12493.0;132277.0;529997.0;132250;530325
733;ER Reeks 1990-2022 Definitief;2022;523;Methaan;5;Energiesector;pub_0502;Olie- gaswinning land;Gasunie (Beverwijk);108327;500235;108415.0;500241.0;12.0;;;0.79;;3.863;Lucht;3.0;108415.0;500241.0;108327;500235
734;ER Reeks 1990-2022 Definitief;2022;523;Methaan;5;Energiesector;pub_0502;Olie- gaswinning land;Gasunie (Spijk);253587;603833;253587.0;603833.0;5.0;;;0.0;;0.0;Lucht;91512.0;253587.0;603833.0;253587;603833
735;ER Reeks 1990-2022 Definitief;2022;523;Methaan;5;Energiesector;pub_0502;Olie- gaswinning land;Gasunie (Spijk);253587;603833;253565.0;603867.0;14.0;;;0.4;;1.765179;Lucht;171.0;253565.0;603867.0;253587;603833
736;ER Reeks 1990-2022 Definitief;2022;523;Methaan;5;Energiesector;pub_0503;Opwekking electriciteit;E.on Schenkkade;82782;454755;82782.0;454755.0;40.0;;;0.0;;1.65347;Lucht;48.12;82782.0;454755.0;82782;454755
737;ER Reeks 1990-2022 Definitief;2022;523;Methaan;5;Energiesector;pub_0502;Olie- gaswinning land;Gasunie LNG;64259;440368;64259.0;440368.0;5.0;;;;;0.0;Lucht;303226.0;64259.0;440368.0;64259;440368
738;ER Reeks 1990-2022 Definitief;2022;523;Methaan;5;Energiesector;pub_0502;Olie- gaswinning land;Gasunie (Spijk);253587;603833;253583.0;603881.0;14.0;;;0.4;;1.417;Lucht;1063.0;253583.0;603881.0;253587;603833
739;ER Reeks 1990-2022 Definitief;2022;523;Methaan;5;Energiesector;pub_0503;Opwekking electriciteit;Nuon Power Generation BV (Diemen);130055;483500;130165.0;483493.0;60.0;;;58.0;;43.519;Lucht;1000.0;130165.0;483493.0;130055;483500
740;ER Reeks 1990-2022 Definitief;2022;523;Methaan;5;Energiesector;pub_0502;Olie- gaswinning land;Gasunie (Ravenstein);173928;421577;173928.0;421577.0;13.0;;;11.67;;14.253;Lucht;60.0;173928.0;421577.0;173928;421577
741;ER Reeks 1990-2022 Definitief;2022;523;Methaan;4;Raffinaderijen;pub_0401;Raffinage en verwerking;Shell Nederland Raffinaderij BV;82574;432924;82600.0;433200.0;80.0;;;0.2;;0.3;Lucht;110001.0000000001;82600.0;433200.0;82574;432924
742;ER Reeks 1990-2022 Definitief;2022;523;Methaan;4;Raffinaderijen;pub_0401;Raffinage en verwerking;Esso Nederland BV (Raffinaderij Rotterdam);79871;432082;80024.0;432333.0;90.0;;;13.332;;14.805;Lucht;2818.2000000000025;80024.0;432333.0;79871;432082
743;ER Reeks 1990-2022 Definitief;2022;523;Methaan;4;Raffinaderijen;pub_0401;Raffinage en verwerking;Esso Nederland BV (Raffinaderij Rotterdam);79871;432082;79496.0;431932.0;68.0;;;7.86;;3.758;Lucht;1070.9999999999952;79496.0;431932.0;79871;432082
744;ER Reeks 1990-2022 Definitief;2022;523;Methaan;4;Raffinaderijen;pub_0401;Raffinage en verwerking;BP Rotterdam Refinery;67036;440390;66959.0;439941.0;55.0;;;3.0;;5.15;Lucht;2197.2;66959.0;439941.0;67036;440390
745;ER Reeks 1990-2022 Definitief;2022;523;Methaan;4;Raffinaderijen;pub_0401;Raffinage en verwerking;Shell Nederland Raffinaderij BV;82574;432924;83060.0;433140.0;130.0;;;0.0;;3.14;Lucht;1178.0;83060.0;433140.0;82574;432924
746;ER Reeks 1990-2022 Definitief;2022;523;Methaan;4;Raffinaderijen;pub_0401;Raffinage en verwerking;BP Rotterdam Refinery;67036;440390;66931.0;439937.0;38.0;;;2.5;;0.515;Lucht;305.4;66931.0;439937.0;67036;440390
747;ER Reeks 1990-2022 Definitief;2022;523;Methaan;9;Afvalverwijdering;pub_0901;AVI's;GMB Slibverwerking Zutphen BV;210294;463909;210294.0;463909.0;125.0;;;3.5;;1.122;Lucht;65437.0;210294.0;463909.0;210294;463909
748;ER Reeks 1990-2022 Definitief;2022;523;Methaan;9;Afvalverwijdering;pub_0901;AVI's;Inter-Che-M BV;178673;429681;178830.0;429701.0;10.0;;;0.0314;;0.043;Lucht;1.944;178830.0;429701.0;178673;429681
749;ER Reeks 1990-2022 Definitief;2022;523;Methaan;9;Afvalverwijdering;pub_0901;AVI's;Reststoffen Energie Centrale (REC);157800;578200;157800.0;578200.0;44.0;;;5.0;;10.757;Lucht;517.8000000000002;157800.0;578200.0;157800;578200
750;ER Reeks 1990-2022 Definitief;2022;523;Methaan;9;Afvalverwijdering;pub_0901;AVI's;Twence BV Boeldershoek;250428;472719;250428.0;472719.0;80.0;;;5.31;;13.641;Lucht;571.019272240853;250428.0;472719.0;250428;472719
751;ER Reeks 1990-2022 Definitief;2022;523;Methaan;9;Afvalverwijdering;pub_0901;AVI's;Attero BV (Moerdijk);99289;410805;99293.0;410804.0;80.0;;;3.94;;3.368;Lucht;459.048389841103;99293.0;410804.0;99289;410805
752;ER Reeks 1990-2022 Definitief;2022;523;Methaan;9;Afvalverwijdering;pub_0901;AVI's;Attero BV (Moerdijk);99289;410805;99293.0;410804.0;80.0;;;3.94;;7.731;Lucht;546.785170064163;99293.0;410804.0;99289;410805
753;ER Reeks 1990-2022 Definitief;2022;523;Methaan;2;Overige industrie;pub_0216;Voedings- en genotmiddelenindustrie;FrieslandCampina Cheese Steenderen;210530;452620;210530.0;452620.0;8.0;;;0.44;;0.15;Lucht;370.2;210530.0;452620.0;210530;452620
754;ER Reeks 1990-2022 Definitief;2022;523;Methaan;2;Overige industrie;pub_0210;Metaalelektro;DAF Trucks N.V.;164080;382500;164275.0;382399.0;13.0;;;0.32;;0.678;Lucht;165.6;164275.0;382399.0;164080;382500
755;ER Reeks 1990-2022 Definitief;2022;523;Methaan;2;Overige industrie;pub_0216;Voedings- en genotmiddelenindustrie;Sime Darby Unimills B.V.;103500;424600;103500.0;424600.0;5.0;;;0.0;;0.0;Lucht;168.6;103500.0;424600.0;103500;424600
756;ER Reeks 1990-2022 Definitief;2022;523;Methaan;2;Overige industrie;pub_0216;Voedings- en genotmiddelenindustrie;Cargill BV (Multiseed);112985;491728;112894.0;491758.0;12.0;;;0.07;;0.058;Lucht;145.8;112894.0;491758.0;112985;491728
757;ER Reeks 1990-2022 Definitief;2022;523;Methaan;2;Overige industrie;pub_0211;Papier(waren);Parenco B.V.;178450;442450;178816.0;442532.0;8.0;0.0;0.0;3.1;0.0;5.8;Lucht;145.74;178816.0;442532.0;178450;442450
758;ER Reeks 1990-2022 Definitief;2022;523;Methaan;2;Overige industrie;pub_0216;Voedings- en genotmiddelenindustrie;FrieslandCampina Veghel (DMV International);164550;402920;164000.0;403000.0;40.0;;;1.0;;0.407;Lucht;709.2;164000.0;403000.0;164550;402920
759;ER Reeks 1990-2022 Definitief;2022;523;Methaan;2;Overige industrie;pub_0216;Voedings- en genotmiddelenindustrie;NV Nutricia Zoetermeer;93800;451400;93800.0;451400.0;5.0;;;0.0;;0.0;Lucht;29.1;93800.0;451400.0;93800;451400
760;ER Reeks 1990-2022 Definitief;2022;523;Methaan;2;Overige industrie;pub_0216;Voedings- en genotmiddelenindustrie;Nestle Nederland BV (Nunspeet);182480;488580;182474.0;488477.0;17.0;;;0.64;;0.1;Lucht;120.0;182474.0;488477.0;182480;488580
761;ER Reeks 1990-2022 Definitief;2022;523;Methaan;2;Overige industrie;pub_0216;Voedings- en genotmiddelenindustrie;Trobas Gelatine BV;122730;403330;122753.0;403203.0;15.0;;;0.44;;0.2;Lucht;56.808;122753.0;403203.0;122730;403330
762;ER Reeks 1990-2022 Definitief;2022;523;Methaan;2;Overige industrie;pub_0216;Voedings- en genotmiddelenindustrie;Avebe u.a. (Gasselternijveen);254450;556800;254450.0;556800.0;7.0;;;0.0;;0.053;Lucht;12.06;254450.0;556800.0;254450;556800
763;ER Reeks 1990-2022 Definitief;2022;523;Methaan;2;Overige industrie;pub_0211;Papier(waren);Parenco B.V.;178450;442450;178533.0;442485.0;24.0;;;1.0;;0.261;Lucht;265.2;178533.0;442485.0;178450;442450
764;ER Reeks 1990-2022 Definitief;2022;523;Methaan;2;Overige industrie;pub_0216;Voedings- en genotmiddelenindustrie;FrieslandCampina Veghel (DMV International);164550;402920;164597.0;403027.0;27.0;;;0.0;;0.222;Lucht;398.4;164597.0;403027.0;164550;402920
765;ER Reeks 1990-2022 Definitief;2022;523;Methaan;2;Overige industrie;pub_0201;Basismetaal;Tata Steel IJmuiden BV;100985;499055;100771.0;499230.0;28.0;;;12.56;;9.388;Lucht;1100.0;100771.0;499230.0;100985;499055
766;ER Reeks 1990-2022 Definitief;2022;523;Methaan;2;Overige industrie;pub_0216;Voedings- en genotmiddelenindustrie;Suiker Unie Vierverlaten;229011;581366;229000.0;581420.0;30.0;;;0.0;;2.25;Lucht;259.38;229000.0;581420.0;229011;581366
767;ER Reeks 1990-2022 Definitief;2022;523;Methaan;2;Overige industrie;pub_0201;Basismetaal;Tata Steel IJmuiden BV;100985;499055;103115.0;501229.0;27.0;9.0;9.0;78.5;;0.26;Lucht;20.6045;103115.0;501229.0;100985;499055
768;ER Reeks 1990-2022 Definitief;2022;523;Methaan;2;Overige industrie;pub_0211;Papier(waren);Smurfit Kappa Solid Board Coevorden;246400;519750;246400.0;519750.0;12.0;;;1.3;;0.38;Lucht;14700.0;246400.0;519750.0;246400;519750
769;ER Reeks 1990-2022 Definitief;2022;523;Methaan;2;Overige industrie;pub_0216;Voedings- en genotmiddelenindustrie;DSM Delft Permit BV;83500;448300;83760.0;448257.0;50.0;;;0.0;;2.5;Lucht;121.0;83760.0;448257.0;83500;448300
770;ER Reeks 1990-2022 Definitief;2022;523;Methaan;2;Overige industrie;pub_0210;Metaalelektro;DAF Trucks N.V.;164080;382500;164350.0;382310.0;10.0;;;1.5;;0.078;Lucht;272.4;164350.0;382310.0;164080;382500
771;ER Reeks 1990-2022 Definitief;2022;523;Methaan;2;Overige industrie;pub_0211;Papier(waren);Sappi Maastricht BV;176620;318700;176620.0;318700.0;5.0;;;0.0;;0.0;Lucht;33.42;176620.0;318700.0;176620;318700
772;ER Reeks 1990-2022 Definitief;2022;523;Methaan;2;Overige industrie;pub_0201;Basismetaal;Tata Steel IJmuiden BV;100985;499055;101013.0;499150.0;64.0;;;13.5;;6.779;Lucht;50.3713931;101013.0;499150.0;100985;499055
773;ER Reeks 1990-2022 Definitief;2022;523;Methaan;2;Overige industrie;pub_0216;Voedings- en genotmiddelenindustrie;Heineken Nederland BV (Zoeterwoude);97050;461400;97050.0;461400.0;25.0;;;0.0;;12.7;Lucht;3262.2;97050.0;461400.0;97050;461400
774;ER Reeks 1990-2022 Definitief;2022;523;Methaan;2;Overige industrie;pub_0216;Voedings- en genotmiddelenindustrie;FrieslandCampina Veghel (DMV International);164550;402920;164550.0;402920.0;6.0;;;0.5;;0.667;Lucht;1378.8;164550.0;402920.0;164550;402920
775;ER Reeks 1990-2022 Definitief;2022;523;Methaan;2;Overige industrie;pub_0201;Basismetaal;Tata Steel IJmuiden BV;100985;499055;101159.0;499142.0;26.0;;;7.54385;;8.368;Lucht;900.0;101159.0;499142.0;100985;499055
776;ER Reeks 1990-2022 Definitief;2022;523;Methaan;2;Overige industrie;pub_0216;Voedings- en genotmiddelenindustrie;Farm Frites BV;70714;426770;70645.0;426740.0;10.0;;;1.99;;1.141;Lucht;964.8;70645.0;426740.0;70714;426770
777;ER Reeks 1990-2022 Definitief;2022;523;Methaan;2;Overige industrie;pub_0211;Papier(waren);Crown van Gelder N.V.;103980;497960;103980.0;497960.0;40.0;;;3.14;;6.1;Lucht;26250.0;103980.0;497960.0;103980;497960
778;ER Reeks 1990-2022 Definitief;2022;523;Methaan;2;Overige industrie;pub_0216;Voedings- en genotmiddelenindustrie;Hochwald Nederland BV;163330;563820;163325.0;563814.0;50.0;;;0.0;;0.013;Lucht;40.5;163325.0;563814.0;163330;563820
779;ER Reeks 1990-2022 Definitief;2022;523;Methaan;6;Verkeer en vervoer;pub_0603;Luchtvaart;Vliegveld Seppe;96860;396260;;;;;;;;;Lucht;91.24116801819292;;;96860;396260
780;ER Reeks 1990-2022 Definitief;2022;523;Methaan;3;Chemische Industrie;pub_0301;Chemische Industrie basisproducten;Dow Benelux BV (Hoek);43193;373788;43400.0;373723.0;20.0;;;1.0;;0.001;Lucht;221.5;43400.0;373723.0;43193;373788
781;ER Reeks 1990-2022 Definitief;2022;523;Methaan;3;Chemische Industrie;pub_0301;Chemische Industrie basisproducten;Chemelot Site Permit BV;183732;332404;183647.0;333207.0;30.0;;;0.313;;0.0;Lucht;10.0;183647.0;333207.0;183732;332404
782;ER Reeks 1990-2022 Definitief;2022;523;Methaan;3;Chemische Industrie;pub_0301;Chemische Industrie basisproducten;Shell Nederland Chemie BV (Moerdijk);97946;411331;97946.0;411331.0;5.0;;;0.0;;0.0;Lucht;5757.0;97946.0;411331.0;97946;411331
783;ER Reeks 1990-2022 Definitief;2022;523;Methaan;3;Chemische Industrie;pub_0304;Chemische Industrie overig;Albemarle Catalysts Company B.V.;124570;488620;124190.0;488840.0;25.0;;;0.0;;0.008;Lucht;4.626;124190.0;488840.0;124570;488620
784;ER Reeks 1990-2022 Definitief;2022;523;Methaan;3;Chemische Industrie;pub_0301;Chemische Industrie basisproducten;Chemelot Site Permit BV;183732;332404;183760.0;329920.0;110.0;;;1.2;;7.605e-06;Lucht;331.0;183760.0;329920.0;183732;332404
785;ER Reeks 1990-2022 Definitief;2022;523;Methaan;3;Chemische Industrie;pub_0301;Chemische Industrie basisproducten;Celanese Emulsions BV;183891;329309;183880.0;329350.0;30.0;;;0.0;;0.13;Lucht;118.73;183880.0;329350.0;183891;329309
786;ER Reeks 1990-2022 Definitief;2022;523;Methaan;3;Chemische Industrie;pub_0301;Chemische Industrie basisproducten;Shell Nederland Chemie BV (Pernis);84625;433319;84625.0;433319.0;5.0;;;0.0;;0.0;Lucht;0.05;84625.0;433319.0;84625;433319
787;ER Reeks 1990-2022 Definitief;2022;523;Methaan;3;Chemische Industrie;pub_0301;Chemische Industrie basisproducten;Dow Benelux BV (Hoek);43193;373788;43335.0;373883.0;65.0;;;0.2;;0.075;Lucht;664.5;43335.0;373883.0;43193;373788
788;ER Reeks 1990-2022 Definitief;2022;523;Methaan;3;Chemische Industrie;pub_0303;Chemische Industrie kunstmeststoffen;ICL Fertilizers Europe CV;120040;490970;119983.0;490989.0;40.0;;;3.46;;1.268;Lucht;846.0;119983.0;490989.0;120040;490970
789;ER Reeks 1990-2022 Definitief;2022;523;Methaan;3;Chemische Industrie;pub_0301;Chemische Industrie basisproducten;Croda;108400;446500;108517.0;446494.0;8.0;;;2.85;;2.024;Lucht;28.16753608633409;108517.0;446494.0;108400;446500
790;ER Reeks 1990-2022 Definitief;2022;523;Methaan;3;Chemische Industrie;pub_0301;Chemische Industrie basisproducten;Lyondell Chemie Nederland BV;76900;433220;76940.0;433300.0;33.0;;;1.2;;2.1;Lucht;262.8;76940.0;433300.0;76900;433220
791;ER Reeks 1990-2022 Definitief;2022;523;Methaan;3;Chemische Industrie;pub_0304;Chemische Industrie overig;Albemarle Catalysts Company B.V.;124570;488620;124206.0;488708.0;20.0;;;0.5027;;0.07;Lucht;408.6;124206.0;488708.0;124570;488620
792;ER Reeks 1990-2022 Definitief;2022;523;Methaan;3;Chemische Industrie;pub_0301;Chemische Industrie basisproducten;Chemelot Site Permit BV;183732;332404;183850.0;330870.0;60.0;;;5.3;;31.68750078;Lucht;577.0;183850.0;330870.0;183732;332404
793;ER Reeks 1990-2022 Definitief;2022;523;Methaan;3;Chemische Industrie;pub_0301;Chemische Industrie basisproducten;Eastman Chemical Middelburg BV;33940;390952;34190.0;391065.0;10.0;;;0.2;;0.488;Lucht;289.8;34190.0;391065.0;33940;390952
794;ER Reeks 1990-2022 Definitief;2022;523;Methaan;3;Chemische Industrie;pub_0301;Chemische Industrie basisproducten;Hexion B.V.;83345;432458;83345.0;432458.0;5.0;;;0.0;;0.0;Lucht;95.0;83345.0;432458.0;83345;432458
795;ER Reeks 1990-2022 Definitief;2022;523;Methaan;3;Chemische Industrie;pub_0301;Chemische Industrie basisproducten;Cabot BV;77704;434252;77670.0;434280.0;60.0;;;5.23;;0.0;Lucht;10377.0;77670.0;434280.0;77704;434252
796;ER Reeks 1990-2022 Definitief;2022;523;Methaan;3;Chemische Industrie;pub_0301;Chemische Industrie basisproducten;Dow Benelux BV (Hoek);43193;373788;42444.0;373667.0;90.0;;;1.2;;0.075;Lucht;43211.2;42444.0;373667.0;43193;373788
797;ER Reeks 1990-2022 Definitief;2022;523;Methaan;3;Chemische Industrie;pub_0301;Chemische Industrie basisproducten;Indorama Ventures Europe BV;66394;442175;66529.0;442069.0;30.0;;;1.33;;1.973;Lucht;1554.0;66529.0;442069.0;66394;442175
798;ER Reeks 1990-2022 Definitief;2022;523;Methaan;3;Chemische Industrie;pub_0301;Chemische Industrie basisproducten;Shell Nederland Chemie BV (Moerdijk);97946;411331;96819.0;410609.0;120.0;;;1.0;;1.67694063926941;Lucht;231.0;96819.0;410609.0;97946;411331
799;ER Reeks 1990-2022 Definitief;2022;523;Methaan;3;Chemische Industrie;pub_0301;Chemische Industrie basisproducten;Dow Benelux BV (Hoek);43193;373788;43029.0;373668.0;5.0;;;0.0;;0.001;Lucht;973.8;43029.0;373668.0;43193;373788
800;ER Reeks 1990-2022 Definitief;2022;523;Methaan;3;Chemische Industrie;pub_0301;Chemische Industrie basisproducten;Chemelot Site Permit BV;183732;332404;183580.0;329630.0;15.0;;;1.9;;2.683507905;Lucht;127.0;183580.0;329630.0;183732;332404
801;ER Reeks 1990-2022 Definitief;2022;523;Methaan;3;Chemische Industrie;pub_0301;Chemische Industrie basisproducten;Lyondell Chemie Nederland BV;76900;433220;76900.0;433220.0;15.0;;;1.0;;0.4;Lucht;5.574;76900.0;433220.0;76900;433220
802;ER Reeks 1990-2022 Definitief;2022;523;Methaan;3;Chemische Industrie;pub_0304;Chemische Industrie overig;Albemarle Catalysts Company B.V.;124570;488620;124170.0;488853.0;26.0;;;0.0;;0.009;Lucht;77.4;124170.0;488853.0;124570;488620
803;ER Reeks 1990-2022 Definitief;2022;523;Methaan;3;Chemische Industrie;pub_0301;Chemische Industrie basisproducten;Chemelot Site Permit BV;183732;332404;184250.0;331350.0;27.0;;;11.3;;1.0751e-05;Lucht;21.0;184250.0;331350.0;183732;332404
804;ER Reeks 1990-2022 Definitief;2022;523;Methaan;3;Chemische Industrie;pub_0301;Chemische Industrie basisproducten;Lyondell Chemie Nederland B.V.;61001;443044;60813.0;442780.0;5.0;500.0;200.0;100000.0;90.0;0.01;Lucht;199.0;60813.0;442780.0;61001;443044
805;ER Reeks 1990-2022 Definitief;2022;523;Methaan;12;Handel. Diensten en Overheid (HDO);pub_1201;Energiegebruik en processen Handel. Diensten en Overheid (HDO);UMC St Radboud & Radboud Universiteit Nijmegen;187976;425797;187709.0;426402.0;38.0;0.0;0.0;0.0;;0.0433333333333333;Lucht;301.2;187709.0;426402.0;187976;425797
806;ER Reeks 1990-2022 Definitief;2022;523;Methaan;12;Handel. Diensten en Overheid (HDO);pub_1201;Energiegebruik en processen Handel. Diensten en Overheid (HDO);Odfjell Terminals (Rotterdam) BV;81505;432967;81218.0;433272.0;20.0;;;0.0;;0.28;Lucht;942.0;81218.0;433272.0;81505;432967
807;ER Reeks 1990-2022 Definitief;2022;523;Methaan;12;Handel. Diensten en Overheid (HDO);pub_1201;Energiegebruik en processen Handel. Diensten en Overheid (HDO);UMC St Radboud & Radboud Universiteit Nijmegen;187976;425797;187709.0;426402.0;38.0;0.0;0.0;0.0;;0.0116666666666667;Lucht;58.5;187709.0;426402.0;187976;425797
808;ER Reeks 1990-2022 Definitief;2022;523;Methaan;12;Handel. Diensten en Overheid (HDO);pub_1201;Energiegebruik en processen Handel. Diensten en Overheid (HDO);UMC St Radboud & Radboud Universiteit Nijmegen;187976;425797;187709.0;426402.0;38.0;0.0;0.0;0.0;;0.0341666666666667;Lucht;179.4;187709.0;426402.0;187976;425797
809;ER Reeks 1990-2022 Definitief;2022;523;Methaan;11;Riolering en waterzuiveringsinstallaties;pub_1102;Energiegebruik en processen Riolering en waterzuiveringsinstallaties;RWZI Vinkel;159118;412520;;;;;;;;;Lucht;22139.3817;;;159118;412520
810;ER Reeks 1990-2022 Definitief;2022;523;Methaan;11;Riolering en waterzuiveringsinstallaties;pub_1102;Energiegebruik en processen Riolering en waterzuiveringsinstallaties;RWZI Scheemda;263401;576529;;;;;;;;;Lucht;7124.91346667121;;;263401;576529
811;ER Reeks 1990-2022 Definitief;2022;523;Methaan;11;Riolering en waterzuiveringsinstallaties;pub_1102;Energiegebruik en processen Riolering en waterzuiveringsinstallaties;RWZI Ede;171052;450259;;;;;;;;;Lucht;49907.8385808803;;;171052;450259
812;ER Reeks 1990-2022 Definitief;2022;523;Methaan;11;Riolering en waterzuiveringsinstallaties;pub_1102;Energiegebruik en processen Riolering en waterzuiveringsinstallaties;RWZI Nieuwgraaf;197283;442850;;;;;;;;;Lucht;42449.4384879267;;;197283;442850
813;ER Reeks 1990-2022 Definitief;2022;523;Methaan;11;Riolering en waterzuiveringsinstallaties;pub_1102;Energiegebruik en processen Riolering en waterzuiveringsinstallaties;RWZI Haaksbergen;245852;466203;;;;;;;;;Lucht;9765.2533125;;;245852;466203
814;ER Reeks 1990-2022 Definitief;2022;523;Methaan;11;Riolering en waterzuiveringsinstallaties;pub_1102;Energiegebruik en processen Riolering en waterzuiveringsinstallaties;RWZI Kaffeberg;201600;321700;;;;;;;;;Lucht;9092.594445;;;201600;321700
815;ER Reeks 1990-2022 Definitief;2022;523;Methaan;11;Riolering en waterzuiveringsinstallaties;pub_1102;Energiegebruik en processen Riolering en waterzuiveringsinstallaties;RWZI Ameland;177292;606470;;;;;;;;;Lucht;1909.101225;;;177292;606470
816;ER Reeks 1990-2022 Definitief;2022;523;Methaan;11;Riolering en waterzuiveringsinstallaties;pub_1102;Energiegebruik en processen Riolering en waterzuiveringsinstallaties;RWZI Leek;220680;574356;;;;;;;;;Lucht;6334.6677625;;;220680;574356
817;ER Reeks 1990-2022 Definitief;2022;523;Methaan;11;Riolering en waterzuiveringsinstallaties;pub_1102;Energiegebruik en processen Riolering en waterzuiveringsinstallaties;RWZI Gaarkeuken;217500;585000;;;;;;;;;Lucht;3193.8451125;;;217500;585000
818;ER Reeks 1990-2022 Definitief;2022;523;Methaan;11;Riolering en waterzuiveringsinstallaties;pub_1102;Energiegebruik en processen Riolering en waterzuiveringsinstallaties;AWZI De Groote Lucht (Vlaardingen);80388;435165;;;;;;;;;Lucht;40119.3166180412;;;80388;435165
819;ER Reeks 1990-2022 Definitief;2022;523;Methaan;11;Riolering en waterzuiveringsinstallaties;pub_1102;Energiegebruik en processen Riolering en waterzuiveringsinstallaties;RWZI Terneuzen;46980;368605;;;;;;;;;Lucht;6404.80613644753;;;46980;368605
820;ER Reeks 1990-2022 Definitief;2022;523;Methaan;11;Riolering en waterzuiveringsinstallaties;pub_1102;Energiegebruik en processen Riolering en waterzuiveringsinstallaties;RWZI Sleen;249849;531556;;;;;;;;;Lucht;4461.1239;;;249849;531556
821;ER Reeks 1990-2022 Definitief;2022;523;Methaan;11;Riolering en waterzuiveringsinstallaties;pub_1102;Energiegebruik en processen Riolering en waterzuiveringsinstallaties;RWZI Ammerstol;115000;438100;;;;;;;;;Lucht;458.075175;;;115000;438100
822;ER Reeks 1990-2022 Definitief;2022;523;Methaan;11;Riolering en waterzuiveringsinstallaties;pub_1102;Energiegebruik en processen Riolering en waterzuiveringsinstallaties;RWZI Zeist;142958;455450;;;;;;;;;Lucht;10407.23875;;;142958;455450
823;ER Reeks 1990-2022 Definitief;2022;523;Methaan;11;Riolering en waterzuiveringsinstallaties;pub_1102;Energiegebruik en processen Riolering en waterzuiveringsinstallaties;RWZI Franeker;167908;576775;;;;;;;;;Lucht;7848.00290918404;;;167908;576775
824;ER Reeks 1990-2022 Definitief;2022;523;Methaan;11;Riolering en waterzuiveringsinstallaties;pub_1102;Energiegebruik en processen Riolering en waterzuiveringsinstallaties;RWZI Goedereede;59100;427100;;;;;;;;;Lucht;5372.86185;;;59100;427100
825;ER Reeks 1990-2022 Definitief;2022;523;Methaan;11;Riolering en waterzuiveringsinstallaties;pub_1102;Energiegebruik en processen Riolering en waterzuiveringsinstallaties;RWZI Breskens;29600;378900;;;;;;;;;Lucht;2818.5337125;;;29600;378900
826;ER Reeks 1990-2022 Definitief;2022;523;Methaan;11;Riolering en waterzuiveringsinstallaties;pub_1102;Energiegebruik en processen Riolering en waterzuiveringsinstallaties;RWZI Katwijk;90260;468690;;;;;;;;;Lucht;27488.096025;;;90260;468690
827;ER Reeks 1990-2022 Definitief;2022;523;Methaan;11;Riolering en waterzuiveringsinstallaties;pub_1102;Energiegebruik en processen Riolering en waterzuiveringsinstallaties;RWZI Oldenzaal;257700;481300;;;;;;;;;Lucht;12422.42085;;;257700;481300
828;ER Reeks 1990-2022 Definitief;2022;523;Methaan;11;Riolering en waterzuiveringsinstallaties;pub_1102;Energiegebruik en processen Riolering en waterzuiveringsinstallaties;RWZI Zwolle;199953;502543;;;;;;;;;Lucht;18608.42591022472;;;199953;502543
829;ER Reeks 1990-2022 Definitief;2022;523;Methaan;11;Riolering en waterzuiveringsinstallaties;pub_1102;Energiegebruik en processen Riolering en waterzuiveringsinstallaties;RWZI Zwaanshoek;101777;479776;;;;;;;;;Lucht;27932.4537;;;101777;479776
830;ER Reeks 1990-2022 Definitief;2022;523;Methaan;11;Riolering en waterzuiveringsinstallaties;pub_1102;Energiegebruik en processen Riolering en waterzuiveringsinstallaties;RWZI Ommen;224213;504747;;;;;;;;;Lucht;4241.045375;;;224213;504747
831;ER Reeks 1990-2022 Definitief;2022;523;Methaan;11;Riolering en waterzuiveringsinstallaties;pub_1102;Energiegebruik en processen Riolering en waterzuiveringsinstallaties;RWZI Utrecht;135871;457999;;;;;;;;;Lucht;57344.894325;;;135871;457999
832;ER Reeks 1990-2022 Definitief;2022;523;Methaan;11;Riolering en waterzuiveringsinstallaties;pub_1102;Energiegebruik en processen Riolering en waterzuiveringsinstallaties;RWZI Asperen;135953;432874;;;;;;;;;Lucht;1045.292125;;;135953;432874
833;ER Reeks 1990-2022 Definitief;2022;523;Methaan;11;Riolering en waterzuiveringsinstallaties;pub_1102;Energiegebruik en processen Riolering en waterzuiveringsinstallaties;RWZI Warns;155600;544200;;;;;;;;;Lucht;1605.7001375;;;155600;544200
834;ER Reeks 1990-2022 Definitief;2022;523;Methaan;11;Riolering en waterzuiveringsinstallaties;pub_1102;Energiegebruik en processen Riolering en waterzuiveringsinstallaties;RWZI Zutphen;210116;463825;;;;;;;;;Lucht;53470.2966375;;;210116;463825
835;ER Reeks 1990-2022 Definitief;2022;523;Methaan;11;Riolering en waterzuiveringsinstallaties;pub_1102;Energiegebruik en processen Riolering en waterzuiveringsinstallaties;RWZI Onderdendam;235354;594013;;;;;;;;;Lucht;2056.5726375;;;235354;594013
836;ER Reeks 1990-2022 Definitief;2022;523;Methaan;11;Riolering en waterzuiveringsinstallaties;pub_1102;Energiegebruik en processen Riolering en waterzuiveringsinstallaties;RWZI Capelle-Groenedijk;101000;438100;;;;;;;;;Lucht;8241.7055125;;;101000;438100
837;ER Reeks 1990-2022 Definitief;2022;523;Methaan;5;Energiesector;pub_0503;Opwekking electriciteit;Nuon Power Generation BV (Diemen);130055;483500;130057.0;483504.0;60.0;;;1.6;;0.236;Lucht;0.5;130057.0;483504.0;130055;483500
838;ER Reeks 1990-2022 Definitief;2022;523;Methaan;5;Energiesector;pub_0503;Opwekking electriciteit;E.on Schenkkade;82782;454755;82782.0;454755.0;40.0;;;0.0;;1.65347;Lucht;406.2;82782.0;454755.0;82782;454755
839;ER Reeks 1990-2022 Definitief;2022;523;Methaan;5;Energiesector;pub_0503;Opwekking electriciteit;Eneco Solar. Bio & Hydro / HWC Ypenburg;84489;451037;84493.0;451045.0;15.0;;;0.33;;0.194;Lucht;253.8;84493.0;451045.0;84489;451037
840;ER Reeks 1990-2022 Definitief;2022;523;Methaan;5;Energiesector;pub_0502;Olie- gaswinning land;Ondergrondse aardgasopslag Zuidwending;258576;567374;258576.0;567374.0;0.0;;;0.0;;0.001;Lucht;14969.0;258576.0;567374.0;258576;567374
841;ER Reeks 1990-2022 Definitief;2022;523;Methaan;5;Energiesector;pub_0503;Opwekking electriciteit;Eneco (Nieuwegein);134208;448648;134208.0;448648.0;35.0;;;2.3;;0.003;Lucht;8.4;134208.0;448648.0;134208;448648
842;ER Reeks 1990-2022 Definitief;2022;523;Methaan;5;Energiesector;pub_0502;Olie- gaswinning land;Gasunie (Spijk);253587;603833;253555.0;603860.0;14.0;;;0.4;;1.763;Lucht;906.0;253555.0;603860.0;253587;603833
843;ER Reeks 1990-2022 Definitief;2022;523;Methaan;5;Energiesector;pub_0503;Opwekking electriciteit;Maxima-centrale;164694;509969;164694.0;509969.0;70.0;;;38.0;;49.475;Lucht;7118.4;164694.0;509969.0;164694;509969
844;ER Reeks 1990-2022 Definitief;2022;523;Methaan;5;Energiesector;pub_0503;Opwekking electriciteit;Enecogen VOF;66120;441896;65970.0;441653.0;2.0;0.0;0.0;0.024;0.0;0.992;Lucht;5.718;65970.0;441653.0;66120;441896
845;ER Reeks 1990-2022 Definitief;2022;523;Methaan;5;Energiesector;pub_0503;Opwekking electriciteit;ENGIE Energie Nederland NV (Eemscentrale);254265;606627;254265.0;606627.0;67.0;;;39.0;;66.6;Lucht;4954.2;254265.0;606627.0;254265;606627
846;ER Reeks 1990-2022 Definitief;2022;523;Methaan;5;Energiesector;pub_0502;Olie- gaswinning land;Gasunie (Ravenstein);173928;421577;173928.0;421577.0;5.0;;;;;0.0;Lucht;94652.0;173928.0;421577.0;173928;421577
847;ER Reeks 1990-2022 Definitief;2022;523;Methaan;5;Energiesector;pub_0502;Olie- gaswinning land;Gasunie (Zweekhorst);202845;441955;203000.0;442080.0;20.0;;;19.13;;36.865;Lucht;67.0;203000.0;442080.0;202845;441955
848;ER Reeks 1990-2022 Definitief;2022;523;Methaan;5;Energiesector;pub_0503;Opwekking electriciteit;Uniper Centrale RoCa;98212;440895;98244.0;440925.0;60.0;;;8.0;;8.717;Lucht;984.0;98244.0;440925.0;98212;440895
849;ER Reeks 1990-2022 Definitief;2022;523;Methaan;5;Energiesector;pub_0502;Olie- gaswinning land;Gasunie (Beverwijk);108327;500235;110457.0;497743.0;5.0;;;0.0;;0.0;Lucht;126465.0;110457.0;497743.0;108327;500235
850;ER Reeks 1990-2022 Definitief;2022;523;Methaan;5;Energiesector;pub_0503;Opwekking electriciteit;Rijnmond Energie;83725;434099;83908.0;434056.0;65.0;;;28.0;;53.865;Lucht;4574.4;83908.0;434056.0;83725;434099
851;ER Reeks 1990-2022 Definitief;2022;523;Methaan;5;Energiesector;pub_0502;Olie- gaswinning land;Gasunie (Ravenstein);173928;421577;173928.0;421577.0;15.0;;;0.2;;1.578;Lucht;874.0;173928.0;421577.0;173928;421577
852;ER Reeks 1990-2022 Definitief;2022;523;Methaan;5;Energiesector;pub_0503;Opwekking electriciteit;Nuon Power Projects 1 BV (Eemshaven);252795;607838;252393.0;608146.0;20.0;;;1.5;;0.435;Lucht;5.0;252393.0;608146.0;252795;607838
853;ER Reeks 1990-2022 Definitief;2022;523;Methaan;5;Energiesector;pub_0502;Olie- gaswinning land;Gasunie Vilsteren/Ommen;221116;501184;221116.0;501184.0;15.0;;;25.0;;25.211615;Lucht;81.0;221116.0;501184.0;221116;501184
854;ER Reeks 1990-2022 Definitief;2022;523;Methaan;5;Energiesector;pub_0503;Opwekking electriciteit;Uniper Centrale RoCa;98212;440895;98170.0;440906.0;30.0;;;0.8;;0.29;Lucht;20.22;98170.0;440906.0;98212;440895
855;ER Reeks 1990-2022 Definitief;2022;523;Methaan;5;Energiesector;pub_0502;Olie- gaswinning land;Gasunie Vilsteren/Ommen;221116;501184;221116.0;501184.0;13.0;;;15.75;;14.147848;Lucht;4.0;221116.0;501184.0;221116;501184
856;ER Reeks 1990-2022 Definitief;2022;523;Methaan;5;Energiesector;pub_0503;Opwekking electriciteit;Enecogen VOF;66120;441896;65984.0;441648.0;15.0;0.0;0.0;4.9;0.0;33.457;Lucht;17.736;65984.0;441648.0;66120;441896
857;ER Reeks 1990-2022 Definitief;2022;523;Methaan;5;Energiesector;pub_0502;Olie- gaswinning land;Gasunie (Alphen en Riel);125901;391599;125901.0;391599.0;5.0;;;0.0;;0.0;Lucht;7588.0;125901.0;391599.0;125901;391599
858;ER Reeks 1990-2022 Definitief;2022;523;Methaan;5;Energiesector;pub_0503;Opwekking electriciteit;E.On Generations Den Haag;79821;454750;79805.0;454805.0;26.0;;;1.1;;1.0;Lucht;612.0;79805.0;454805.0;79821;454750
859;ER Reeks 1990-2022 Definitief;2022;523;Methaan;4;Raffinaderijen;pub_0401;Raffinage en verwerking;VPR Energy B.V.;74500;436400;74500.0;436400.0;5.0;;;0.0;;0.0;Lucht;111.66;74500.0;436400.0;74500;436400
860;ER Reeks 1990-2022 Definitief;2022;523;Methaan;4;Raffinaderijen;pub_0401;Raffinage en verwerking;Esso Nederland BV (Raffinaderij Rotterdam);79871;432082;79782.0;432360.0;90.0;;;10.752;;11.991;Lucht;3034.2;79782.0;432360.0;79871;432082
861;ER Reeks 1990-2022 Definitief;2022;523;Methaan;4;Raffinaderijen;pub_0401;Raffinage en verwerking;Shell Nederland Raffinaderij BV;82574;432924;82674.0;433218.0;50.0;0.0;0.0;3.5;0.0;1.469;Lucht;364.0;82674.0;433218.0;82574;432924
862;ER Reeks 1990-2022 Definitief;2022;523;Methaan;4;Raffinaderijen;pub_0401;Raffinage en verwerking;Shell Nederland Raffinaderij BV;82574;432924;84897.0;433210.0;125.0;;;0.0;;3.68;Lucht;14029.000000000027;84897.0;433210.0;82574;432924
863;ER Reeks 1990-2022 Definitief;2022;523;Methaan;4;Raffinaderijen;pub_0401;Raffinage en verwerking;BP Rotterdam Refinery;67036;440390;67050.0;440350.0;155.0;;;7.0;;7.3;Lucht;3853.8;67050.0;440350.0;67036;440390
864;ER Reeks 1990-2022 Definitief;2022;523;Methaan;4;Raffinaderijen;pub_0401;Raffinage en verwerking;Shell Nederland Raffinaderij BV;82574;432924;82825.0;432930.0;110.0;;;0.33;;0.943;Lucht;219.0;82825.0;432930.0;82574;432924
865;ER Reeks 1990-2022 Definitief;2022;523;Methaan;4;Raffinaderijen;pub_0401;Raffinage en verwerking;BP Rotterdam Refinery;67036;440390;66945.0;440099.0;35.0;;;2.0;;3.2;Lucht;2139.5999999999967;66945.0;440099.0;67036;440390
866;ER Reeks 1990-2022 Definitief;2022;523;Methaan;9;Afvalverwijdering;pub_0901;AVI's;EEW Energy from Waste Delfzijl B.V.;261673;592659;261673.0;592659.0;70.0;;;3.5;;5.683;Lucht;357.165096146167;261673.0;592659.0;261673;592659
867;ER Reeks 1990-2022 Definitief;2022;523;Methaan;9;Afvalverwijdering;pub_0901;AVI's;HVC Afvalcentrale Dordrecht;110212;425400;110212.0;425400.0;80.0;;;6.28;;7.755;Lucht;666.711635155601;110212.0;425400.0;110212;425400
868;ER Reeks 1990-2022 Definitief;2022;523;Methaan;9;Afvalverwijdering;pub_0901;AVI's;Inter-Che-M BV;178673;429681;178825.0;429702.0;8.0;;;0.0353;;0.035;Lucht;3.426;178825.0;429702.0;178673;429681
869;ER Reeks 1990-2022 Definitief;2022;523;Methaan;9;Afvalverwijdering;pub_0901;AVI's;AVR NV (Rijnmond);78545;434865;78367.0;434831.0;80.0;;;2.54;;1.606;Lucht;558.48;78367.0;434831.0;78545;434865
870;ER Reeks 1990-2022 Definitief;2022;523;Methaan;9;Afvalverwijdering;pub_0901;AVI's;Inter-Che-M BV;178673;429681;178686.0;429665.0;7.0;;;0.0157;;0.0;Lucht;2.16276;178686.0;429665.0;178673;429681
871;ER Reeks 1990-2022 Definitief;2022;523;Methaan;9;Afvalverwijdering;pub_0901;AVI's;HVC (Alkmaar);112698;513765;112698.0;513765.0;80.0;;;2.69;;3.251;Lucht;366.486;112698.0;513765.0;112698;513765
872;ER Reeks 1990-2022 Definitief;2022;523;Methaan;9;Afvalverwijdering;pub_0901;AVI's;AVR Afvalverwerking BV (Duiven);197134;442636;197200.0;442790.0;90.0;;;21.24;;3.956;Lucht;180.54;197200.0;442790.0;197134;442636
873;ER Reeks 1990-2022 Definitief;2022;523;Methaan;9;Afvalverwijdering;pub_0901;AVI's;AVR Afvalverwerking BV (Duiven);197134;442636;197134.0;442636.0;90.0;;;2.84;;1.947;Lucht;1041.594;197134.0;442636.0;197134;442636
874;ER Reeks 1990-2022 Definitief;2022;523;Methaan;9;Afvalverwijdering;pub_0901;AVI's;Twence BV Boeldershoek;250428;472719;250428.0;472719.0;80.0;;;2.54;;7.724;Lucht;330.884628789858;250428.0;472719.0;250428;472719
875;ER Reeks 1990-2022 Definitief;2022;523;Methaan;2;Overige industrie;pub_0211;Papier(waren);ESKA Graphic Board BV (Hoogezand);246200;575950;246380.0;575780.0;12.0;;;3.0;;2.0;Lucht;49.689028224854;246380.0;575780.0;246200;575950
876;ER Reeks 1990-2022 Definitief;2022;523;Methaan;2;Overige industrie;pub_0211;Papier(waren);Mayr-Melnhof Eerbeek BV;201330;457510;201330.0;457510.0;25.0;;;1.8;;1.95;Lucht;4917.0;201330.0;457510.0;201330;457510
877;ER Reeks 1990-2022 Definitief;2022;523;Methaan;2;Overige industrie;pub_0201;Basismetaal;Aurubis Netherlands B.V.;211100;463650;211007.0;463645.0;40.0;0.0;0.0;0.7;0.0;0.019;Lucht;33.3;211007.0;463645.0;211100;463650
878;ER Reeks 1990-2022 Definitief;2022;523;Methaan;2;Overige industrie;pub_0216;Voedings- en genotmiddelenindustrie;Sonac Vuren BV;134570;427150;134570.0;427150.0;13.0;;;0.0;;0.288;Lucht;614.0;134570.0;427150.0;134570;427150
879;ER Reeks 1990-2022 Definitief;2022;523;Methaan;2;Overige industrie;pub_0216;Voedings- en genotmiddelenindustrie;Nestle Nederland BV (Nunspeet);182480;488580;182522.0;488524.0;32.0;;;0.5;;0.64;Lucht;337.0;182522.0;488524.0;182480;488580
880;ER Reeks 1990-2022 Definitief;2022;523;Methaan;2;Overige industrie;pub_0216;Voedings- en genotmiddelenindustrie;Sime Darby Unimills B.V.;103500;424600;103511.0;424489.0;15.0;;;0.0;;0.114;Lucht;128.82;103511.0;424489.0;103500;424600
881;ER Reeks 1990-2022 Definitief;2022;523;Methaan;2;Overige industrie;pub_0211;Papier(waren);BN International BV;145000;479450;145000.0;479450.0;5.0;;;0.0;;0.0;Lucht;14.4;145000.0;479450.0;145000;479450
882;ER Reeks 1990-2022 Definitief;2022;523;Methaan;2;Overige industrie;pub_0216;Voedings- en genotmiddelenindustrie;Nestle Nederland BV (Nunspeet);182480;488580;182480.0;488580.0;5.0;;;;;0.0;Lucht;184.0;182480.0;488580.0;182480;488580
883;ER Reeks 1990-2022 Definitief;2022;523;Methaan;2;Overige industrie;pub_0201;Basismetaal;Tata Steel IJmuiden BV;100985;499055;102917.0;501192.0;15.0;;;0.19625;;0.211;Lucht;8.6293051;102917.0;501192.0;100985;499055
884;ER Reeks 1990-2022 Definitief;2022;523;Methaan;2;Overige industrie;pub_0216;Voedings- en genotmiddelenindustrie;FrieslandCampina Veghel (DMV International);164550;402920;164650.0;403000.0;27.0;;;0.0;;0.128;Lucht;309.0;164650.0;403000.0;164550;402920
885;ER Reeks 1990-2022 Definitief;2022;523;Methaan;2;Overige industrie;pub_0201;Basismetaal;Nyrstar Budel BV;169900;361000;169900.0;361000.0;8.0;;;0.64;;0.767;Lucht;129.39;169900.0;361000.0;169900;361000
886;ER Reeks 1990-2022 Definitief;2022;523;Methaan;2;Overige industrie;pub_0216;Voedings- en genotmiddelenindustrie;DSM Delft Permit BV;83500;448300;83710.0;448210.0;49.0;;;1.24;;5.0;Lucht;3872.0;83710.0;448210.0;83500;448300
887;ER Reeks 1990-2022 Definitief;2022;523;Methaan;2;Overige industrie;pub_0201;Basismetaal;Tata Steel IJmuiden BV;100985;499055;100947.0;499410.0;58.0;;;4.15265;;9.2;Lucht;213.05872359999955;100947.0;499410.0;100985;499055
888;ER Reeks 1990-2022 Definitief;2022;523;Methaan;2;Overige industrie;pub_0201;Basismetaal;Tata Steel IJmuiden BV;100985;499055;100915.0;499275.0;41.0;17.0;17.0;300.0;;0.001;Lucht;300.0;100915.0;499275.0;100985;499055
889;ER Reeks 1990-2022 Definitief;2022;523;Methaan;2;Overige industrie;pub_0211;Papier(waren);WEPA Nederland B.V.;199937;360577;199839.0;360491.0;9.0;;;0.0;;0.169;Lucht;8.46;199839.0;360491.0;199937;360577
890;ER Reeks 1990-2022 Definitief;2022;523;Methaan;2;Overige industrie;pub_0201;Basismetaal;Tata Steel IJmuiden BV;100985;499055;101822.0;498965.0;40.0;;;2.5434;;5.367;Lucht;151.46241140000004;101822.0;498965.0;100985;499055
891;ER Reeks 1990-2022 Definitief;2022;523;Methaan;2;Overige industrie;pub_0210;Metaalelektro;Van Merksteijn International BV;238760;487181;238805.0;487436.0;11.0;;;78.0;;0.048;Lucht;496.0;238805.0;487436.0;238760;487181
892;ER Reeks 1990-2022 Definitief;2022;523;Methaan;2;Overige industrie;pub_0216;Voedings- en genotmiddelenindustrie;FrieslandCampina Veghel (DMV International);164550;402920;164550.0;402900.0;10.0;;;0.0;;0.07;Lucht;192.0;164550.0;402900.0;164550;402920
893;ER Reeks 1990-2022 Definitief;2022;523;Methaan;2;Overige industrie;pub_0216;Voedings- en genotmiddelenindustrie;DSM Delft Permit BV;83500;448300;83710.0;448210.0;49.0;;;1.24;;5.0;Lucht;2879.0;83710.0;448210.0;83500;448300
894;ER Reeks 1990-2022 Definitief;2022;523;Methaan;2;Overige industrie;pub_0203;Bouwmaterialenindustrie;Electric Glass Fiber NL BV;241450;577380;241432.0;577484.0;19.0;;;0.0;;0.048;Lucht;203.0;241432.0;577484.0;241450;577380
895;ER Reeks 1990-2022 Definitief;2022;523;Methaan;2;Overige industrie;pub_0201;Basismetaal;Aurubis Netherlands B.V.;211100;463650;211073.0;463641.0;40.0;0.0;0.0;0.2;0.0;0.012;Lucht;22.05;211073.0;463641.0;211100;463650
896;ER Reeks 1990-2022 Definitief;2022;523;Methaan;2;Overige industrie;pub_0216;Voedings- en genotmiddelenindustrie;Bavaria NV;169900;391750;169870.0;391850.0;17.0;;;0.0;;1.75;Lucht;102.0;169870.0;391850.0;169900;391750
897;ER Reeks 1990-2022 Definitief;2022;523;Methaan;2;Overige industrie;pub_0216;Voedings- en genotmiddelenindustrie;Sime Darby Unimills B.V.;103500;424600;103524.0;424584.0;37.0;;;0.0;;0.062;Lucht;45.0;103524.0;424584.0;103500;424600
898;ER Reeks 1990-2022 Definitief;2022;523;Methaan;2;Overige industrie;pub_0216;Voedings- en genotmiddelenindustrie;FrieslandCampina Veghel (DMV International);164550;402920;164650.0;403000.0;19.0;;;0.0;;1.669;Lucht;200.4;164650.0;403000.0;164550;402920
899;ER Reeks 1990-2022 Definitief;2022;523;Methaan;6;Verkeer en vervoer;pub_0603;Luchtvaart;Vliegveld Hoogeveen;231250;527750;;;;;;;;;Lucht;49.49603099949729;;;231250;527750
900;ER Reeks 1990-2022 Definitief;2022;523;Methaan;6;Verkeer en vervoer;pub_0603;Luchtvaart;Vliegveld de Kooy;114685;548730;;;;;;;;;Lucht;80.08090942648364;;;114685;548730
901;ER Reeks 1990-2022 Definitief;2022;523;Methaan;6;Verkeer en vervoer;pub_0603;Luchtvaart;Vliegveld Texel;117750;570250;;;;;;;;;Lucht;68.96351263531355;;;117750;570250
902;ER Reeks 1990-2022 Definitief;2022;523;Methaan;6;Verkeer en vervoer;pub_0603;Luchtvaart;Vliegveld Teuge;200750;472750;;;;;;;;;Lucht;120.88965039107364;;;200750;472750
903;ER Reeks 1990-2022 Definitief;2022;523;Methaan;6;Verkeer en vervoer;pub_0603;Luchtvaart;Vliegveld Rotterdam-Airport;89750;440750;;;;;;;;;Lucht;194.1334504191986;;;89750;440750
904;ER Reeks 1990-2022 Definitief;2022;523;Methaan;3;Chemische Industrie;pub_0304;Chemische Industrie overig;Cabot Norit Nederland B.V.;116710;492900;116710.0;492900.0;15.0;;;0.0;;0.1;Lucht;2.39;116710.0;492900.0;116710;492900
905;ER Reeks 1990-2022 Definitief;2022;523;Methaan;3;Chemische Industrie;pub_0304;Chemische Industrie overig;Euro Support Advanced Materials B.V.;172961;407060;173309.0;406966.0;10.0;;;0.03;;0.009;Lucht;1.62;173309.0;406966.0;172961;407060
906;ER Reeks 1990-2022 Definitief;2022;523;Methaan;3;Chemische Industrie;pub_0301;Chemische Industrie basisproducten;Chemelot Site Permit BV;183732;332404;183363.0;332264.0;40.0;;;0.15;;0.00015522;Lucht;20302.0;183363.0;332264.0;183732;332404
907;ER Reeks 1990-2022 Definitief;2022;523;Methaan;3;Chemische Industrie;pub_0301;Chemische Industrie basisproducten;Shell Nederland Chemie BV (Moerdijk);97946;411331;98212.0;410961.0;5.0;;;0.0;;1.0;Lucht;3604.0;98212.0;410961.0;97946;411331
908;ER Reeks 1990-2022 Definitief;2022;523;Methaan;3;Chemische Industrie;pub_0301;Chemische Industrie basisproducten;Dow Benelux BV (Hoek);43193;373788;42902.0;372783.0;5.0;;;0.0;;0.001;Lucht;8764.2;42902.0;372783.0;43193;373788
909;ER Reeks 1990-2022 Definitief;2022;523;Methaan;3;Chemische Industrie;pub_0301;Chemische Industrie basisproducten;Delesto BV;259432;593623;259432.0;593623.0;40.0;;;42.0;;66.21;Lucht;7680.0;259432.0;593623.0;259432;593623
910;ER Reeks 1990-2022 Definitief;2022;523;Methaan;3;Chemische Industrie;pub_0301;Chemische Industrie basisproducten;Chemelot Site Permit BV;183732;332404;183732.0;332404.0;0.0;;;0.0;;6.5e-08;Lucht;1.0;183732.0;332404.0;183732;332404
911;ER Reeks 1990-2022 Definitief;2022;523;Methaan;3;Chemische Industrie;pub_0301;Chemische Industrie basisproducten;Aliancys Nederland B.V.;255180;523500;255270.0;522970.0;10.0;;;0.0;;6.417;Lucht;10.2;255270.0;522970.0;255180;523500
912;ER Reeks 1990-2022 Definitief;2022;523;Methaan;3;Chemische Industrie;pub_0304;Chemische Industrie overig;Givaudan Nederland BV (Naarden);141030;478690;141030.0;478690.0;22.0;;;0.45;;0.6;Lucht;23.94;141030.0;478690.0;141030;478690
913;ER Reeks 1990-2022 Definitief;2022;523;Methaan;3;Chemische Industrie;pub_0301;Chemische Industrie basisproducten;Aliancys Nederland B.V.;255180;523500;255180.0;523500.0;12.0;;;0.0;;0.018;Lucht;1.2;255180.0;523500.0;255180;523500
914;ER Reeks 1990-2022 Definitief;2022;523;Methaan;3;Chemische Industrie;pub_0301;Chemische Industrie basisproducten;Dow Benelux BV (Hoek);43193;373788;42918.0;372687.0;35.0;;;23.8;;30.435;Lucht;11077.54;42918.0;372687.0;43193;373788
915;ER Reeks 1990-2022 Definitief;2022;523;Methaan;3;Chemische Industrie;pub_0301;Chemische Industrie basisproducten;Nouryon Functional Chemicals BV;202300;352150;202308.0;352248.0;18.0;;;1.77;;0.048;Lucht;2.0;202308.0;352248.0;202300;352150
916;ER Reeks 1990-2022 Definitief;2022;523;Methaan;3;Chemische Industrie;pub_0301;Chemische Industrie basisproducten;Dow Benelux BV (Hoek);43193;373788;42449.0;374186.0;10.0;;;1.0;;0.05;Lucht;0.76;42449.0;374186.0;43193;373788
917;ER Reeks 1990-2022 Definitief;2022;523;Methaan;3;Chemische Industrie;pub_0301;Chemische Industrie basisproducten;Dow Benelux BV (Hoek);43193;373788;42448.0;374186.0;5.0;;;0.0;;0.001;Lucht;69.16;42448.0;374186.0;43193;373788
918;ER Reeks 1990-2022 Definitief;2022;523;Methaan;3;Chemische Industrie;pub_0301;Chemische Industrie basisproducten;Chemelot Site Permit BV;183732;332404;183710.0;329690.0;36.0;;;1.5;;3.082602705;Lucht;153.0;183710.0;329690.0;183732;332404
919;ER Reeks 1990-2022 Definitief;2022;523;Methaan;3;Chemische Industrie;pub_0304;Chemische Industrie overig;Givaudan Nederland BV (Naarden);141030;478690;141030.0;478690.0;22.0;;;0.45;;1.0;Lucht;288.0;141030.0;478690.0;141030;478690
920;ER Reeks 1990-2022 Definitief;2022;523;Methaan;3;Chemische Industrie;pub_0301;Chemische Industrie basisproducten;Nouryon Functional Chemicals BV;202300;352150;202300.0;352150.0;5.0;;;0.0;;0.0;Lucht;2.0;202300.0;352150.0;202300;352150
921;ER Reeks 1990-2022 Definitief;2022;523;Methaan;3;Chemische Industrie;pub_0301;Chemische Industrie basisproducten;Shell Nederland Chemie BV (Pernis);84625;433319;85217.0;433546.0;20.0;;;3.0;;1.0;Lucht;0.5;85217.0;433546.0;84625;433319
922;ER Reeks 1990-2022 Definitief;2022;523;Methaan;3;Chemische Industrie;pub_0301;Chemische Industrie basisproducten;Croda;108400;446500;108363.0;446573.0;4.0;;;0.125;;0.087;Lucht;40.4918493878119;108363.0;446573.0;108400;446500
923;ER Reeks 1990-2022 Definitief;2022;523;Methaan;3;Chemische Industrie;pub_0301;Chemische Industrie basisproducten;Croda;108400;446500;108439.0;446646.0;22.0;;;0.13;;0.062;Lucht;116.844439918834;108439.0;446646.0;108400;446500
924;ER Reeks 1990-2022 Definitief;2022;523;Methaan;3;Chemische Industrie;pub_0301;Chemische Industrie basisproducten;Chemelot Site Permit BV;183732;332404;183853.0;329871.0;65.0;;;0.4;;4.671334395;Lucht;568.0;183853.0;329871.0;183732;332404
925;ER Reeks 1990-2022 Definitief;2022;523;Methaan;3;Chemische Industrie;pub_0301;Chemische Industrie basisproducten;Dow Benelux BV (Hoek);43193;373788;43396.0;373732.0;14.0;;;1.0;;0.001;Lucht;443.0;43396.0;373732.0;43193;373788
926;ER Reeks 1990-2022 Definitief;2022;523;Methaan;3;Chemische Industrie;pub_0301;Chemische Industrie basisproducten;Dow Benelux BV (Hoek);43193;373788;42600.0;373300.0;5.0;;;0.0;;0.001;Lucht;783.5;42600.0;373300.0;43193;373788
927;ER Reeks 1990-2022 Definitief;2022;523;Methaan;3;Chemische Industrie;pub_0304;Chemische Industrie overig;Albemarle Catalysts Company B.V.;124570;488620;124158.0;488852.0;17.0;;;0.0;;0.01;Lucht;87.0;124158.0;488852.0;124570;488620
928;ER Reeks 1990-2022 Definitief;2022;523;Methaan;3;Chemische Industrie;pub_0301;Chemische Industrie basisproducten;Chemelot Site Permit BV;183732;332404;183480.0;333338.0;53.0;;;0.7;;0.0;Lucht;31593.0;183480.0;333338.0;183732;332404
929;ER Reeks 1990-2022 Definitief;2022;523;Methaan;3;Chemische Industrie;pub_0301;Chemische Industrie basisproducten;Dow Benelux BV (Hoek);43193;373788;43197.0;373733.0;16.0;;;1.0;;0.001;Lucht;69.3;43197.0;373733.0;43193;373788
930;ER Reeks 1990-2022 Definitief;2022;523;Methaan;3;Chemische Industrie;pub_0301;Chemische Industrie basisproducten;Shell Nederland Chemie BV (Moerdijk);97946;411331;97946.0;411331.0;93.0;;;1.0;;0.0;Lucht;11912.0;97946.0;411331.0;97946;411331
931;ER Reeks 1990-2022 Definitief;2022;523;Methaan;3;Chemische Industrie;pub_0301;Chemische Industrie basisproducten;Eastman Chemical Middelburg BV;33940;390952;34135.0;391240.0;10.0;;;0.31;;0.488;Lucht;113.4;34135.0;391240.0;33940;390952
932;ER Reeks 1990-2022 Definitief;2022;523;Methaan;3;Chemische Industrie;pub_0304;Chemische Industrie overig;Intern. Flav. & Fragranc. I.F.F. BV;131469;399574;131610.0;399600.0;15.0;;;0.0;;3.57;Lucht;817.2;131610.0;399600.0;131469;399574
933;ER Reeks 1990-2022 Definitief;2022;523;Methaan;3;Chemische Industrie;pub_0301;Chemische Industrie basisproducten;Dow Benelux BV (Hoek);43193;373788;43193.0;373788.0;15.0;;;0.5;;0.001;Lucht;207.9;43193.0;373788.0;43193;373788
934;ER Reeks 1990-2022 Definitief;2022;523;Methaan;3;Chemische Industrie;pub_0301;Chemische Industrie basisproducten;Eastman Chemical Middelburg BV;33940;390952;34165.0;391280.0;14.0;;;0.87;;1.413;Lucht;34.14;34165.0;391280.0;33940;390952
935;ER Reeks 1990-2022 Definitief;2022;523;Methaan;3;Chemische Industrie;pub_0301;Chemische Industrie basisproducten;Aliancys Nederland B.V.;255180;523500;255160.0;523500.0;10.0;;;0.0;;0.023;Lucht;2.4;255160.0;523500.0;255180;523500
936;ER Reeks 1990-2022 Definitief;2022;523;Methaan;3;Chemische Industrie;pub_0301;Chemische Industrie basisproducten;Indorama Ventures Europe BV;66394;442175;66615.0;443069.0;20.0;;;3.14;;1.19;Lucht;2544.0;66615.0;443069.0;66394;442175
937;ER Reeks 1990-2022 Definitief;2022;523;Methaan;12;Handel. Diensten en Overheid (HDO);pub_1201;Energiegebruik en processen Handel. Diensten en Overheid (HDO);Odfjell Terminals (Rotterdam) BV;81505;432967;81505.0;432967.0;12.0;;;0.0;;0.001;Lucht;1.17;81505.0;432967.0;81505;432967
938;ER Reeks 1990-2022 Definitief;2022;523;Methaan;12;Handel. Diensten en Overheid (HDO);pub_1201;Energiegebruik en processen Handel. Diensten en Overheid (HDO);Odfjell Terminals (Rotterdam) BV;81505;432967;81105.0;433359.0;5.0;;;1.0;;0.002;Lucht;1.17;81105.0;433359.0;81505;432967
939;ER Reeks 1990-2022 Definitief;2022;523;Methaan;12;Handel. Diensten en Overheid (HDO);pub_1201;Energiegebruik en processen Handel. Diensten en Overheid (HDO);UMC St Radboud & Radboud Universiteit Nijmegen;187976;425797;187724.0;426204.0;21.0;0.0;0.0;0.0;;0.0411111111111111;Lucht;39.3;187724.0;426204.0;187976;425797
940;ER Reeks 1990-2022 Definitief;2022;523;Methaan;11;Riolering en waterzuiveringsinstallaties;pub_1102;Energiegebruik en processen Riolering en waterzuiveringsinstallaties;RWZI Elburg;185364;496800;;;;;;;;;Lucht;10330.49148671884;;;185364;496800
941;ER Reeks 1990-2022 Definitief;2022;523;Methaan;11;Riolering en waterzuiveringsinstallaties;pub_1102;Energiegebruik en processen Riolering en waterzuiveringsinstallaties;RWZI St.-Jacobiparochie;171789;587636;;;;;;;;;Lucht;2860.163525;;;171789;587636
942;ER Reeks 1990-2022 Definitief;2022;523;Methaan;11;Riolering en waterzuiveringsinstallaties;pub_1102;Energiegebruik en processen Riolering en waterzuiveringsinstallaties;RWZI Lopik;125557;442432;;;;;;;;;Lucht;4646.774925;;;125557;442432
943;ER Reeks 1990-2022 Definitief;2022;523;Methaan;11;Riolering en waterzuiveringsinstallaties;pub_1102;Energiegebruik en processen Riolering en waterzuiveringsinstallaties;RWZI Hardinxveld-De Peulen;117200;426100;;;;;;;;;Lucht;3156.4828125;;;117200;426100
944;ER Reeks 1990-2022 Definitief;2022;523;Methaan;11;Riolering en waterzuiveringsinstallaties;pub_1102;Energiegebruik en processen Riolering en waterzuiveringsinstallaties;RWZI Zwanenburg;110897;486164;;;;;;;;;Lucht;18678.793775;;;110897;486164
945;ER Reeks 1990-2022 Definitief;2022;523;Methaan;11;Riolering en waterzuiveringsinstallaties;pub_1102;Energiegebruik en processen Riolering en waterzuiveringsinstallaties;RWZI Amersfoort;152361;465119;;;;;;;;;Lucht;70171.849327775;;;152361;465119
946;ER Reeks 1990-2022 Definitief;2022;523;Methaan;11;Riolering en waterzuiveringsinstallaties;pub_1102;Energiegebruik en processen Riolering en waterzuiveringsinstallaties;RWZI Sleeuwijk;123420;425300;;;;;;;;;Lucht;22395.46300311313;;;123420;425300
947;ER Reeks 1990-2022 Definitief;2022;523;Methaan;11;Riolering en waterzuiveringsinstallaties;pub_1102;Energiegebruik en processen Riolering en waterzuiveringsinstallaties;RWZI Ruurlo;227110;456214;;;;;;;;;Lucht;1593.4281875;;;227110;456214
948;ER Reeks 1990-2022 Definitief;2022;523;Methaan;11;Riolering en waterzuiveringsinstallaties;pub_1102;Energiegebruik en processen Riolering en waterzuiveringsinstallaties;RWZI Ridderkerk;102200;431900;;;;;;;;;Lucht;10405.396075;;;102200;431900
949;ER Reeks 1990-2022 Definitief;2022;523;Methaan;11;Riolering en waterzuiveringsinstallaties;pub_1102;Energiegebruik en processen Riolering en waterzuiveringsinstallaties;RWZI Zwijndrecht;99372;425252;;;;;;;;;Lucht;33646.96605;;;99372;425252
950;ER Reeks 1990-2022 Definitief;2022;523;Methaan;11;Riolering en waterzuiveringsinstallaties;pub_1102;Energiegebruik en processen Riolering en waterzuiveringsinstallaties;RWZI Wolvega;195500;544500;;;;;;;;;Lucht;6422.3348875;;;195500;544500
951;ER Reeks 1990-2022 Definitief;2022;523;Methaan;11;Riolering en waterzuiveringsinstallaties;pub_1102;Energiegebruik en processen Riolering en waterzuiveringsinstallaties;RWZI Dalfsen;212700;502800;;;;;;;;;Lucht;4793.0114625;;;212700;502800
952;ER Reeks 1990-2022 Definitief;2022;523;Methaan;11;Riolering en waterzuiveringsinstallaties;pub_1102;Energiegebruik en processen Riolering en waterzuiveringsinstallaties;RWZI Nieuwveen;112000;466800;;;;;;;;;Lucht;6272.1375;;;112000;466800
953;ER Reeks 1990-2022 Definitief;2022;523;Methaan;11;Riolering en waterzuiveringsinstallaties;pub_1102;Energiegebruik en processen Riolering en waterzuiveringsinstallaties;RWZI Nijkerk;160917;471522;;;;;;;;;Lucht;18144.2204625;;;160917;471522
954;ER Reeks 1990-2022 Definitief;2022;523;Methaan;11;Riolering en waterzuiveringsinstallaties;pub_1102;Energiegebruik en processen Riolering en waterzuiveringsinstallaties;RWZI Susteren;186293;341540;;;;;;;;;Lucht;50927.7163617573;;;186293;341540
955;ER Reeks 1990-2022 Definitief;2022;523;Methaan;11;Riolering en waterzuiveringsinstallaties;pub_1102;Energiegebruik en processen Riolering en waterzuiveringsinstallaties;RWZI Woudenberg;159100;455600;;;;;;;;;Lucht;6893.40525;;;159100;455600
956;ER Reeks 1990-2022 Definitief;2022;523;Methaan;11;Riolering en waterzuiveringsinstallaties;pub_1102;Energiegebruik en processen Riolering en waterzuiveringsinstallaties;RWZI Wieringermeer;130200;538700;;;;;;;;;Lucht;1263.2415;;;130200;538700
957;ER Reeks 1990-2022 Definitief;2022;523;Methaan;11;Riolering en waterzuiveringsinstallaties;pub_1102;Energiegebruik en processen Riolering en waterzuiveringsinstallaties;RWZI Nieuwveer;107969;404809;;;;;;;;;Lucht;59905.3878017927;;;107969;404809
958;ER Reeks 1990-2022 Definitief;2022;523;Methaan;11;Riolering en waterzuiveringsinstallaties;pub_1102;Energiegebruik en processen Riolering en waterzuiveringsinstallaties;RWZI Camperlandpolder;40410;399510;;;;;;;;;Lucht;2212.2656625;;;40410;399510
959;ER Reeks 1990-2022 Definitief;2022;523;Methaan;11;Riolering en waterzuiveringsinstallaties;pub_1102;Energiegebruik en processen Riolering en waterzuiveringsinstallaties;RWZI Birdaard;188087;590242;;;;;;;;;Lucht;5791.5540375;;;188087;590242
960;ER Reeks 1990-2022 Definitief;2022;523;Methaan;11;Riolering en waterzuiveringsinstallaties;pub_1102;Energiegebruik en processen Riolering en waterzuiveringsinstallaties;RWZI Horstermeer;134412;474487;;;;;;;;;Lucht;20943.2819939083;;;134412;474487
961;ER Reeks 1990-2022 Definitief;2022;523;Methaan;11;Riolering en waterzuiveringsinstallaties;pub_1102;Energiegebruik en processen Riolering en waterzuiveringsinstallaties;RWZI Kampen;188200;510000;;;;;;;;;Lucht;9971.66683750001;;;188200;510000
962;ER Reeks 1990-2022 Definitief;2022;523;Methaan;11;Riolering en waterzuiveringsinstallaties;pub_1102;Energiegebruik en processen Riolering en waterzuiveringsinstallaties;RWZI Bennekom;173535;445450;;;;;;;;;Lucht;3007.757975;;;173535;445450
963;ER Reeks 1990-2022 Definitief;2022;523;Methaan;11;Riolering en waterzuiveringsinstallaties;pub_1102;Energiegebruik en processen Riolering en waterzuiveringsinstallaties;Delfluent Services BV;81663;447989;;;;;;;;;Lucht;200766.016432892;;;81663;447989
964;ER Reeks 1990-2022 Definitief;2022;523;Methaan;11;Riolering en waterzuiveringsinstallaties;pub_1102;Energiegebruik en processen Riolering en waterzuiveringsinstallaties;RWZI Weurt-Nijmegen;183198;428959;;;;;;;;;Lucht;62464.573986527;;;183198;428959
965;ER Reeks 1990-2022 Definitief;2022;523;Methaan;11;Riolering en waterzuiveringsinstallaties;pub_1102;Energiegebruik en processen Riolering en waterzuiveringsinstallaties;RWZI Kootstertille;203700;582200;;;;;;;;;Lucht;8672.042325;;;203700;582200
966;ER Reeks 1990-2022 Definitief;2022;523;Methaan;11;Riolering en waterzuiveringsinstallaties;pub_1102;Energiegebruik en processen Riolering en waterzuiveringsinstallaties;RWZI Waalwijk;133200;413700;;;;;;;;;Lucht;14513.8347105634;;;133200;413700
967;ER Reeks 1990-2022 Definitief;2022;523;Methaan;11;Riolering en waterzuiveringsinstallaties;pub_1102;Energiegebruik en processen Riolering en waterzuiveringsinstallaties;RWZI Soest;148929;467260;;;;;;;;;Lucht;19137.67065;;;148929;467260
968;ER Reeks 1990-2022 Definitief;2022;523;Methaan;11;Riolering en waterzuiveringsinstallaties;pub_1102;Energiegebruik en processen Riolering en waterzuiveringsinstallaties;RWZI Venray;196713;395958;;;;;;;;;Lucht;7053.15674201158;;;196713;395958
969;ER Reeks 1990-2022 Definitief;2022;523;Methaan;11;Riolering en waterzuiveringsinstallaties;pub_1102;Energiegebruik en processen Riolering en waterzuiveringsinstallaties;RWZI Rhenen;164900;442800;;;;;;;;;Lucht;9102.7504375;;;164900;442800
970;ER Reeks 1990-2022 Definitief;2022;523;Methaan;11;Riolering en waterzuiveringsinstallaties;pub_1102;Energiegebruik en processen Riolering en waterzuiveringsinstallaties;RWZI Lemmer;176200;541600;;;;;;;;;Lucht;3005.099625;;;176200;541600
971;ER Reeks 1990-2022 Definitief;2022;523;Methaan;11;Riolering en waterzuiveringsinstallaties;pub_1102;Energiegebruik en processen Riolering en waterzuiveringsinstallaties;RWZI Holten;225000;473300;;;;;;;;;Lucht;9885.8621469625;;;225000;473300
972;ER Reeks 1990-2022 Definitief;2022;523;Methaan;11;Riolering en waterzuiveringsinstallaties;pub_1102;Energiegebruik en processen Riolering en waterzuiveringsinstallaties;RWZI Dongemond;117927;409666;;;;;;;;;Lucht;24592.7328541424;;;117927;409666
973;ER Reeks 1990-2022 Definitief;2022;523;Methaan;11;Riolering en waterzuiveringsinstallaties;pub_1102;Energiegebruik en processen Riolering en waterzuiveringsinstallaties;RWZI Stolwijk;112400;443700;;;;;;;;;Lucht;1184.5758;;;112400;443700
974;ER Reeks 1990-2022 Definitief;2022;523;Methaan;11;Riolering en waterzuiveringsinstallaties;pub_1102;Energiegebruik en processen Riolering en waterzuiveringsinstallaties;RWZI Uithoorn;117073;472559;;;;;;;;;Lucht;4353.2516125;;;117073;472559
975;ER Reeks 1990-2022 Definitief;2022;523;Methaan;5;Energiesector;pub_0503;Opwekking electriciteit;Eneco Warmteproductie Utrecht B.V.;133894;457010;133891.0;457012.0;64.0;;;23.0;;32.392;Lucht;1440.0;133891.0;457012.0;133894;457010
976;ER Reeks 1990-2022 Definitief;2022;523;Methaan;5;Energiesector;pub_0503;Opwekking electriciteit;Eneco Solar. Bio & Hydro BV. WKC Ypenburg;85471;452540;85455.0;452580.0;20.0;;;0.28;;0.302;Lucht;523.8;85455.0;452580.0;85471;452540
977;ER Reeks 1990-2022 Definitief;2022;523;Methaan;5;Energiesector;pub_0502;Olie- gaswinning land;Gasunie (Spijk);253587;603833;253514.0;603833.0;9.0;;;0.95;;4.082;Lucht;2.0;253514.0;603833.0;253587;603833
978;ER Reeks 1990-2022 Definitief;2022;523;Methaan;5;Energiesector;pub_0503;Opwekking electriciteit;E.On Generations Den Haag;79821;454750;79780.0;454810.0;40.0;;;0.5;;0.7;Lucht;70.8;79780.0;454810.0;79821;454750
979;ER Reeks 1990-2022 Definitief;2022;523;Methaan;5;Energiesector;pub_0502;Olie- gaswinning land;Gasunie (Ravenstein);173928;421577;173928.0;421577.0;13.0;;;11.67;;16.788;Lucht;88.0;173928.0;421577.0;173928;421577
980;ER Reeks 1990-2022 Definitief;2022;523;Methaan;5;Energiesector;pub_0502;Olie- gaswinning land;Gasunie (Spijk);253587;603833;253528.0;603814.0;9.0;;;0.95;;5.072704;Lucht;2.0;253528.0;603814.0;253587;603833
981;ER Reeks 1990-2022 Definitief;2022;523;Methaan;5;Energiesector;pub_0503;Opwekking electriciteit;Nuon Power Projects 1 BV (Eemshaven);252795;607838;252485.0;608011.0;85.0;;;37.4;;18.409;Lucht;400.0;252485.0;608011.0;252795;607838
982;ER Reeks 1990-2022 Definitief;2022;523;Methaan;5;Energiesector;pub_0502;Olie- gaswinning land;Gasunie (Spijk);253587;603833;253574.0;603874.0;14.0;;;0.4;;1.645475;Lucht;1701.0;253574.0;603874.0;253587;603833
983;ER Reeks 1990-2022 Definitief;2022;523;Methaan;4;Raffinaderijen;pub_0401;Raffinage en verwerking;BP Rotterdam Refinery;67036;440390;66928.0;439971.0;65.0;;;7.0;;7.85;Lucht;3264.6;66928.0;439971.0;67036;440390
984;ER Reeks 1990-2022 Definitief;2022;523;Methaan;4;Raffinaderijen;pub_0401;Raffinage en verwerking;Shell Nederland Raffinaderij BV;82574;432924;83100.0;433050.0;85.0;;;0.79;;1.21;Lucht;96.0;83100.0;433050.0;82574;432924
985;ER Reeks 1990-2022 Definitief;2022;523;Methaan;4;Raffinaderijen;pub_0401;Raffinage en verwerking;Gunvor Petroleum Europoort B.V.;71000;439203;71373.0;439087.0;153.0;;;16.6;;6.375;Lucht;1444.181999999999;71373.0;439087.0;71000;439203
986;ER Reeks 1990-2022 Definitief;2022;523;Methaan;4;Raffinaderijen;pub_0401;Raffinage en verwerking;Shell Nederland Raffinaderij BV;82574;432924;82574.0;432924.0;80.0;;;0.5;;1.727;Lucht;294.00000000000006;82574.0;432924.0;82574;432924
987;ER Reeks 1990-2022 Definitief;2022;523;Methaan;4;Raffinaderijen;pub_0401;Raffinage en verwerking;Shell Nederland Raffinaderij BV;82574;432924;82830.0;432370.0;75.0;;;0.95;;0.322;Lucht;56.0;82830.0;432370.0;82574;432924
988;ER Reeks 1990-2022 Definitief;2022;523;Methaan;4;Raffinaderijen;pub_0401;Raffinage en verwerking;BP Rotterdam Refinery;67036;440390;67100.0;440550.0;55.0;;;0.3;;9.6;Lucht;25960.8;67100.0;440550.0;67036;440390
989;ER Reeks 1990-2022 Definitief;2022;523;Methaan;4;Raffinaderijen;pub_0401;Raffinage en verwerking;Shell Nederland Raffinaderij BV;82574;432924;82565.0;433101.0;60.0;;;2.14;;5.71;Lucht;4390.0;82565.0;433101.0;82574;432924
990;ER Reeks 1990-2022 Definitief;2022;523;Methaan;9;Afvalverwijdering;pub_0901;AVI's;SUEZ ReEnergy Roosendaal;89550;395830;89550.0;395830.0;80.0;;;1.8;;5.922;Lucht;211.53342219192;89550.0;395830.0;89550;395830
991;ER Reeks 1990-2022 Definitief;2022;523;Methaan;9;Afvalverwijdering;pub_0901;AVI's;Inter-Che-M BV;178673;429681;178715.0;429708.0;8.0;;;0.0312;;0.008;Lucht;7.56;178715.0;429708.0;178673;429681
992;ER Reeks 1990-2022 Definitief;2022;523;Methaan;9;Afvalverwijdering;pub_0901;AVI's;AVR Afvalverwerking BV (Duiven);197134;442636;197134.0;442636.0;90.0;;;2.54;;2.307;Lucht;839.634;197134.0;442636.0;197134;442636
993;ER Reeks 1990-2022 Definitief;2022;523;Methaan;9;Afvalverwijdering;pub_0901;AVI's;Inter-Che-M BV;178673;429681;178671.0;429759.0;7.0;;;0.0264;;0.0;Lucht;2.3376;178671.0;429759.0;178673;429681
994;ER Reeks 1990-2022 Definitief;2022;523;Methaan;9;Afvalverwijdering;pub_0901;AVI's;HVC (Alkmaar);112698;513765;112698.0;513765.0;80.0;;;4.15;;2.801;Lucht;168.444;112698.0;513765.0;112698;513765
995;ER Reeks 1990-2022 Definitief;2022;523;Methaan;2;Overige industrie;pub_0211;Papier(waren);Sappi Maastricht BV;176620;318700;176620.0;318700.0;35.0;;;0.38;;0.001;Lucht;0.0018;176620.0;318700.0;176620;318700
996;ER Reeks 1990-2022 Definitief;2022;523;Methaan;2;Overige industrie;pub_0201;Basismetaal;Nyrstar Budel BV;169900;361000;169900.0;361000.0;5.0;;;0.0;;0.0;Lucht;82.0;169900.0;361000.0;169900;361000
997;ER Reeks 1990-2022 Definitief;2022;523;Methaan;2;Overige industrie;pub_0216;Voedings- en genotmiddelenindustrie;FrieslandCampina Veghel (DMV International);164550;402920;164500.0;402950.0;16.0;0.0;0.0;0.0;;1.186;Lucht;2326.8;164500.0;402950.0;164550;402920
998;ER Reeks 1990-2022 Definitief;2022;523;Methaan;2;Overige industrie;pub_0201;Basismetaal;Tata Steel IJmuiden BV;100985;499055;102366.0;499739.0;3.0;50.0;50.0;2500.0;;1.0;Lucht;664.3032;102366.0;499739.0;100985;499055
999;ER Reeks 1990-2022 Definitief;2022;523;Methaan;2;Overige industrie;pub_0216;Voedings- en genotmiddelenindustrie;Sime Darby Unimills B.V.;103500;424600;103382.0;424452.0;29.0;0.0;0.0;0.0;;0.293;Lucht;168.6;103382.0;424452.0;103500;424600
1000;ER Reeks 1990-2022 Definitief;2022;523;Methaan;2;Overige industrie;pub_0201;Basismetaal;Tata Steel IJmuiden BV;100985;499055;102127.0;498905.0;1.0;;;1.0;;0.001;Lucht;3065.79;102127.0;498905.0;100985;499055
1001;ER Reeks 1990-2022 Definitief;2022;523;Methaan;2;Overige industrie;pub_0211;Papier(waren);ESKA Graphic Board BV (Sappemeer);249900;575960;249880.0;576060.0;25.0;;;2.0;;1.195;Lucht;2143.8;249880.0;576060.0;249900;575960
1002;ER Reeks 1990-2022 Definitief;2022;523;Methaan;2;Overige industrie;pub_0216;Voedings- en genotmiddelenindustrie;Sime Darby Unimills B.V.;103500;424600;103360.0;424481.0;29.0;0.0;0.0;0.0;;0.196;Lucht;58.2;103360.0;424481.0;103500;424600
1003;ER Reeks 1990-2022 Definitief;2022;523;Methaan;2;Overige industrie;pub_0216;Voedings- en genotmiddelenindustrie;FrieslandCampina Veghel (DMV International);164550;402920;164550.0;402950.0;11.0;;;0.0;;0.322;Lucht;568.2;164550.0;402950.0;164550;402920
1004;ER Reeks 1990-2022 Definitief;2022;523;Methaan;2;Overige industrie;pub_0216;Voedings- en genotmiddelenindustrie;Aviko BV;210103;453484;210125.0;453550.0;16.0;;;0.5;;5.0;Lucht;226.8;210125.0;453550.0;210103;453484
1005;ER Reeks 1990-2022 Definitief;2022;523;Methaan;2;Overige industrie;pub_0201;Basismetaal;Tata Steel IJmuiden BV;100985;499055;101266.0;499003.0;150.0;;;25.12;;24.561;Lucht;169014.76026892;101266.0;499003.0;100985;499055
1006;ER Reeks 1990-2022 Definitief;2022;523;Methaan;2;Overige industrie;pub_0211;Papier(waren);WEPA Nederland B.V.;199937;360577;199845.0;360501.0;13.0;0.0;0.0;0.0;;0.2;Lucht;569.4;199845.0;360501.0;199937;360577
1007;ER Reeks 1990-2022 Definitief;2022;523;Methaan;2;Overige industrie;pub_0201;Basismetaal;Tata Steel IJmuiden BV;100985;499055;102950.0;499457.0;37.0;;;1.76625;;1.576;Lucht;195.121;102950.0;499457.0;100985;499055
1008;ER Reeks 1990-2022 Definitief;2022;523;Methaan;2;Overige industrie;pub_0216;Voedings- en genotmiddelenindustrie;Avebe u.a. (Ter Apelkanaal);266540;549498;266660.0;549552.0;30.0;;;0.79;;0.134;Lucht;495.0;266660.0;549552.0;266540;549498
1009;ER Reeks 1990-2022 Definitief;2022;523;Methaan;2;Overige industrie;pub_0211;Papier(waren);BN International BV;145000;479450;145144.0;479491.0;15.0;;;0.44179;;0.082;Lucht;178.8;145144.0;479491.0;145000;479450
1010;ER Reeks 1990-2022 Definitief;2022;523;Methaan;2;Overige industrie;pub_0201;Basismetaal;Tata Steel IJmuiden BV;100985;499055;101429.0;499702.0;80.0;;;3.3912;;0.228;Lucht;7.50451;101429.0;499702.0;100985;499055
1011;ER Reeks 1990-2022 Definitief;2022;523;Methaan;2;Overige industrie;pub_0210;Metaalelektro;Van Merksteijn International BV;238760;487181;238954.0;487528.0;9.0;;;0.28;;0.001;Lucht;1080.0;238954.0;487528.0;238760;487181
1012;ER Reeks 1990-2022 Definitief;2022;523;Methaan;2;Overige industrie;pub_0216;Voedings- en genotmiddelenindustrie;Suiker Unie Vierverlaten;229011;581366;229000.0;581420.0;27.0;;;0.0;;0.159;Lucht;4888.83;229000.0;581420.0;229011;581366
1013;ER Reeks 1990-2022 Definitief;2022;523;Methaan;2;Overige industrie;pub_0216;Voedings- en genotmiddelenindustrie;Cargill Benelux BV;44338;361919;44338.0;361919.0;9.0;;;3.0;;6.5;Lucht;1259.4;44338.0;361919.0;44338;361919
1014;ER Reeks 1990-2022 Definitief;2022;523;Methaan;2;Overige industrie;pub_0210;Metaalelektro;Ardagh Metal Beverage Netherlands BV;165900;419700;165900.0;419700.0;18.0;;;1.8;;0.6;Lucht;649.8;165900.0;419700.0;165900;419700
1015;ER Reeks 1990-2022 Definitief;2022;523;Methaan;2;Overige industrie;pub_0216;Voedings- en genotmiddelenindustrie;Heineken Nederland BV (Zoeterwoude);97050;461400;97050.0;461400.0;25.0;;;0.0;;0.0;Lucht;123.42;97050.0;461400.0;97050;461400
1016;ER Reeks 1990-2022 Definitief;2022;523;Methaan;2;Overige industrie;pub_0211;Papier(waren);Solidus Solutions Board B.V. (Hoogkerk);229850;581350;229850.0;581350.0;13.0;1.0;1.0;0.64;;0.259;Lucht;568.8;229850.0;581350.0;229850;581350
1017;ER Reeks 1990-2022 Definitief;2022;523;Methaan;2;Overige industrie;pub_0216;Voedings- en genotmiddelenindustrie;Cargill Benelux BV;44338;361919;44199.0;362135.0;7.0;;;2.54;;6.0;Lucht;542.88;44199.0;362135.0;44338;361919
1018;ER Reeks 1990-2022 Definitief;2022;523;Methaan;2;Overige industrie;pub_0216;Voedings- en genotmiddelenindustrie;Cargill Benelux BV;44338;361919;44338.0;361919.0;23.0;;;4.0;;6.211;Lucht;3508.32;44338.0;361919.0;44338;361919
1019;ER Reeks 1990-2022 Definitief;2022;523;Methaan;2;Overige industrie;pub_0201;Basismetaal;Tata Steel IJmuiden BV;100985;499055;102721.0;501436.0;40.0;;;2.83385;;1.289;Lucht;110.25089265;102721.0;501436.0;100985;499055
1020;ER Reeks 1990-2022 Definitief;2022;523;Methaan;2;Overige industrie;pub_0201;Basismetaal;Aurubis Netherlands B.V.;211100;463650;211007.0;463645.0;40.0;0.0;0.0;0.6;0.0;0.125;Lucht;33.3;211007.0;463645.0;211100;463650
1021;ER Reeks 1990-2022 Definitief;2022;523;Methaan;6;Verkeer en vervoer;pub_0603;Luchtvaart;Vliegveld Luchthaven Eelde;235230;571295;;;;;;;;;Lucht;155.99795333252035;;;235230;571295
1022;ER Reeks 1990-2022 Definitief;2022;523;Methaan;6;Verkeer en vervoer;pub_0603;Luchtvaart;Vliegveld Hilversum;138750;466750;;;;;;;;;Lucht;92.44761334989808;;;138750;466750
1023;ER Reeks 1990-2022 Definitief;2022;523;Methaan;6;Verkeer en vervoer;pub_0603;Luchtvaart;Vliegveld Lelystad;163750;496250;;;;;;;;;Lucht;206.39002111242647;;;163750;496250
1024;ER Reeks 1990-2022 Definitief;2022;523;Methaan;3;Chemische Industrie;pub_0301;Chemische Industrie basisproducten;Chemelot Site Permit BV;183732;332404;183691.0;330562.0;80.0;;;1.0;;0.0;Lucht;474.0;183691.0;330562.0;183732;332404
1025;ER Reeks 1990-2022 Definitief;2022;523;Methaan;3;Chemische Industrie;pub_0304;Chemische Industrie overig;Intern. Flav. & Fragranc. I.F.F. BV;131469;399574;131950.0;399660.0;15.0;;;0.0;;1.49;Lucht;69.0;131950.0;399660.0;131469;399574
1026;ER Reeks 1990-2022 Definitief;2022;523;Methaan;3;Chemische Industrie;pub_0301;Chemische Industrie basisproducten;Shell Nederland Chemie BV (Pernis);84625;433319;83830.0;433480.0;24.0;;;0.0;;2.3;Lucht;12.0;83830.0;433480.0;84625;433319
1027;ER Reeks 1990-2022 Definitief;2022;523;Methaan;3;Chemische Industrie;pub_0304;Chemische Industrie overig;Quaker Chemical BV;117100;472350;117100.0;472350.0;5.0;;;0.0;;0.0;Lucht;208.8;117100.0;472350.0;117100;472350
1028;ER Reeks 1990-2022 Definitief;2022;523;Methaan;3;Chemische Industrie;pub_0301;Chemische Industrie basisproducten;Croda;108400;446500;108439.0;446651.0;22.0;;;0.05;;0.036;Lucht;58.005299469467;108439.0;446651.0;108400;446500
1029;ER Reeks 1990-2022 Definitief;2022;523;Methaan;3;Chemische Industrie;pub_0301;Chemische Industrie basisproducten;Chemelot Site Permit BV;183732;332404;183732.0;332404.0;0.0;;;0.0;;6.5e-08;Lucht;3591.0;183732.0;332404.0;183732;332404
1030;ER Reeks 1990-2022 Definitief;2022;523;Methaan;3;Chemische Industrie;pub_0301;Chemische Industrie basisproducten;Lyondell Chemie Nederland BV;76900;433220;76950.0;433310.0;33.0;;;2.8;;3.824;Lucht;735.8400000000001;76950.0;433310.0;76900;433220
1031;ER Reeks 1990-2022 Definitief;2022;523;Methaan;3;Chemische Industrie;pub_0301;Chemische Industrie basisproducten;Air Products Nederland BV (Pernis);79259;431845;79259.0;431845.0;50.0;;;71.0;;9.5;Lucht;7123.0;79259.0;431845.0;79259;431845
1032;ER Reeks 1990-2022 Definitief;2022;523;Methaan;3;Chemische Industrie;pub_0301;Chemische Industrie basisproducten;Shell Nederland Chemie BV (Moerdijk);97946;411331;97905.0;410858.0;60.0;;;0.68;;1.815;Lucht;80.84830397249503;97905.0;410858.0;97946;411331
1033;ER Reeks 1990-2022 Definitief;2022;523;Methaan;3;Chemische Industrie;pub_0301;Chemische Industrie basisproducten;Dow Benelux BV (Hoek);43193;373788;42830.0;373480.0;5.0;;;160.0;;0.001;Lucht;734.5;42830.0;373480.0;43193;373788
1034;ER Reeks 1990-2022 Definitief;2022;523;Methaan;3;Chemische Industrie;pub_0301;Chemische Industrie basisproducten;Dow Benelux BV (Hoek);43193;373788;43481.0;373669.0;30.0;;;0.2;;0.001;Lucht;2215.0;43481.0;373669.0;43193;373788
1035;ER Reeks 1990-2022 Definitief;2022;523;Methaan;3;Chemische Industrie;pub_0301;Chemische Industrie basisproducten;Croda;108400;446500;108497.0;446404.0;3.0;;;0.008;;0.035;Lucht;4.48804272140627;108497.0;446404.0;108400;446500
1036;ER Reeks 1990-2022 Definitief;2022;523;Methaan;3;Chemische Industrie;pub_0301;Chemische Industrie basisproducten;Ducor Petrochemicals B.V.;76311;434104;76250.0;434200.0;12.0;11.0;11.0;120.0;;1.0;Lucht;469.7;76250.0;434200.0;76311;434104
1037;ER Reeks 1990-2022 Definitief;2022;523;Methaan;3;Chemische Industrie;pub_0301;Chemische Industrie basisproducten;Chemelot Site Permit BV;183732;332404;183900.0;330930.0;60.0;;;1.0;;0.444347995;Lucht;9.0;183900.0;330930.0;183732;332404
1038;ER Reeks 1990-2022 Definitief;2022;523;Methaan;3;Chemische Industrie;pub_0301;Chemische Industrie basisproducten;ExxonMobil Chemical Holland BV (ROP van RPI);72300;438500;72320.0;438505.0;29.0;;;0.0;;0.004;Lucht;634.88;72320.0;438505.0;72300;438500
1039;ER Reeks 1990-2022 Definitief;2022;523;Methaan;3;Chemische Industrie;pub_0301;Chemische Industrie basisproducten;ExxonMobil Chemical Holland BV (ROP van RPI);72300;438500;72300.0;438500.0;5.0;;;0.0;;0.0;Lucht;952.32;72300.0;438500.0;72300;438500
1040;ER Reeks 1990-2022 Definitief;2022;523;Methaan;3;Chemische Industrie;pub_0301;Chemische Industrie basisproducten;Dow Benelux BV (Hoek);43193;373788;43150.0;374040.0;5.0;;;0.0;;0.001;Lucht;0.4;43150.0;374040.0;43193;373788
1041;ER Reeks 1990-2022 Definitief;2022;523;Methaan;3;Chemische Industrie;pub_0301;Chemische Industrie basisproducten;Nobian Industrial Chemicals BV (Botlek);78660;432300;78650.0;432120.0;30.0;;;0.0;;13.099;Lucht;3668.151294476463;78650.0;432120.0;78660;432300
1042;ER Reeks 1990-2022 Definitief;2022;523;Methaan;3;Chemische Industrie;pub_0301;Chemische Industrie basisproducten;Chemelot Site Permit BV;183732;332404;183470.0;330100.0;5.0;;;0.0;;7.8e-08;Lucht;3119.0;183470.0;330100.0;183732;332404
1043;ER Reeks 1990-2022 Definitief;2022;523;Methaan;3;Chemische Industrie;pub_0301;Chemische Industrie basisproducten;Chemelot Site Permit BV;183732;332404;183436.0;332095.0;6.0;;;0.08;;0.0;Lucht;890.0;183436.0;332095.0;183732;332404
1044;ER Reeks 1990-2022 Definitief;2022;523;Methaan;3;Chemische Industrie;pub_0301;Chemische Industrie basisproducten;Nouryon Functional Chemicals BV;202300;352150;202270.0;352064.0;12.0;;;0.1;;0.032;Lucht;12.0;202270.0;352064.0;202300;352150
1045;ER Reeks 1990-2022 Definitief;2022;523;Methaan;3;Chemische Industrie;pub_0301;Chemische Industrie basisproducten;Shell Nederland Chemie BV (Pernis);84625;433319;84886.0;433171.0;80.0;;;0.0;;5.2;Lucht;23716.99999999997;84886.0;433171.0;84625;433319
1046;ER Reeks 1990-2022 Definitief;2022;523;Methaan;3;Chemische Industrie;pub_0301;Chemische Industrie basisproducten;Chemelot Site Permit BV;183732;332404;183472.0;332273.0;20.0;;;0.2;;0.004967235;Lucht;1386.0;183472.0;332273.0;183732;332404
1047;ER Reeks 1990-2022 Definitief;2022;523;Methaan;3;Chemische Industrie;pub_0301;Chemische Industrie basisproducten;BASF Nederland BV Catalysts;132150;454100;132173.0;454088.0;30.0;;;1.0;;0.679;Lucht;107165.0;132173.0;454088.0;132150;454100
1048;ER Reeks 1990-2022 Definitief;2022;523;Methaan;3;Chemische Industrie;pub_0301;Chemische Industrie basisproducten;Synthos Breda B.V.;111661;402540;111661.0;402540.0;25.0;;;0.0;;3.8;Lucht;119.724138917143;111661.0;402540.0;111661;402540
1049;ER Reeks 1990-2022 Definitief;2022;523;Methaan;3;Chemische Industrie;pub_0301;Chemische Industrie basisproducten;Dow Benelux BV (Hoek);43193;373788;43958.0;373355.0;10.0;;;1.0;;0.001;Lucht;13.4;43958.0;373355.0;43193;373788
1050;ER Reeks 1990-2022 Definitief;2022;523;Methaan;3;Chemische Industrie;pub_0301;Chemische Industrie basisproducten;Shell Nederland Chemie BV (Pernis);84625;433319;85140.0;433390.0;24.0;;;0.0;;2.9;Lucht;15.0;85140.0;433390.0;84625;433319
1051;ER Reeks 1990-2022 Definitief;2022;523;Methaan;3;Chemische Industrie;pub_0301;Chemische Industrie basisproducten;Kemira Chemicals BV;72350;437418;72350.0;437418.0;9.0;;;0.18;;0.042;Lucht;145.2;72350.0;437418.0;72350;437418
1052;ER Reeks 1990-2022 Definitief;2022;523;Methaan;3;Chemische Industrie;pub_0301;Chemische Industrie basisproducten;Allnex Netherlands B.V.;77249;391375;77365.0;391311.0;15.0;0.0;0.0;0.6;0.0;0.003;Lucht;1.716;77365.0;391311.0;77249;391375
1053;ER Reeks 1990-2022 Definitief;2022;523;Methaan;3;Chemische Industrie;pub_0301;Chemische Industrie basisproducten;Shell Nederland Chemie BV (Moerdijk);97946;411331;97565.0;410729.0;40.0;;;283.0;;8.846;Lucht;6053.000000000001;97565.0;410729.0;97946;411331
1054;ER Reeks 1990-2022 Definitief;2022;523;Methaan;3;Chemische Industrie;pub_0301;Chemische Industrie basisproducten;SABIC Innovative Plastics BV;76463;391896;76480.0;391959.0;15.0;;;50.0;;1.541;Lucht;2508.0;76480.0;391959.0;76463;391896
1055;ER Reeks 1990-2022 Definitief;2022;523;Methaan;3;Chemische Industrie;pub_0304;Chemische Industrie overig;Dr. W. Kolb Nederland BV;97724;409683;97816.0;409804.0;8.0;;;1.96;;0.18;Lucht;270.4;97816.0;409804.0;97724;409683
